user,review,rating,app,word_count,is_spam_candidate,label,,,
Thị Ngọc Anh Trần,mã giảm giá cứ không dùng được có xoá rồi tải lại cũng kh dùng được rất mệt,1,Shopee,18,TRUE,negative,,negative,1206
Quốc Phẩm Trần,"hàng cả tháng không giao , không hủy , giữ hàng do đã thanh toán trước , liên hệ tổng đài thì bận miết , ntin tự động ko thèm giải quyết",1,Sendo,32,TRUE,negative,,positive,249
lâm vũ,tồi tệ lần đầu đặt hàng kêu xác thực số điện thoại mà đến lúc đồng ý đợi mã thì không gửi về máy lần thứ 2 thì kêu số điện thoại không được lỗi nhờ hỗ trợ thì không đúng làm ăn như cak,1,Shopee,45,TRUE,negative,,other,207
Thị Oanh Nguyễn,<3😍😍😍😍,1,Sendo,1,TRUE,other,,neutral,662
Lê song thương,số điện thoại thì k đặt dược.đăng nhập bằng facebook hoặc google thì phải xác minh số điện thoại.xác minh xong r thì lại có lỗi bay nik luôn.thề bất lực,1,Shopee,31,TRUE,negative,,,
Ngọc Nguyễn bt21,tự nhiên bắt nhập cccd vậy shop định đi theo zalo hay gì🙄🙄🙄,1,Shopee,13,TRUE,negative,,,
Hoài Phương Nguyễn,"làm ăn rất không chuyên nghiệp, làm sai đơn, tự sửa lại thì sửa theo hướng có lợi cho mình. liên hệ thì không có người tiếp nhận",1,Tiki,28,TRUE,negative,,,
Đinh Thị vui,sử dụng mã giảm giá mà cứ báo lỗi không dùng được,1,Shopee,12,TRUE,negative,,,
Gia Hân,"người mới mà ko sài đc mã giảm giá ưu đãi, freeship thì ko có, chán tiki ghê, có shopee là nhất thôi",1,Tiki,23,TRUE,negative,,,
Ái Như Nguyễn Thị,"đặt bản đặc biệt giao bản thường,liên hệ để đổi trả thì ko ai giải quyết,nhắn tin cho shop thì shop seen ko rep.nói chung dịch vụ tệ hại.ko bao giờ mua ở tiki",1,Tiki,34,TRUE,negative,,,
Nhớ Hathikieu,"hôm nay 15/1/2026 ngày săn sale, nhưng mà cập nhật rồi vẫn mua hàng k được là sao ta? mặc dù 4g của mình vẫn hoạt động mua hàng ở những trang khác bình thường, còn vô shopee thì cứ quay, hoạt nhấn vô mua hàng k được, bực cả mình......😡😡😡😡😡",1,Shopee,51,TRUE,negative,,,
Minh Hải Nguyễn,cái dit cứ tải dùng là y như rằng quảng cáo từa lưa ko hứng thú đã tắt thông thì khi vào lại cứ bắt bật thông báo để nhận thông báo về đơn hàng nó chứ voucher card dell j giảm 80k cho đơn hàng đầu tiên dùng thì cứ tới bước thanh toán là y như rằng xác minh robot xong tới xác minh sđt cái dit ko cho phúc lợi thì thôi chứ du móa cho r tới bước cuối thanh toán xác minh tất thì vừa xác minh sđt thì mọe cái đơn hàng vs cái voucher bốc hơi vào thì xem voucher đã dùng mà đơn hàng ko có trg lịch sử mua,1,Shopee,118,TRUE,negative,,,
Huy Trần,"ủa có làm gì đâu mà tài khoản có dấu hiệu bất thường , đùa nhau à ??????? cho 1 sao",1,Shopee,21,TRUE,negative,,,
Dạo Phố,"____một trãi nghiệm tồi tệ_____ - đặt hàng xong thanh toán zalo, momo,...shop nó không có hàng nó treo đơn 1 tháng cũng không cho hủy luôn, tiền cũng dính đó luôn. vừa đặt tí xíu xác nhận thì cũng không hủy được. - thanh toán trước mà hủy hoặc shop nó treo cả tháng bị hủy ên cũng không hoàn tiền ngay về zalo momo luôn, đợi cả tuần hơn nữa. tóm lại phương thức thanh toán cố ý giữ tiền người mua. học shopee đi kìa",1,Sendo,88,TRUE,negative,,,
Điền Phúc,"bị gì không xác thực số điện thoại được,lỗi tùm lum,đã điện chăm sóc khách hàng cũng không hỗ trợ được",1,Shopee,21,TRUE,negative,,,
Hiệp Nguyễn,mua hàng xong cũng đ' thấy support nhắn tin lại luôn,1,Lazada,11,TRUE,negative,,,
Nhi Nhi,"tôi đặt hàng về tủ nhận hàng hàng đã đến trạm đc 1 ngày nhưng không giao không liên hệ không gửi vào tủ cũng không liên hệ và tự ý báo hủy hàng do giao không thành công rồi hoàn tiền, nhân viên chăm sóc khách hàng tên trường không tận tình chỉ xin lỗi qua loa. đây không phải lần đầu bị hủy vô cớ và cũng bảo xử lí với bưu cục kết quả như thế nầy",1,Shopee,80,TRUE,negative,,,
Hoàng Anh,"ship đắt, hàng dỏm nhiều, giao diện k đẹp mắt, mã giảm giá ít, mã freeship k còn như trước nên ship vẫn đắt, thay vì bỏ tiền chạy quảng cáo hãy quan tâm đến lợi ích khách hàng nhiều hơn😭😭",1,Lazada,41,TRUE,negative,,,
Thị Ngọc Diệp Uông,👍👍👍,1,Tiki,1,TRUE,other,,,
Hưng Phúc,có thể tạo nhiều acc trong 1 số điện thoại đc z,1,Lazada,12,TRUE,neutral,,,
Thai quang Dinh,dẹp bỏ mẹ đi một số điện thoại không cho đăng nhập các tài khoản tiếp tục mua sắm mà phải bắt lấy số điện thoại khác kiêu đăng nhập mới tiếp tục mua sắm. dẹp bỏ mẹ đi,1,Tiki,39,TRUE,negative,,,
Tuấn Huy,app riết tệ hơn chữ tệ.đặt mua hàng shop giam đơn k hủy cũng k giao.tính liên hệ lzd nhờ hối thúc mà toàn gặp chat tự động. k thể liên hệ tổng đài viên. đơn thì thanh toán r mà ngâm gần 1 tháng trời.lzd k có chính sách hối thúc các shop làm ăn z thì ng mua bye bye app hết,1,Lazada,64,TRUE,negative,,,
Thị Hồng Đoàn,"acc mới hoàn toàn (sđt cũng mới ) mà k đặt được hàng , toàn hiện m02. làm ơn khoá mấy shop làm ăn vô lương tâm đi , khi hủy nhiều đơn do shop không cbi được hàng thì khoá luôn shop đó giúp cái",1,Shopee,46,TRUE,negative,,,
Joe Nguyen,"đăng 1 đàng bán 1 nẻo, không kiểm soát nổi người bán thì ...... ai mà dám mua",1,Tiki,18,TRUE,negative,,,
Thuỵ Hoàng Thảo Nguyễn,"lazada khó không đúng cách, shop pee chỉ cần đăng ký bằng gmail là vô mua sắm, mới tải lazada thử đăng ký khó khăn rõ ràng nhập sđt và gửi mã qua sđt và nhập vào rồi vậy mà để khóa tài khoản trong khi chưa có tài khoản gọi lên tổng đài báo rồi vẫn không biết xử lý luôn, hèn gì ra đường không thấy lazada toàn thấy shop pee, nên xem xét lại coi khó khăn không đúng cách",1,Lazada,83,TRUE,negative,,,
Lê Nguyễn Thiên Mẫn,làm ăn sống nhăn mới vua2f đặt ko cho hủy mình lộn sđt nên định hủy kiếm lòi con mắt ko ra chỗ hủy,1,Tiki,24,TRUE,negative,,,
Phạm Lâm,"đánh giá 0 sao, hủy đơn hàng của khách 0 báo lý do, 0 hoàn lại đầy đủ mã giảm giá cho khách, 0 phản hồi lại các khiếu nại cho khách hàng",1,Tiki,33,TRUE,negative,,,
Nghi Nguyễn,tải về sài thử mà mua cái gì cũng giá trên trời chả có mã giảm giá hay j cả điểm danh thì không được nói thật ko bằng 1 góc của shope,1,Lazada,33,TRUE,,,,
trần hoàng,đặt hàng rất mất thời gian. đặt hàng xong theo dõi đơn hàng và không hề thấy ai liên hệ giao hàng nhưng trạng thái luôn cập nhật giao hàng không thành công. sau 1 tuần đợi giao hàng và không giao tiếp tục đợi hàng hoàn về kho sau đó phải đợi 5-7 ngày để hoàn tiền lại. không bao giờ đặt hàng bên tiki nữa.,1,Tiki,67,TRUE,,,,
Hiển Lê,giao quá ngày gần 2tuần mà ko í ới j hàng chất lượng kém treo đầu dê bán thịt chó đó là những gian hàng ko nên có mong tiki dẹp ik hộ cho người mua uy tín tí chứ lm ăn kiểu này sẽ giảm sút tăng thu muốn liên hệ tư vấn phức tạp mn nên chuyển sang app khác lời khuyên chân thành từ mk đã gặp vấn đề 2 lần vs đơn hàng rồi 1lần thì thôi bỏ đc còn lần thứ 2 tao xóa lun,1,Tiki,90,TRUE,,,,
Mỹ Nguyễn,mới đầu mình dùng lazada thấy rất ok về sau bây giờ rất chán vì ship thì tăng mã giảm giá thì lung tung và cảm giác lazada giờ k bằng 1phần của shop bi nữa.mình từng là 1 ng sửa dụng lazada rất nhiều và 98% là đặt qua lazada giờ mình k sdung nữa vì ứng dụng ngày càng đi xuống.mình mong lazada có thể khắc phục,1,Lazada,69,TRUE,,,,
Hưng Phúc,1 số điện thoại không dùng cho 2 tài khoản đc,1,Tiki,11,TRUE,,,,
Dạo Buôn,chắc xóa thôi nhân viên giao hàng k gọi đã hủy đơn zuiiiiii,1,Shopee,13,TRUE,,,,
Mad Cuong,"mua hàng cho thanh toán bằng zalopay thì hoàn tiền về lại zalopay cho người ta , sao lại giam tiền về senpay gì kỳ vậy .",1,Sendo,27,TRUE,,,,
Văn Thiệp Huỳnh,"mua đồ không cho kiểm hàng. nhắn tin shop thì không thấy trả lời. tìm đến với nhân viên thì lại cho nói chuyện với rô bốt. tao nói thiệt dù tụi bây ra khuyến mãi số đỏ số gì đi nữa để tìm kiếm khách thì sai lầm. tao thích lazada hơn, nó không rầm rồ khuyến mãi, nhưng nó làm ăn rất khoa học và hợp lý, đơn hàng xử lý nhanh và nhân viên nhanh chóng có mặt xử lý. hành trình đơn hàng dễ kiểm tra. chat với nhân viên kịp thời. dùng hàng ngoại sang hơn nội địa",1,Sendo,103,TRUE,,,,
SupS,"nạp tiền vào ví farm vào ngân hàng không được, tài khoản ngân hàng trừ tiền mà trong ví không cộng thêm, giao thiếu sản phẩm cũng chỉ được nhân viên thông báo là sẽ hoàn tiền và nhiều ngày sau cũng chẳng thấy tiền đâu, nhắn tin qua kênh chat hỗ trợ trong app mà cảm giác như nói chuyện một mình, chỉ suốt ngày spam tin nhắn quảng cáo sản phẩm, trải nghiệm tệ hại từ vị trí của khách hàng",1,Sendo,83,TRUE,,,,
Nam Hữu,người mới méo có mã giảm giá lừa thật,1,Lazada,9,TRUE,,,,
Ngọc Khánh,"app thì đơ. bấm nát màn hình mới vô, tìm đồ mua mà muốn lên máu luôn, mã giảm giá thì khó xài. vui cho áp mã buồn nghĩ mua.",1,Lazada,30,TRUE,,,,
Nhật Hoàng,"tôi không thể thanh toán với mã giảm giá nhiều lần, mặc dù tôi chưa mua gì trước đó.",1,Lazada,19,TRUE,,,,
Trí thức Lê,bán hàng không đúng như quảng cáo đâu hàng lỗi quá nhiều các bạn áp dụng mã giảm giá chắc chắn là 100% là hàng lỗi,1,Tiki,26,TRUE,,,,
Zlatan Ibrahimovic,"ứng dụng bị cái j vậy trời 3 lần đặt hàng thì cả 3 lần không giao , có phải đơn 1-2k đâu mấy trăm nghìn mà qua ngày giao hàng rồi vẫn không cập nhật xong hủy đơn luôn ????????",1,Lazada,41,TRUE,,,,
Tuấn Nguyễn Quốc,nhập sđt mà ko gửi qua thư,1,Tiki,7,TRUE,,,,
Ngọc Trương,"sao k xác minh sđt được vậy, cứ đã đki r là sao, còn k lấy lại đc nữa, tại sao tại sao, k muốn cho t dùng àaaaaaaa",1,Shopee,29,TRUE,,,,
Nlinh Pham,"shoppe bị j v?? sđt mới toanh lại kêu vi phạm cái điều khoản gì đấy???? ơ đã làm gì đâu, đã mua đc cái gì đâu.",1,Shopee,27,TRUE,,,,
Phương Mai,"đơn mất nửa tháng để lấy hàng, mình có liên hệ hỗ trợ xin hủy đơn nếu quá lâu vì đơn còn chưa lấy hàng, mình lại còn cần hàng gấp cho công việc. 2 ngày mới đc rep. mình đọc mail tiki giải thích, lần nữa xin phép hủy đơn trong mail, lúc này đơn vẫn chưa lấy hàng thành công. sau đó tiki nói cần xác nhận đơn thì đơn bất ngờ chuyển sang đã lấy hàng? có nghĩa là bây giờ mình phải đợi đơn về, không nhận đơn, đợi đơn hoàn về mới nhận lại đc tiền đã thanh toán? đợi đc thì mình đã không xin hủy r :)",1,Tiki,114,TRUE,,,,
Nguyễn Quang Tuấn,tiền ship quá cao. mã giảm giá thì không dùng được. cần học hỏi bên shopee nhiều,1,Lazada,17,TRUE,,,,
Tuấn Trung,app tệ vl tặng xu tặng mã giảm giá rồi đến khi áp vào thì báo lỗi hoạt động bất thường.,1,Lazada,21,TRUE,,,,
Hen Duong,"đã đặt rất nhìu đơn, còn được sendo tặng quà vì số lượng đơn đặt hàng cao. giờ đặt thì khóa trả tiền sau khi nhận hàng.bắt khách hàng phải trả qua zalopay...k hài lòng chút nào.gìờ tui phải qua shoppee đặt.sendo đối sử với khách hàng thân thiết vậy đó hả???",1,Sendo,52,TRUE,,,,
34_ Võ Quốc Tín,tự ý liệt kê tôi vào danh sách cr01 dù không lạm dụng mã giảm giá hay gian lận gì. lazada làm ăn quá kém,1,Lazada,25,TRUE,,,,
Hào Huỳnh,buôn bán shop giao nhâm hàng mấy lần ib lazada ko hỗ trợ ... quá tệ hơn chữ tệ,1,Lazada,19,TRUE,,,,
Minh Ngọc Đào,"toàn giao hàng không đúng hẹn, cập nhật trạng thái hàng kém, gần như ít cập nhật, khách chưa thấy ai gọi ship mà đã xác nhận giao hàng không thành công????????",1,Tiki,32,TRUE,,,,
Yên Liễu như,"cho mã giảm giá mà ko cho người ta sài, t đặc lần đầu nó cho mã giảm giá 60k mà đặc thì mấy chủ có hành vi bắt thường bắt thường chỗ nào chỉ tao xem. ghi số đt ra đc các thứ rất bình thường mà nhấn đặc thì bị nói là vi phạm và hành động bắt thường,ko hiểu nổi .với lại mở quà nhận su tao mở 3.4 lần ko ra được một su. còn su t nhận hằn ngày mấy trăm su chưa kịp sử dụng thì nó cho bây màu mấy trăm su của t. thật sự rất khó chịu với việc xem video lấy su coi cả tiếng mà lúc có lúc ko. rất khó chịu á",1,Shopee,124,TRUE,,,,
Liêm Thanh,đã đăng nhập bằng google rồi mà kêu xác minh sđt mua sắm thôi mà khó khăn 😤😤 shop đổl lại như trước là tốt nhất,1,Lazada,26,TRUE,,,,
Phan Vũ,"phương thức thanh toán cồng kềnh, bắt nhập số điện thoại mới cho thực hiện thanh toán, xong mình nhập số vào thì bảo số này dùng trong tài khoản khác không lấy lại được luôn(mất tgian, mất lợi ích) xong mình dùng sdt đấy đi đăng nhập để xoá chuyển qua tài khoản mới thì không cho đăng nhập không có quên mật khẩu mà thay vào đó là hiển thị cái email bị che, coi như bây giờ mình mất sdt thoại đấy, và không có cách gì mua hàng, hệ thống cồng kềnh quá phức tạp cho ng dùng",1,Shopee,102,TRUE,,,,
Khang Nguyễn,đặt đơn hàng áp mã giảm giá mà ko cho,1,Shopee,10,TRUE,,,,
Nguyễn Hiếu,"đặt hàng thì hiển thị hàng đã đến khu vực của bạn sẽ giao trong 12h trong khi hôm nay là 2 ngày gần 3 ngày rồi mà chưa giao, nhắn tin với gọi hỗ trợ thì không được làm qua loa cho có",1,Shopee,44,TRUE,,,,
Chun Official,"đặt đồ ăn lỗi app tính cho khách 2 đơn, liên hệ tổng đài hay quán cx ko ai hỗ trợ , làm ăn tệ",1,Shopee,25,TRUE,,,,
Vu,"khả năng quản lý đơn hàng kém. kết hợp với j&t làm đơn vị vận chuyển cực kì vô trách nhiệm. shipper đùn đẩy việc giao không kịp cho khách thành khách yêu cầu chuyển ngày nhận hàng. liên hệ chăm sóc khách hàng lazada hỗ trợ thì nhận được ai trả lời toàn thông tin không liên quan, đến nhân viên chăm sóc khách hàng lại hẹn chờ 48 giờ làm việc (6 ngày - không kể thứ 7, cn, lễ) để phản hồi trạng thái cho một đơn hàng nội tỉnh. chán hết sức. tệ",1,Lazada,97,TRUE,,,,
Trúc Giang,ghim hàng của người ta cả tuần không chịu giao. mà thấy kích sale quài. kích sale mà sao không giao hàng????????,1,Tiki,22,TRUE,,,,
loan nguyen,giao hàng thiếu mà nhắn tin thì không trả lời,1,Tiki,10,TRUE,,,,
Vinh Nguyễn,đặt 1 thùng mỳ hẹn ngày giao 11/8 bây giờ hết ngày mà giờ ko thấy đâu là sao ad..trong khi đơn thanh toán qua zalo pay rồi. app lừa đảo à,1,Tiki,32,TRUE,,,,
Võ Lê Đức Huy,"ship tự động hủy đơn hàng của tôi, liên hệ laz thì không giải quyết, nói rằng ship đã gọi và đã tới nhà tôi, tôi hỏi tới thời gian nào thì không trả lời, thật sự thất vọng, tôi tưởng chỉ ship không trung thực nhưng tôi đã lầm, cả công ty không trung thực, bao che cho sự dối trá. tôi đã xóa app laz",1,Lazada,67,TRUE,,,,
Huyền Đoàn Thị Thu,"thông tin tk không đổi được sđt và email, mong tiki sẽ khắc phục ạ",1,Tiki,15,TRUE,,,,
Tuấn Anh Trần Hồ,"mặc dù mình chẳng làm gì sai, chả gian lận gì cả nhưng vẫn bị dính cr01 từ đợt sale 11/11 đến nay không hết. đã liên hệ lên chăm sóc khách hàng nhiều lần nhưng không được gỡ cr01. tài khoản của tôi đã tích góp được 1,5 triệu xu và vì dính cr01 nên đã làm tôi bỏ lỡ ngày sale 12/12 vừa rồi. tôi rất bức xúc vì điều này. nếu sàn này không muốn cho khách mua hàng nữa thì tôi cũng còn đầy lựa chọn khác",1,Lazada,91,TRUE,,,,
Thái Sơn Nguyễn,bên tiki áp mã giảm giá. rất khó hiểu. mong sao làm như bên. lazada. và shoppe. hoặc sendo. mình mua hàng rất nhiều. nhưng bên tiki. rất khó lấy mã. nếu lấy được. cũng khó sử dụng. nhiều mặt hàng. mình muốn mua. nhưng ko áp mã được. rất là rườm rà,1,Tiki,53,TRUE,,,,
Phước Lê,đặt hàng giao hàng sai rồi bảo giao lại đổi mới cho mình. mà cuối cùng bảo hết sản phẩm dòi không giao được. mình nhắn tin hỏi nhà cung cấp thì bảo còn rất nhiều sản phẩm. hóa ra tiki lừa đảo cmnr 🙂🙂🙂,1,Tiki,45,TRUE,,,,
Phần Huỳnh,không thể hiểu nổi đặt hàng 15 ngày không thấy đâu nhắn tin hỏi shop kêu đã gửi hàng rồi và nhìn trên theo giỏi đơn hàng thì đơn vị vẩn chuyển lấy hàng hơn 10 ngày và mình nhắn tin hỗ trợ sendo để hỏi về hàng thì lại bảo đơn vị vận chuyển chưa lấy được hàng ? trong khi đó đặt hàng giao nhanh phí cao cắt cổ mà làm ăn kiểu này thì dẹp mẹ cho rầu .,1,Sendo,82,TRUE,,,,
Trinh Nguyễn,app ko cập nhật tình trạng trả hàng - hoàn tiền hoàn tiền 1-3 tuần mới có shop giao sai hàng nhưng tiki vẫn trừ mã giảm giá tệ tệ tệ tệ cực kỳ tệ,1,Tiki,35,TRUE,,,,
Dat Thanh,-z'',1,Sendo,1,TRUE,,,,
Trang Trang,sđt mới mà khong đặt đc😡,1,Shopee,6,TRUE,,,,
Ha Hohoang,tui mua cái sổ hành tinh xanh mà nó đưa cuốn sổ khác 🤬🤬🤬🤬🤬🤬,1,Tiki,14,TRUE,,,,
Tân Phan,"làm ăn bát nháo,đơn đặt ngày 16/6 đến hôm nay 25/6 chưa gửi đi.nhắn tin hỏi thì đọc không trả lời,không giao thì hủy người ta còn biết đặt chỗ khác.ứng dụng xứng đáng xuống sao",1,Lazada,36,TRUE,,,,
Nin Ttrần,"đơn hàng vì thiếu nhân sự nên bị trễ đến ngày thứ 5 thấy để giao hàng không thành công vì không liên hệ được với khách hàng (có 4cuộc gọi nhỡ, sau 10p mình có nhá máy lại. vì lúc shiped gọi điện thoại mình đag ở tiệm sửa) nghĩ sao gọi lại trễ 10p ship nghỉ giao luôn-)) ừ thì đơn đầu ấn tượng đầu mua 1 lần rồi thoi:))",1,Tiki,72,TRUE,,,,
Dung Thanh,đồ mắc phí vận chuyển cao ko mã giảm giá freeship,1,Lazada,11,TRUE,,,,
Thị Kha Nguyễn,ứng dụng khốn nạn mã giảm giá người ta chưa sài nói đã sài rồi không cho sài nữa làm ăn chẳng ra gì,1,Sendo,24,TRUE,,,,
tài liệu ctump Lưu trữ,"đã đặt 1 đơn hàng khoảng 20 ngày. nhà bán hàng không giao hàng, yêu cầu hủy đơn lại bị từ chối bởi chính lazada, tiền thì đã chuyển, liên hệ cskh yêu cầu hủy đơn thì lại hẹn lần hẹn lựa ""tối đa 48h làm việc"", chờ tới bây giờ tiền vẫn không về túi hàng vẫn không tới tay. liên hệ thì lại.... đợi tiếp, đã đợi không biết bao nhiêu cái ""tối đa 48h làm việc"" ☺️☺️",1,Lazada,80,TRUE,,,,
Lệ Năm,tệ=)),1,Lazada,1,TRUE,,,,
nito,phiền!!!,1,Shopee,1,TRUE,,,,
Tuân Trần,"không hiện mã giảm giá, vào chat không thể gặp được nhân viên hỗ trợ",1,Lazada,15,TRUE,,,,
Thuy Rơ ô,khó hiểu!,1,Lazada,2,TRUE,,,,
kavinl Trần,dịch vụ chăm sóc khách hàng tệ.........,1,Tiki,7,TRUE,,,,
Mỹ Duyên Lâm,"shipper không giao hàng mà lại tự ý bấm giao hàng không nhận.liên hệ với hệ thống thì cho gặp al, vẫn không có một nhân viên giải quyết. shipper đã có thái độ không ổn mà kêu liên hệ với nó chắc nó giải quyết hả. lỗi sai mà không có lấy một nhân viên giải quyết lỗi của shipper. làm ăn sống nhăn vậy ai dám đặt hàng trên app này nữa. bye luôn không bao giờ sử dụng app này một lần nào nữa.",1,Lazada,87,TRUE,,,,
Phuc Nguyen,"lazada à,năm 2024 bn luôn tuyệt vời đối với tôi nhưng,sang năm 2025 thì tôi ko còn thích bn nữa 😔 trong khi đó bn lại giao hàng chậm gần đến ngày nhận bn lại tăng ngày giao?cả tôi và mẹ tôi ko đặt dc!trong khi đó tôi đã đặt đồ qua máy mẹ tôi bn còn giao chậm hơn cả shoppe, đó.....tôi.....rất.....thất.......... vọng về bn lazada😔😔😔☹☹☹",1,Lazada,67,TRUE,,,,
nguyễn cảnh,mình là fan của lazada nhưng hôm 8/10 mình có đặc 1 máy bơm mini để hồ cá đến 12/10 thì lazada gửi tb là hàng bạn đang được giao đên bên vận chuyển nhưng ko thấy đâu xông 13/10 lại tb là ko liên hệ đc bên đặc hàng mình mới gọi điện cho ng giao hàng trên tb của app nhưng ko ai bất máy mình mới nt cho shop shop trả lời là đã giao bên vc nên ko liên quan gì nữa mình 🌶 quá nên bảo shop tự lo hàng của shop mình ko lấy nữa nhưng bên lzd lại tb là hàng đên ko liên hệ đc ng nhận nữa 🌶,1,Lazada,117,TRUE,,,,
Minh Dang Hong,"đơn đặt hàng lần 1 bị treo 1 tháng, bị hủy không giải thích. chờ mãi thì được cho cái mã giảm giá. dùng mã giảm giá để mua món khác chấp nhận thêm tiền, lại chờ mệt mỏi thì bị báo hủy tiếp, lần này mất luôn mã giảm giá, không một lời giải thích. lazada định lừa khách hàng à, vote 1 sao.",1,Lazada,65,TRUE,,,,
Trường,app có hiện thời gian giao hàng nhưng lúc nào hàng giao đến cũng muộn hơn rất nhiều so với dự kiến. điện tổng đài hỗ trợ thì không được. khuyên mọi người mua sách thì có thể qua shopee hoặc lazada cũng có. ít nhất bên đó người ta có thể liên hệ với tổng đài để hỗ trợ,1,Tiki,60,TRUE,,,,
Giang Hương,chưa hết hạn mã giảm giá mà sao đã bảo hết hạn rồi 😭,1,Shopee,14,TRUE,,,,
Đang Minh,shopee làm ăn j kì vậy đặt hàng sđt qua zalo song hết bị mo2 cái cần đặt món khác cái sđt k gửi qua zalo đc sohpee như lol,1,Shopee,30,TRUE,,,,
Hải Nguyễn,sendo lừa đảo. mình thanh toán bằng zalopay mất tiền rồi. shop đóng hàng chuẩn bị gửi đi rồi mac. sendo ko đến lấy hàng. vào đơn hàng thì ko có chỗ hủy hàng để hoàm tiền. quá thất vọng về sendo,1,Sendo,42,TRUE,,,,
Tạ Xuân Hiếu,"đặt được thanh toán trước mà hủy đơn không cho. liên hệ không giải quyết, ba cái tin nhắn tự động tào lao. đề nghị phế app đi.",1,Tiki,28,TRUE,,,,
Ngọc Trần,"tôi là nạn nhân, kiểu sale 2/2 (kiểu kích cầu giả tạo). tôi mua 2 đơn hàng, chờ hoài vì vận chuyển bị trễ, đến khi có người gọi điện, đúng lúc tôi vắng nhà, họ hằng học và tự nói hủy đơn, cũng không cho tôi hẹn lại thời gian, cũng không một lời hẹn lại thời gian giao hàng. tôi có liên hệ với tổng đàu shopee và nhắn tin cho người bán, thế nhưng vẫn không giải quyết. tôi nói điều này để khẳng định, tôi cần đơn hàng và tôi là người dùng thật.",1,Shopee,98,TRUE,,,,
Tâm Dương,máy mới sđt ch từng sd lazada mà ko nhận đc xu bảo hoạt động bất thường chịu luôn đấy,1,Lazada,20,TRUE,,,,
Khang Ngọc,tiền ship quá đắt có mã giảm giá nhưng không dùng được,1,Lazada,12,TRUE,,,,
WALDO Gaming TV,bài viết như cá............ nhưng thật ra nó là cặc nhưng tao viết sai,1,Sendo,14,TRUE,,,,
Nhàn Trần,"mã giảm giá 30k momo cho khách hàng mới,hôm qua t định mua nhg quên chưa nạp tiền momo,đến hôm nay vô để mua thì mã này lại k cho sử dụng trong khi hàng hóa k khác j hôm qua",1,Tiki,41,TRUE,,,,
Hồng Kim,"đcm bỏ app có 1 năm mà đi khóa tk ngt ,bộ app tụi m có giá lắm hả. tao tải lại xài mà khóa này nọ ,đăng nhập zalo ,gg ,fb cũng deo cho. app làm ăn z nghỉ mẹ tụi m đi ,tao thà xài shoppe ngon hơn ,tụi m ôm khư khư app tụi m mà sống đi ,đồ thứ âm binh",1,Lazada,65,TRUE,,,,
Minh Khang NGUYỄN,cập nhật số điện thoại ko cho,1,Shopee,7,TRUE,,,,
Do Minh Duc,mỗi việc không nhập cccd vô xong khoá tài khoản???????,1,Shopee,10,TRUE,,,,
Hai Pham,hoàn hàng lại bằng phương thức hoàn tiền đợi hai tuần vào lại xem trả bằng mã giảm giá trong khi đó cgonj hoàn tiền làm ăn gian trá như cc mọi người ko nên mua hàng trên đây,1,Lazada,39,TRUE,,,,
Sanh Ka,tôi đặt bộ quần áo nam mà gửi cho tôi bộ quần áo trẻ em nữ cccccccc,1,Lazada,17,TRUE,,,,
Minh Kính Bùi Phạm,"thật sự mà nói, lazada không tốt bằng shopee. vì sao tôi nói như vậy , vì khi vào shopee bạn sẽ được nhận voucher người mới giảm cực kỳ sâu, còn có thể kiếm su để mua đồ và bạn sẽ được giảm một nửa số tiền, chơi trò chơi vào top sẽ được nhiều phần thưởng, săn nhiều voucher ,mã giảm giá xịn. còn lazada, voucher người mới giảm ít,su thì kiếm phà phà mà khi mua hàng chỉ cho sài có 1 nghìn mấy, voucher thì phải mua vài trăm mới được giảm vài chục. còn không phục vụ tận tâm khi khách hàng gặp vấn đề",1,Lazada,110,TRUE,,,,
Quang Thu Trương,"không hề nhận được cuộc gọi giao hàng từ shipper mà trên đơn hàng bảo là không liên hệ được với khách hàng, khách hàng hẹn lại,... các kiểu con đà điểu. trong khi số điện thoại hoàn toàn đúng và tổng đài còn gọi lại bảo là đơn giao không thành công và có muốn nhận đơn nữa không cơ đấy. lazada lừa đảo à",1,Lazada,66,TRUE,,,,
Quỳnh Trang Ashley,"đơn hàng của em 1 tháng rồi chưa thấy đâu, nhắn tin hỏi tiki thì toàn tin nhắn tự động, muốn gặp bên nhân viên sao khó quá ạ",1,Tiki,29,TRUE,,,,
LÊ SEE,"chăm sóc khách hàng tồi tệ đến mức liên hệ bên cskh 10 lần vẫn không giải quyết hẹn lên hẹn xuống, app tiki thì lỗi nghiêm trọng. nói chung là trải nghiệm tồi tệ. mình khuyên mọi người không nên mua hàng trên tiki vì nó rất là tồi tệ chán nản và mệt mỏi",1,Tiki,56,TRUE,,,,
Hồng Khương Lê,cấp nhật số điện thoại bưu tá không liên hệ được,1,Lazada,11,TRUE,,,,
Kien Huynh Gia,"tự nhiên bị cr01 không cho dùng voucher, liên hệ cskh thì kêu không giải quyết được. quá tệ",1,Lazada,19,TRUE,,,,
Thảo Ngân Mai,"ứng dụng không vấn đề gì nhưng tiki chăm sóc khách hàng quá kém, mọi người đừng mua tiki nữa. giao hàng lâu sản phẩm lỗi đổi trả rất mất thời gian đợi liên hệ nhân viên hỗ trợ rất lâu, mà trả lời tin nhắn khách cũng lâu (nếu ko vì mình cần đổi hàng thì mình cũng ko đủ kiên nhẫn để ngồi đợi 30p) gửi đơn khiếu nại không giải quyết khách đợi nhân viên 30p, lâu quá nên chuyển tab làm việc, lúc quay lại thấy nói không thấy khách phản hồi rồi tắt luô 👎👎👎👎👎👎👎👎👎👎👎👎👎👎👎👎👎👎👎👎👎👎👎👎👎",1,Tiki,100,TRUE,,,,
Liam mlem mlem,"cái choice hồi trước dùng tốt bây giờ tệ thật sự. giao lâu hơn cả shopee shop nước ngoài mà còn tự ý hủy đơn. chất lượng chat và liên hệ rất tệ luôn, không giải quyết được vấn đề. :))))",1,Lazada,41,TRUE,,,,
Mĩ Pó Giàng Thį,không hỗ trợ đổi sđt,1,Shopee,5,TRUE,,,,
4 2k,😞😞😞👎😠😠👎👎❌,1,Tiki,1,TRUE,other,,,
Bj Jd,app lon có sđt đàng hoàng cứ bắt phải lấy đt cũ quét qr hỏng mẹ r quét bằng lon à,1,Shopee,21,TRUE,,,,
Thủy Thu,để cái voucher thanh toán zalopay giảm 15k xong lúc ngta thanh toán zalopay xong xuôi hết rồi thì một lúc sau báo không hợp lệ hủy hàng rồi giam tiền người khác lại chưa thấy hoàn về. ủa chời hủy hàng ngta thì làm ơn trả tiền liền cho ngta còn săn blackfriday cái khác chứ. có nhiêu giam hết rồi lấy gì mua. chính sách bị ngáo ngơ à. không cho thanh toán trước thì cứ việc nói trước. bảo không hợp lệ khuyến mãi là cái gì ai mà biết mà sửa liền. rồi giam tiền 1 lúc mấy cái đơn hàng.,1,Tiki,105,TRUE,,,,
Nghèo Túng Ma,"bị hư điện thoại, có sđt mà phải xác minh gmail mới lấy lại tài khoản được cũng chịu.",1,Lazada,19,TRUE,,,,
Hằng Minh,💩💩💩,1,Shopee,1,TRUE,,,,
chiến Dương Minh,đặc 1 đơn 7 ngày không có cập nhật tình trạng giao hàng. k giao qua vận chuyển. liên hệ thì kêu chờ đi. còn k giao dc thì thôi k h trợ j cho kh hết. bỏ kh không h trợ lh j cho khách hàng hết,1,Lazada,48,TRUE,,,,
nam nguyễn hữu,xác thự robot bj lỗi kh xác thực đc số điện thoại,1,Shopee,12,TRUE,,,,
Phong Duong,"không lấy được xu từ live stream do báo vi phạm điều khoản ( đang yên đang lành báo vi phạm không lấy được xu dù không làm gì sai, mọi lần tương tác vẫn bình thường, liên hệ chuyên viên ko giải quyết được) hay giật, lag. nên thêm tính năng giao diện ""màn hình tối""",1,Shopee,57,TRUE,,,,
Trang Thu,"dịch vụ giao hàng của tiki tệ hơn trước rất nhiều, đơn hàng mình đặt trong dịch nên tiki báo là trễ 7-10 ngày so với thời gian dự kiến do dịch. nhưng sau đó, qua thời gian 7-10 ngày mình vẫn không nhận được thông tin gì về đơn hàng. khi mình liên hệ bộ phận chăm sóc khách hàng thì chỉ nhận được thông báo về việc đơn hàng đã chuyển qua bên vận chuyển mà không có thông tin gì thêm",1,Tiki,84,TRUE,,,,
Hanh Hanh,"bắt chúng thực sđt mãi, không mua được",1,Sendo,8,TRUE,,,,
Jinn Remix,chán!!,1,Tiki,1,TRUE,,,,
̈,tài khoản bị khóa sau khi vừa tạo. cả google hoặc sđt,1,Lazada,12,TRUE,,,,
binh tran,thề ko bao giờ dùng cái của nợ này nữa đã mấy lần mình mua hàng xong nó cộng toàn bộ tiền hàng cả tiền ship vậy mà đợi mãi ko thấy gửi lại cách đây hơn một tuần mình mua 10 đôi tréc thạch anh rời nó cũng cộng cả tiền ship và nói dự kiến đến ngày nọ ngày kia bạn nhận hàng cũng ko thấy đâu mình nhắn tin hỏi rất nhiều lần bảo có gửi ko để mua shop khác nó cũng câm như hến đến bây giờ vẫn ko thấy trả lời,1,Sendo,97,TRUE,,,,
Lê Nguyễn,"chưa bao giờ thấy cái app nào tệ như sendo. nt cho shop cũng không trả lời, nhắn tin sendo thì toàn auto rep, mail cũng k phản hồi, gọi thì cũng k ai nghe máy. đơn hàng đã thanh toán k giao cũng k hủy cũng k hoàn tiền cho khách. tính lừa đảo ha gì",1,Sendo,57,TRUE,,,,
Hằng Thuý,"quá tệ luôn đặt hàng thì cứ báo lỗi ko cho dùng mã giảm giá , mặc dù đã ko dùng mã giảm giá vẫn ko đặt được hàng , nói chung là tệ vl",1,Lazada,35,TRUE,,,,
Thanh Thien Nguyen,"lazada giờ đừng ai mua hàng nha, đổi trả hàng không được lazada vô trách nhiệm với khách hàng........",1,Lazada,19,TRUE,,,,
phong phạm,"liên hệ với mấy thằng shop bán đồ có tâm 1 chút, toàn shop treo đầu dê bán thịt chó ko, 1 món gần 300k😏😏😏",1,Shopee,25,TRUE,,,,
Thái,"trải nghiệm cực kì tệ,không nên tải ,khuyên thật lòng!!!!!!!!!!!!!!!!!!!!!",1,Shopee,10,TRUE,,,,
Loly Uyên My,"tôi đã từ bỏ lazada, vì tôi bỏ 326k để mua 3 sản phẩm, nhưng chỉ nhận được 1 sp trị giá 137k. lúc giao hàng tôi về quê nên ko trực tiếp nhận hàng, đến lúc thao tác hoàn tiền thì quá 7 ngày ko lấy lại được tiền. tìm mọi cách ko liên hệ được với nhân viên của lazada, bên shoppee thì còn có nhân viên tiếp khách, bên này ko có. tôi liên hệ với người bán cũng ko cho kết quả gì. mất tiền oan ức, tôi cảm thấy ứng dụng này ko an toàn, ko thể đảm bảo cho các giao dịch khác của tôi, nên đã xoá bỏ, quá ức",1,Lazada,117,TRUE,,,,
Vinh Hồ,"trả hàng,chỉ định nhân viên đến lấy, đúng họ tên sđt, mình mới giao hàng, bảo sao không bấm đã lấy hàng,ship bảo chưa dán mã đơn chưa bấm đc, về kho dán vào mới bấm,xong giờ thông báo lấy hàng không thành công, mất hàng của khách, báo lazada thì bảo tự giải quyết vs ship,lazada chỉ định người thì mới đưa hàng chứ,ko đúng đưa làm j, giờ ko bjk ship ăn hàng của mình hay lazada chỉ định người để ăn chặn hàng,xem như cho gói hàng đó cả dòng họ thằng lazada ăn dọng zô họng đi, nhớ cúng ôb già m trc",1,Lazada,107,TRUE,,,,
yen vuong,"quảng cáo hoài, bấm thoát ko đc, dụ nhấp, dụ bấm zô ứng dụng, quảng cáo lố thời gian, ít mã giảm giá",1,Lazada,23,TRUE,,,,
Fg Ff,tại sao shop ko giáo hàng cho tôi mà lại ghi đơn hàng đã giao😠😠😠😠😠😠😠😠😡😡😡😡😡😡 lừa đảo!!!!,1,Sendo,17,TRUE,,,,
Thùy Trang Tán,"đặt hàng 5 ngày vẫn đang xử lý. các thông tin trạng thái đơn hàng không rõ ràng. nhắn tin chờ nhân viên rep cực kì lâu. đã 15p trôi qua không trả lời được 1 tin. gửi mail yêu cầu giải quyết, gần 1 ngày không được phản hồi.",1,Tiki,50,TRUE,,,,
Nguyễn Hiền,tồi tệ. nhắm chừng không chăm sóc được khách hàng không hỗ trợ được khách hàng thì dẹp luôn hotline đi. chứ gì khách gọi lên 1 chục cuộc. tắt ngang hết cả 1 chục cuộc. quá trình lằng nhằng,1,Tiki,40,TRUE,,,,
Trần Thanh Hòa,"quá tệ, đơn hàng giao không đúng hẹn. liên hệ thì không trả lời,",1,Sendo,14,TRUE,,,,
Dương Nguyễn văn,.tốt,1,Lazada,1,TRUE,,,,
Huynh Hien,thanh toán trước chưa giao hàng đã báo giao hàng thành công . liên hệ chăm sóc khách hàng thì toàn trả lời tự động. xong tiền trong tài khoản bị trừ cả 3k 1phut . làm ăn chán quá ko có tổng đài chăm sóc khách hàng,1,Sendo,48,TRUE,,,,
Da9 Huynhthanh,😡🤬,1,Tiki,1,TRUE,,,,
Vu Phung,"khi mua hàng, yêu cầu đăng ký thông tin xuất hóa đơn chỉn chu. nhận hàng đã lâu, không thấy hóa đơn. mình liên hệ qua ""trò chuyện cùng tiki"" thì nhận được những tin nhắn trả lời tự động vô hồn.",1,Tiki,42,TRUE,,,,
Ngọc Khánh,giao hàng quá chậm. không phản hồi khi khách nhắn tin.,1,Tiki,11,TRUE,,,,
Hoàng Ngọc Nguyễn,"mất oan hơn 200k mình đặt đơn đầu tiên, chờ người ta đóng gói gửi đơn vị vận chuyển cả tuần cuối cùng là bảo ko có, mà rõ đã thanh toán trc xong app tự chuyển số tiền cũ thành mã giảm giá, mình đặt lại đơn khác thì giảm còn 30k,cũng thanh toán trc luôn, mà đơn sau này cũng như đơn đầu,nhưng chỉ hoàn 30k là sao",1,Lazada,70,TRUE,,,,
Thịnh Dương,"đặt hàng 4 hôm ko nhận đc hàng đã vậy ko thèm giao cho khách mà tự nhiên hiện hoàn trả hàng về người bán. đặt 5 đơn thì giao đc nửa đường r del giao hàng nữa , 2 ngày ko thèm cập nhật đơn hàng kiểu thấy ngta có nhiều mã giảm giá quá rồi hủy đơn ko thèm giao cho người mới .",1,Shopee,66,TRUE,,,,
Haruno Yui,"đặt hàng là 5 vòng, shop chỉ giao 4 cái nhưng giá tiền vẫn là 5 vòng. nhắn tin hỏi shop và tiki thì hơn mấy tháng chả thấy phản hồi hoàn tiền hay xin lỗi, tệ hại!",1,Tiki,38,TRUE,,,,
Thị Vy Yến Chu,tệ 😒,1,Shopee,2,TRUE,,,,
Anh Nguyễn Đức,"tự dưng không có mã giảm giá để mua hàng, đã nahwsn cskh nhưng không hỗ trợ",1,Lazada,17,TRUE,,,,
Loan Lê,"giao hàng thiếu ý thức chưa gọi điện nhắn tin đã hủy đơn của khánh, nhiều đơn thì ko đặt đc",1,Shopee,21,TRUE,,,,
Nhiên Nguyễn An,áp mã giảm giá toàn lỗi,1,Lazada,6,TRUE,,,,
Ars K,mua hàng 2 tháng chưa giao tới. không thể liên hệ với shop (mặc dù là shop của chính tiki),1,Tiki,20,TRUE,,,,
Duy Vinh Nguyễn,"những đơn hàng mua thanh toán trước nếu gặp sự cố về hàng hóa, trả hàng, shop giao thiếu ... lazada báo đã hoàn tiền nhưng thực chất không có hoàn. cả tháng sau kiểm tra thì mới phát hiện là tiền không được hoàn, liên hệ trung tâm hỗ trợ thì các nhân viên tổng đài nói chuyện thái độ rất kém, và kiểu như đợi đi, khi nào có thông tin sẽ báo, khách hàng ko có nghĩa lý gì.",1,Lazada,82,TRUE,,,,
Tân Đinh Nhật,sao nhiều năm trải nghiệm tôi thật sự thất vọng về lazada dịch vụ rất tệ toàn những shop lừa đảo. đăng hàng như vậy mà nhận hàng lại khác. nhắn tin nhờ hỗ trợ nhưng chỉ nhận được không muốn giải quyết. lazada mặc kệ người dùng chỉ nói tốt cho shop lừa đảo. từ ngày hôm nay tôi sẽ đăng xuất khỏi lazada. mọi người nên cẩn thận khi dùng lazada. tốt nhất là dùng trang mua sắm khác để trải nghiệm tốt hơn. còn lazada thì chỉ coi khác hàng bằng không. sẽ không được hỗ trợ gì đâu. nên cẩn thận với lazada,1,Lazada,107,TRUE,,,,
Trà Thanh,"tiki bây giờ làm ăn chậm trễ quá, đặc đơn hàng hơn cả tháng tr chả thấy giao muốn liên hệ hỏi shop hay phản hồi cũng ko có cách liên hệ :)))",1,Tiki,33,TRUE,,,,
Ngọc Quý,"cho mã giảm giá nhưng sử dụng đặt hàng thì lại bị hủy, rất rất tệ.",1,Shopee,16,TRUE,,,,
hung dang,qua bất mãn lazada giao hàng ngày càng chán đơn hàng về đến nơi mà giam đơn 3-4 ngày mới giao liên hệ thì đổ lỗi do cúp điện này nọ mà cúp điện gì mà 3-4 ngày trong khi vẫn giao hàng ngay kế nhà mà đơn của tôi thì lai không giao,1,Lazada,54,TRUE,,,,
chun mai,"nhờ gỡ khóa vĩnh viễn số điện thoại mà nhân viên trả lời hời hợt chung chung. giờ chính người dùng không biết lí do đằng sau tại sao bị khóa cũng chả thèm trả lời. làm ăn kiểu vậy à? rồi đặt hàng kiểu gì, số điện thoại chỉ có 1 cái duy nhất rồi đòi thêm cái nữa đâu ra. tốn tiền mua số mới chắc😀 mắc cười. hỗ trợ còn chả đến nơi đến chốn, tệ hại vô cùng.",1,Shopee,82,TRUE,,,,
Huong Vi,"tự hủy đơn của khách xong hỏi thì kêu tại khách bất chính , tại shop không uy tín , tại shop không đưa hàng trong khi tôi đặt ở ""nhà xuất bản kim đồng"" mấy quyển truyện là không an toàn dữ rồi đó hả???????? 1 sao không nói nhiều các shop đều thân thiện còn app thì lỗi tè le",1,Shopee,62,TRUE,,,,
Long Bùi,đang dùng tự nhiên cắt hết mã giảm giá với mã vẫn chuyển luôn. liên hệ cskh thì bảo để báo lai xong im ru luôn. chắc qua app khác thôi chứ xài gì nữa,1,Lazada,35,TRUE,,,,
Diệu Diệu,k nhận đc mã giảm giá 100k nhưg tớ k đặt j cả,1,Shopee,13,TRUE,,,,
Loan Trần,"mua 1 sản phẩm bị lỗi. yêu cầu hỗ trợ. lúc đầu làm rần rần nhiệt tính lắm, yêu cầu lại mh quay clip và chụp hinhg đóng gói, giúp mh liên hệ ng thu hồi sp lỗi, nhưng cả 10 ngày sau cũng không ai đến lấy và lâu hơn nữa cũng chưa ai xuất hiện. ghim.",1,Tiki,58,TRUE,,,,
Ariel Nguyen,"không có nhiều mã giảm dù đặt đơn giá trị lớn, shipper giao hỏa tốc nhưng không nhắn tin hay gọi điện báo trước khi giao hàng, làm khách hàng không sắp xếp kịp để nhận hàng, giao hàng cho khách mà như chạy giặc",1,Tiki,45,TRUE,,,,
Nguyễn Hồng Ánh,app như dở mã giảm giá như điên,1,Tiki,8,TRUE,,,,
Nhươi Lò,tại sao lại khóa thanh toán khi nhận hàng????????????,1,Lazada,9,TRUE,,,,
Thành Lê Đình,"app loằng ngoằng,rối rắm,nên học theo các app lazada,sendo hay shoppy,rất đơn giản và dể sữ dụng.đã vậy,cùng một loại sản phẩm mặt hàng giống nhau mà bên lazada bán có 145k,ship có 20k,đã đc vouher giảm 15k, nhà bán hàng còn giảm tiếp 15k,cộng với đc giảm 5k xu tích lũy nữa...(lazada còn có nhiều sản phẩm mua bằng mo mo và zalo cũng đc giảm 20 - 30k nữa)....còn bên tiki giá bán thì 149k,phí ship 40k ,chỉ đc giảm 20k khi mua bằng zalo...khiếp tốt nhất là đăng xuất,xóa app ngay và luôn...",1,Tiki,96,TRUE,,,,
Đặng Thị Thùy Linh,"2023 là lúc mình sử dụng lazada khi đó thì vẫn sài ok nha đến 2024 với năm nay là tui thấy nó cứ lừa đảo, lazada nên kiểm tra các shop lừa tiền ko cho kiểm duyệt để đem lại an toàn sản phẩm cho khách hàng với lại lazada có nhiều lúc shop hủy đơn vô lí cực kì. quá tệ!!!!!!!",1,Lazada,63,TRUE,,,,
Van Nguyen,"thao tác phức tạp, mã giảm giá thì cực kì ít(có thể là ko có), ko bảo vệ ng tiêu dùng, thua xa shoppee",1,Lazada,24,TRUE,,,,
Tuyết Lê Thị,tại sao ko được đồng ý số điện thoại,1,Shopee,9,TRUE,,,,
UnrealCys,không lấy được mã giảm giá và mã freeship ở một số tài khoản,1,Lazada,14,TRUE,,,,
Bảo,"đặt hàng từ 2/8 tới giờ vẫn chưa giao. liên hệ 3,4 lần thì trả lời 1 cách hời hợt giống nhau hết,cứ bắt đợi, lý do dịch này nọ. trong khi đó đặt shopee sau thời gian đặt trên tiki mà khoảng 3 ngày họ giao rồi. chán cách làm ăn, hông có lần sau nửa đâu.",1,Tiki,58,TRUE,,,,
Toàn Thắng Lê,không làm gì cũng cr01 liên hệ cskh thì nhân viên cũng ù ù cạc cạc chẳng biết cái gì thậm chí cskh gọi thẳng cho khách bảo không xử lý được đừng khiếu nại nữa???,1,Lazada,36,TRUE,,,,
Vv Tf,"không cho áp mã giảm giá, chịu luôn",1,Lazada,8,TRUE,,,,
Thùy Dương Huỳnh,quá tệ bán hàng đắc hơn cả shoppe nhiều còn ko dùng được mã giảm giá nên tải shoppe hơn,1,Sendo,20,TRUE,,,,
Van dung Nguyen,hệ thống đăng nhập phức tạp không cần thiết.thấy hàng nhưng không mua được vì luôn đòi xác thực số điện thoại.,1,Sendo,22,TRUE,,,,
Giang,ko đăng nhập số điện thoại đc,1,Shopee,7,TRUE,,,,
huynh nhu,mua hàng gần cả tuần vẫn chưa thấy shipper điện hay giao. lên app thì báo giao không thành công đến 3 lần. liên hệ với tiki thì trả lời chả có liên quan gì luôn. liên hệ bên người bán cũng không có phản hồi. mua để mặc tết mà giờ chưa giao mà mốt đã làm tết rồi. mằn ăn gì mà kì cục. yêu cầu hủy đơn thì bảo sẽ phản hồi sao 24-48h qua 48h chưa phản hồi con mẹ gì hết. mọi người không nên sử dụng app nha.,1,Tiki,94,TRUE,,,,
Quỳnh Nguyễn,🙃,1,Shopee,1,TRUE,,,,
Duyên Lê,"trải nghiệm tệ, khách đặt chơi nhưng shop lại phải tự đi gọi tổng đài để đi hủy đơn hàng. 1 saoooooo",1,Sendo,22,TRUE,,,,
Phong Nguyen,mới dwo app về ! đăng ký bằng gmail .xong báo tk đang bị khóa. gọi hotline thì ko hướng dẩn app quá tệ,1,Lazada,24,TRUE,,,,
Anh Đào Trần Thị,"gửi link xác thực thì không vô được, yêu cầu qua zalo thì không cho?",1,Lazada,15,TRUE,,,,
Quynhanh,tự ý hủy đơn bảo vi phạm trong khi này là có voucher+ xu từ shoppe ủa zalo tôi dùng những cái cậu cho săn đc deal hời xong bảo vi phạm rồi khoá nick ???? gì vậy tôi vần 1 lời giải thích làm ăn kiểu gì vậy,1,Shopee,49,TRUE,,,,
Khoa Đỗ Tấn,"tự động hủy đơn hàng của khách hàng rồi đưa ra 1 lí do vô lý, làm mất mã giảm giá của kh",1,Tiki,23,TRUE,,,,
Huu Thuyen,hay lắm 1 saooooooooooooooooo😡😡😡😡😡😡😡😡😡😡😡😡😡😡😡😡,1,Tiki,4,TRUE,,,,
Trần Xuân Thái (Borntoloot.),"đơn hàng thông báo không giao hàng thành công cũng không thèm gọi điện theo số điện thoại báo cho khách hàng biết, 1 đơn hàng mà 3 lần giao hàng thất bại, đổi địa chỉ ship mà lần nào cũng ship đến địa chỉ cũ. thôi mất tiền oan coi như bài học lần sau chuyển qua dùng shopee. quảng cáo thì rầm rộ mà chất lượng dịch vụ quá sức thất vọng",1,Tiki,74,TRUE,,,,
Đồng Nguyễn,sao k cho mã giảm giá hả? muốn đánh giá tốt ý thì phải chờ mã giảm giá nhá!!!!!😏😏😏😏😏😏😏😏😏,1,Shopee,19,TRUE,,,,
Trương Thị Huỳnh Như,"đặt quyển sách từ ngày 17/8 ngày giao hàng dự kiến 3/9 đã thanh toán onl nhưng đơn hàng vẫn chưa giao tới, bây giờ muốn hủy hàng không biết làm sao, cái shop bán sách thì ngừng kinh doanh, yêu cầu tiki sửa đổi lại tính năng có thể nhắn tin được với shop.",1,Tiki,55,TRUE,,,,
Jackson,"cái cm app lol này, hàng thì k giao bắt đợi gần tuần. xong hủy luôn cái mã giảm giá. làm t mất công chờ đợi t xin xoá app mãi mãi",1,Lazada,32,TRUE,,,,
Quang Phúc,"lỗi tìm kiếm, search cái gì cũng không ra báo rất tiếc, không tìm thấy sản phẩm phù hợp với lựa chọn của bạn. là sao ????????? 😡😡 với lại lâu lâu vô tiki bắt phải đăng nhập lại bực thật sự",1,Tiki,42,TRUE,,,,
Hai Bui,61 7444444441. mình muốn mua 3 giàn pháo ?? quả shop nào bán tư vấn mình lấymình muốn mua 3 giàn pháo 25 quả shop nào bán tư vấn mình4r ? ??x v. y. y vv. gvvvv 7 vv. vvv g. 18i8ịịi. j854 mình muốn mua 3 giàn pháo 25quả. v. v v vv. f c. f. vc. vc. v5v v. d3. c. v. shop nào bán tư vấn mình lấymình muun m.a 3 giàn pháo 25 quả shop 4. . nào bán tư vấn mình lấyv.,1,Shopee,87,TRUE,,,,
Quang Tuan,"hoàn tiền đơn hàng hủy bằng mã giảm giá > thế này đơn hàng sau không áp đc mã giảm giá khác, mua lại bị đắt.>không ra gì",1,Lazada,28,TRUE,,,,
Huyền Bích,"tệ. đặt sendofarm dùng thử xem sao, ai dè giao thiếu đồ mà còn ko có ai liên hệ hay thông báo từ app trước như bên tiki. đi nhận hàng về chưng hửng, đánh giá 1 sao thì ngày nào cũng gọi đòi đánh giá lại. phiền phức. hotline mà làm việc tới 17h30. lạy. đáng lẽ không lên đây cho 1 sao đâu nhưng mà làm phiền quá, bực cả mình.",1,Sendo,73,TRUE,,,,
Yen Nguyen,"đặt hàng cả nửa tháng ko thấy giao , nhắn tin thì shop cũng ko thèm trả lời chán. thanh toán trước nên muốn giao như thế nào cũng dc hả😡😡😡😡",1,Tiki,31,TRUE,,,,
quang hoang,cả tháng nay sàn không cho tôi lấy mã giảm giá trong khi hầu như đơn nào tôi mua cũng lấy trừ 1 số đơn sai mẫu thì trả,1,Lazada,29,TRUE,,,,
Hoi Nguyen,nhiều lúc sử dụng mã giám giá đầy đủ lỡ ấn thoát ra(chưa đặt hàng và sau khi ấn thoát vẫn ở trang chủ shop) xong quay lại mất mã giảm giá luôn có thử vài lần và mỗi lần giá nó tăng lên( do mất mã giảm giá ko lý do),1,Shopee,52,TRUE,,,,
Toàn Quoc,không tìm dc thứ mình muốn!!!!!!!,1,Shopee,6,TRUE,,,,
Ccgjhvh Dgggff,"trải nghiệm như ccccccccc. 1. có những shop làm ăn quá thậm tệ giáo ko đúng ngày dự kiến mặc dù đã báo trc rồi nhưng vẫn không giao đúng 2.có những shipper ngày trc ko giao đc định hủy đơn của khách ,ngày sau nhận thì túm áo khách để giải quyết muốn tôi cho xem video ko. 3.nbh trả lời chậm chất lượng trả lời khó hiểu và kém chất lượng có những shop nói ăn thô tục thiếu văn hoá. còn nhiều điều ko tốt về ứng dụng này mà tôi hoặc nhiều ng cũng đã trải ng.kết luận cuối là nên mua hàng ở sàn khác.",1,Lazada,110,TRUE,,,,
Thiệt Nguyễn,tệ🥲,1,Tiki,1,TRUE,,,,
Nhà Chuột,mã giảm giá toàn 50k trở lên mới đc miễn sip,1,Lazada,11,TRUE,,,,
NT63B9- ATK,đề nghị các shop trung thực. đê giá rẻ zo toàn bán hàng khác. ))))))))))),1,Shopee,15,TRUE,,,,
MC Thanh Phú,"đơn hàng 2 tháng k giao, do dịch, rất thông cảm. nhưng sau khi thành phố hết giãn cách cũng chẳng giao. sau nhiều lần trao đổi qua mail, tiki đã quyết định hủy đơn hàng, hoàn trả cái ""mã giảm giá"" đã k còn sử dụng được chả biết để làm gì 😏",1,Tiki,54,TRUE,,,,
Vỹ Đàm,"đăng nhập lòng vòng mãi ko được cứ bị khoá do bảo mật,xin liên hệ.liên hệ cái đuồi bầu ý mẹ nhà mày ko bằng shopee",1,Lazada,26,TRUE,,,,
민태미,lỗi đăng nhập. ko hiểu sao tiki tự điền số điện thoại lạ xong không cho đổi lại. đm,1,Tiki,19,TRUE,,,,
Khoa Huỳnh,lúc trước giao hàng nhanh tốt bây h đặt hàng không giao luôn đợi mấy tháng trời :)))))),1,Tiki,18,TRUE,,,,
Mai Mai,"trời ơi lần đầu tải tiki, nghe mn quảng cáo giữ chèng bùng nổ lắm. đặt đơn đầu tiên mà chờ tiki giao cho bên vận chuyển mà muốn lòi cái bản họng ra. nhắn tin cho tiki thì toàn nhân viên đều đang bận vui lòng quay lại sau. nói chung là mn hãy chờ đợi là hạnh phúc nhá🙃🙃🙂",1,Tiki,61,TRUE,,,,
Phương Ánh,"lỗi mã giảm giá liên tục, lm ăn kiểu vậy thì chịu",1,Shopee,12,TRUE,,,,
Suong Ngo,có một trai nghiem tồi tệ mà tôi chưa gặp phải bao giờ đặt 5 đơn hàng trên ứng dụng giao chỉ được 1 đơn duy nhất 4 đơn còn lại thằng giao hàng không giao lấy lý do không liên hệ được với người nhận (cho thằng giao hàng),1,Shopee,50,TRUE,,,,
nguyen van Tham,"đã 1 tháng rồi shop vẫn chưa thanh toán tiền trả lại zalopay cho khách hàng, khi hàng không chuyển đến được, chậm trể quá",1,Sendo,25,TRUE,,,,
Ngoc Vo,nhắn tin thì toàn bot chat.,1,Lazada,6,TRUE,,,,
duy nguyen,"mong lazada cải thiện lại chính sách, khách hàng có một tk để mua hàng, lúc nào mua cũng bị lỗi cr01, rất là bực mình, tạo điều kiện để khách mua hàng, chứ cứ bị lỗi để áp ma giảm giá thì sao khách mua,mong cải thiện tốt hơn trong tương lai",1,Lazada,53,TRUE,,,,
khoa le,"đơn hàng đặt ngày 8/3, giao ngày 9/3 buổi sáng mình bận hen buổi chiều mình nghỉ học bên trường ở nhà đợi lấy mà ko thấy đâu, trên tiki thì báo hàng giao 11/3 mình đợi tới 11/3 vẫn ko thấy liên hệ hay tung tích j của quyển sách. bực mình tiki ghê, sao này ko đặt hàng trên đây nữa.sách mắc tiền ko đc freeship mà còn làm ăn trễ nãi. dùng shopee ngon hơn.",1,Tiki,78,TRUE,,,,
Nguyen van toan Chieu 30 tet nam2021,mình đang dùng nhưng khi đặt hàng nó cứ đòi thanh toán vi zaloplay.không mua được minh gỡ luôn. khó khăn quá,1,Sendo,22,TRUE,,,,
Vũ Phong,mún đăng ban hàng khó khăn rườm rà không đăng được mún hỏi cách thì vô chọn rất nhìu mún liên hệ trợ giúp củng khó,1,Tiki,26,TRUE,,,,
Hoàng Văn Lợi,dell dùng đc mã giảm giá vl tht shoppe như lozz có mã 80k mà dell dùng đc cay vl,1,Shopee,20,TRUE,,,,
Ngọc Hiểu Nguyễn,"nick dùng gần chục năm, đang mua hàng bình thường, giờ bị lỗi cr01 không áp được mã giảm giá, không hiểu tại sao",1,Lazada,24,TRUE,,,,
Nobel Thắng,khuyên mọi mọi người đừng mua hàng lỗi lắm đểu hay lỗi kĩ thuật còn ko đổi hàng nhắn tin thì ko cần rep quá tệ,1,Tiki,26,TRUE,,,,
Trần Minh,đặt hàng nhưng nhầm địa chỉ. không thể hủy đơn sau khi thanh toán qua zalopay. gọi điện lên tổng đài cũng không được. thật khó hiểu,1,Tiki,27,TRUE,,,,
Thơm Nguyễn Thị,😇,1,Tiki,1,TRUE,,,,
TTờ Rúc TP,"sau khi liên hệ nhiều lần và trả kết quả là mở lại được tk. nhưng ôi thôi rằng là mở để trưng chứ không đặt hàng được gì ráo vì đặt đơn nào bị hệ thống hủy đơn đó. tôi mua shopee vip, nuốt voucher nuốt tiền của tôi!!!",1,Shopee,50,TRUE,,,,
Thu Hà Trần,"cskh để chat tự động, giao thiếu hàng không biết liên hệ ai giải quyết, cửa hàng không trách nhiệm, đặt niềm tin vào đâu cho sự mua hàng tại app",1,Lazada,31,TRUE,,,,
Điệm Đặng Thị,"đợt vừa rồi khi mà tôi đặt hàng thì nó đã hiện là hàng chưa nhận được và đã bị hủy trong khi tôi đã nhận được và đã trả tiền,kiện nên shop thì kêu do shippẻ xong 2 hôm sau đột nhiên trên hệ thống đơn đó mất tích, hủy đơn thì mãi không có ai đến nhận xong tự hiện là đơn hủy đã bị hủy bỏ xong mấy cái mã giảm giá nửa giả nửa thật",1,Shopee,79,TRUE,,,,
Tuyen Dang,"tệ! giao hàng nội địa mà delay đến 2 tuần. đã thế còn bị shipper lấy mất hàng,liên hệ thì app không giải quyết. =))",1,Lazada,25,TRUE,,,,
Ngọc Trang,"shopee riết muốn trả hàng cũng không chịu đến lấy, đặt lần 1 đợi cả tuần ko shipper nào đến lấy hàng trả, tự hủy đơn khiếu nại, đặt lại lần 2 cũng vậy không ai đến lấy, bắt cầm ra bưu cục, ai mà rảnh, nhắn tin thì toàn cho bot trả lời không, riết quá xem thường khách hàng, thôi thì 1 sao nhé, nhắm nuốt tiền được thì cứ nuốt",1,Shopee,73,TRUE,,,,
Nha Tran PR0,"1 sao, mã giảm giá cùi bắp chưa xài mà bị lỗi, khiếu nại thì kiu đợi 4-5 tuần làm ăn như qq",1,Lazada,23,TRUE,,,,
Vàng Nguyễn,"tôi sài app này hơn 3 năm rồi mà lúc đầu cũg ổn nhưg rồi từ từ mới thấy khôg bảo vệ người tiêu dùg,mua thì có hàg giả,nhiều đồ hư hại méo mó đổi trả khôg hoàn tiền trên app chuyển qua mã mà cũg khôg sd đc kêu giải quyết toàn hiện chữ đỏ mất tiền oan.mỗi lần cần gì đều khôg tư vấn được gì hết.bên vận chuyển mua đồ thì hỏi địa chỉ cho đã kêu ra đợi em giao liền mà khôg giao,liên hệ kêu giải quyết thì kêu đợi đợi rồi mất hàg luôn.còn chèn nhiều qc.giờ đã thấy đủ thật sự rất rất thất vọng.",1,Lazada,112,TRUE,,,,
Thanh Trà Trần,làm ơn sau này check dùm địa chỉ và sđt xem ngta còn xài k em cảm ơn làm riết chán lần nào đặt cũng có chuyện =),1,Tiki,28,TRUE,,,,
NAH Production,"dùng thì cũng tạm, không tiện dụng như shopee. nhưng được cái bán hoặc để lộ thông tin khách hàng trắng trợn :))) cố tình để lộ sđt mình dùng để đăng kí hay sao ấy. mới cài app được 3 hôm mà từ lúc ấy, không dưới chục cuộc gọi từ số lạ. toàn mời mọc, lừa đảo nọ kia. say bye và không bao giờ cài lại (cài shoppee dùng lâu lắm rồi mà cực ít bị như này, có 1-2 lần)",1,Lazada,84,TRUE,,,,
Dương Thái Bảo lớp 4/4,chs gần thắng 20000000lại bảo lag cập nhật kìa,1,Shopee,9,TRUE,,,,
Tung Nguyen,"tự hủy đơn rồi liên hệ cskh k đc,dịch vụ quá kém,thua các app mua sắm khác nhiều!",1,Tiki,18,TRUE,,,,
Ânkg Chi,cái lazada này thua xa shopee nhiều shopee còn có mã giảm giá còn lazada cũng có mã nhưng ko đáng kể,1,Lazada,22,TRUE,,,,
MinhTam Pham,làm ăn vô trách nhiệm. thu tiền trước 20 ngày không thấy hàng đâu. liên hệ không được,1,Tiki,18,TRUE,,,,
Nguyễn An Bình,khoá tk mà không cho biết lý do. nhắn tin mãi mới mở mà đặt được 1 đơn lại khoá. chán thuật toán gì đâu,1,Lazada,25,TRUE,,,,
Yến Yến,"lâu lâu mới đặt hàng trên tiki mà làm ăn chán khỏi nói, đợi hàng giao hàng trễ hơn nửa tháng, cuối cùng hoàn lại cho nhà bán và không giao, quy trình hoàn hàng trả tiền thì mất 10 ngày sau đó, đừng nói do dịch nhé vì mình đặt trên lazada hay shopee họ đều giao rất nhanh, chăm sóc khách hàng cũng rất tệ,nhắn tin trên app hỏi thì hơn 15 phút mới có ng chat phản hồi. đang đợi cái đơn hoàn tiền xong sẽ xoá app và ko bao giờ mua hàng tiki nữa. bye.",1,Tiki,100,TRUE,,,,
Tyhon Ly,"mua hàng của shopee chả bảo vệ quyền lợi cho khách hàng, tui mua 1 tai nghe bluetooth trị giá 140k khi mua gửi chính sách bh 12 tháng xài được 1 tháng hơn lỗi sạt bin không vào nt vào shop bán thì cứ trả lời vòng vo như không muốn bảo hành điện thoại cho cskh shopee thì chả được quyền lợi và kêu tui liên hệ với shop bán 2 bên tụi bây đùng đẩy trách nhiệm tui là khách hàng của mấy người mà làm ăn như cc lần này cũng 3 lần rồi và từ giờ về sau không bao giờ tải ứng dụng hoặc mua trên shopee nữa",1,Shopee,114,TRUE,,,,
Hoang Anh Lai,"muốn hủy hoặc đổi số điện thoại liên kết tài khoản cũng không được, lỡ nhập sđt vào là phải dùng luôn ah. rồi khi muốn đổi sđt thì sao, app ng vcl",1,Sendo,33,TRUE,,,,
Hà Bùi,"dùng chán,cứ bị lag lúc đang săn sale,làm mất mấy đơn rồi, gói shopee vip thì cứ hiện r liên tục, bấm nhầm vào là bị trừ tiền tài khoản, bị ép phải mua gói, liên hệ hoàn tiền thì ko đc mặc dù mới bị trừ tiền vài phút trc và chưa từng sử dụng mã, nói chung là ko liên kết tài khoản ngân hàng hay ví với apo ko dễ mất tiền oan lắm",1,Shopee,77,TRUE,,,,
Meo Nhok,trải nhiệm cực kì tệ hại khi số điện thoại của mình mà k có mã otp,1,Sendo,17,TRUE,,,,
hồng minh nguyễn,số điện thoại chính chủ thì không làm đi làm cho số điện thoại khác,1,Shopee,15,TRUE,,,,
Bùi Trinh,dùng lazada đã hơn 7 năm nhưng riêng năm này trải nghiệm quá tệt. sale thì ít mà tài khoản thì liên tục bị cr01 2 tháng. hết cr01 thì tiếp tục hạn chế không hiển thị voucher sàn. liên hệ hỗ trợ thì trả lời chung chung bảo đợi chứ ko can thiệp được. cuối năm muốn mua sắm trên sàn mà kiểu này chắc bỏ qua sàn khác mua quá,1,Lazada,72,TRUE,,,,
Kim xuyến Trần,"sao mà hiện cả đống voucher mà không sài được còn sài voucher cho người mới đặt được hàng xong hiện để lừa đảo gì đó xong khóa số khóa tài khoản không cho đặt hàng bằng số đó nữa .ủa cho voucher thì người ta sài lừa đảo cái gì vậy, rồi số điện thoại thì không đặt hàng được nữa",1,Shopee,62,TRUE,,,,
tu le,đơn đâu tiên shopee mua với mã giảm giá đặt đơn máy chục lần toàn bị hủy đơn..... cho 0 sao luôn ý....,1,Shopee,23,TRUE,,,,
Lang Huỳnh,"lazada như cl,mới vô đăng nhập xog xác minh mã bằng zalo nó bảo khóa tài khoản,chịu",1,Lazada,17,TRUE,,,,
Nga Trịnh,"rất ít khuyến mãi hay voucher, mã giảm giá",1,Tiki,9,TRUE,,,,
Hưng Đinh,"app như...tày tự ý đổi ngày nhận hàng trong khi có dòng ghi rõ ""thời gian đảm nhận hàng : a/b-c/d"" trong khi có đảm bảo ""nhận voucher nếu giao sau ngày c/d"" mà có cái dell j đâu nó đổi luôn cả ngày đảm bảo thế mới""tày""vẫn còn tình trạng shop không có hàng vẫn giảm giá sản phẩm thấp rồi khi có người mua thì qua zalo nhắn là không có hàng em gửi anh mẫu a,b,c này được không (shop ""mắt kính store_sunny) cứ đợi lúc có voucher giảm giá là nó k có hàng thế mới tài",1,Shopee,101,TRUE,,,,
Hỷ Huỳnh,quá tệ. cần hỗ trợ thực tế nhưng toàn robot trả lời. quản lý nhà bán hàng không chặt chẽ. liên hệ nhà bán hàng cũng không trả lời. đặt đơn 4 ngày cũng không thấy vận chuyển.,1,Lazada,38,TRUE,,,,
Mai Thư,đơn hàng hạn giao 2/10 đến nay vẫn k thấy liên hệ. không nhắn hỏi shop được cũng không hủy được.,1,Tiki,21,TRUE,,,,
Như Phạm,săn sale được mã giảm giá đặt được đơn xong shop để hoài ko gửi hối shoppe cũng như ko cuối cùng đơn bị hủy.,1,Shopee,25,TRUE,,,,
Trâm Ngọc,tại sao tôi nhập chính xác số mà số điện thoại của mình mà vẫn không đặt hàng được là sao hả tôi kêu giải quyết dùm tôi là không được tôi làm theo ý cha tôi cũng không được tôi xin lỗi xin lỗi xin lỗi đừng có quái gì hả có chứa các người làm việc có tâm thì làm nó không làm được thì dẹp luôn đi tôi kêu là giải quyết dùm tôi làm y chang không được như thế nào vậy nên bây giờ tôi đã khiếu nại và đánh giá 1 sao,1,Shopee,98,TRUE,,,,
Trà A23 Phương,"k có nhân viên giải quyết thắc mắc về đơn hàng, đơn hàng đã đến trạm giao từ ngày 19/10 mà hàng vẫn nằm ì đó, ghi ngày 20 giao rồi lại ghi ngày 21, đến trưa ngày 21 hnay vẫn chưa thấy ai liên hệ giao, nếu biết kiểu này tôi đã đặt bên shopee cho rồi, đợi mòn mỏi, hàng shopee mà tới trạm là giao trưa hoặc chiều trong ngày luôn, có cả nhân viên trực tổng đài",1,Lazada,81,TRUE,,,,
Trịnh Duyên,"đặt milo thanh toán trước cho shop, đến nay mấy tuần rồi không nhận được hàng, gọi cho shop không được, liên hệ với sendo để khiếu nại cũng không ai giải quyết. hàng chưa nhận được tiền cũng không thấy trả",1,Sendo,42,TRUE,,,,
không tên Official,rất kém...,1,Tiki,2,TRUE,,,,
Đức Nguyễn Minh,"đặt hàng mà vô cớ hủy đơn, xong mấy ngày sau thì tk ko cho áp mã giảm giá, nt thì ko có ai hỗ trợ sàn chơi 1 mình 1 luật à",1,Lazada,33,TRUE,,,,
Quyền Trần,như d á i ko cho xác minh sđt cay lắm r đấy,1,Shopee,13,TRUE,,,,
Ngọc Trà Kiều Nguyễn,💢,1,Shopee,1,TRUE,,,,
Hai Lê,hàng thì giao không đúng sản phẩm. yêu cầu trả hàng nhưng ship không đến lấy. đã liên hệ tổng đài hỗ trợ nhưng vẫn không đến lấy hàng. tự động hủy yêu cầu trả hàng trong khi ship không liên hệ để lấy hàng. chất lượng kém.,1,Shopee,48,TRUE,,,,
Hồ An Chu,cho người ta mã giảm giá xong dùng thì bị hủy đơn rồi kêu lí do lạm dụng mã giảm giá ?,1,Lazada,22,TRUE,,,,
Văn Nghĩa Trần,shoppee nên kiểm tra lại đơn vị giao hàng . không muốn giao hàng mà hay nói là gọi bên khách không nghe máy và liên hệ không được và khách từ chối nhận hàng . kiểm tra lại bên giao hàng,1,Shopee,42,TRUE,,,,
zxc vn,"mình mua đơn hàng trơn tru thì không sao, nhưng khi cần hỗ trợ thì cực kỳ rắc rối. bot chat hỗ trợ tự động trả lời lạc đề, lần nào cũng bắt nhập lại tên, email sdt, trong khi đăng nhập trên app đã có thông tin hết. liên hệ trực tiếp với điện thoại viên thì app giấu đi, không tìm đâu ra",1,Tiki,65,TRUE,,,,
Kim Thoa Đỗ,"shop giao sản phẩm ko đúng như hình ảnh, trả hàng lại do giao hàng ko đúng mẫu thì shop ko hoàn tiền còn nhắn tin đe dọa, đòi qua nhà các kiểu. hỏi chatbox cũng ko giải quyết được vấn đề gì",1,Lazada,43,TRUE,,,,
Quỳnh Trang Nguyễn,"làm ăn lấc cấc , từ chối hoàn tiền . chưa giải được mà dám ghi là khách hàng đã tìm thấy hướng giải quyết xong từ chối hoàn tiền. cạch mặt hoàn toàn. rất bực mình khi không xử lí mà tự ý hành động từ 1 phía . nhắn tin thì không rep?",1,Lazada,55,TRUE,,,,
Văn Phú,bắt nhập tài khoản số điện thoại các kểu vậy mà không xác nhận cho mua hàng sendo khó khăn wa,1,Sendo,21,TRUE,,,,
Phúc Tuấn,ứng dụng càng ngày càng tệ đặt hàng giá trị cao + mã giảm giá là bị hủy vì lý do bất thường nhân viên toàn bảo đặt lại mà toàn bị hủy,1,Shopee,33,TRUE,,,,
Bo Đồng,"mã giảm giá cho người mới và các mã khác không bằng 1 gốc shopee với tiktok , sao khi hủy đơn hoàn mã giảm giá lại thì k dùng đc nói chung là rác",1,Lazada,35,TRUE,,,,
Quang Tran,hàng dự kiến 26-2/2026 tới mà cuối cùng hỏi một lần nữa lại nói 28-6/2026 giao.1 sao ko nói nhiều😡😡😡😡😡😡😡😡😡😡😡😡😡😡😡😡😡😡😡😡😡,1,Shopee,20,TRUE,,,,
Người tiêu dùng,"cskh tệ toàn nhắn tin trả lời mẫu chẳng giải quyết được vấn đề gì, như robot.",1,Shopee,17,TRUE,,,,
Phúc,mới dùng shoppe mà có cái mã giảm giá cho ng mới ấn vào dùng ko đc,1,Shopee,17,TRUE,,,,
Bông Bông,quảng cáo quài vì chưa nổi hơn các nền tảng khác phải ko. dở dữ v. chỉ làm tao chán ngán ứng dụng của chúng m thôi. uiiiiii,1,Sendo,28,TRUE,,,,
12 VINACOEX,khuyến mại ảo.,1,Sendo,3,TRUE,,,,
Hằng Vương,hàng hóa thì ko nói j nhưng quảng cáo thì vừa phải thôi chứ để cái nút ấn bộ thiếu ng truy cập lắm hay gì mà kì v spam liên tục mà ấn thì kbh vô chán lắm r đấy ?????????,1,Shopee,42,TRUE,,,,
Hiếu Nguyễn,app quá tệ. ko vô app 1-2 tháng cái bị khoá tài khoản. liên hệ cskh thì bị bảo là ko hỗ trợ mở lại tài khoản. kêu tạo tài khoản khác trong khi tài khoản củ được đăng ký bằng số đt và email chính chủ. tệ !!!,1,Lazada,49,TRUE,,,,
Văn Thanh Phạm,"app tào lao nhất, tôi đặt 1 đơn hàng và chấp nhận gia hạn thời gian nhận hàng hơn 20 ngày với lý do dịch bệnh. nhưng đến tận ngày thứ 32 tôi vẫn không nhận được hàng của mình, liên hệ cho tổng đài viên thì được giải thích lý do dịch bệnh và một cái hẹn tới ngày 5/9. tới nay vẫn bạt vô âm tín trong khi các ứng dụng khác chỉ trong 1 tuần. gần đây tôi đặt song song 2 gói sản phẩm cùng 1 ngày 10/9 của tikitrading. tới giờ 1 gói tới 1 gói tiếp tục ngâm. (do dịch?) nói chung ứng dụng hãm. rất hãm",1,Tiki,113,TRUE,,,,
Nguyễn Thị Lan Anh,"app tự áp mã giảm giá cho mình, đến khi đặt thì không đặt được báo gian lận bảo bỏ mã đi. mình đã tìm cách bỏ mã nhưng không bỏ được. app nên bị xoá đi ngứa mắt quá",1,Lazada,40,TRUE,,,,
Bích Bùi Thị,người mới mà không có mã giảm giá,1,Shopee,8,TRUE,,,,
Chodoibotbuon Cuoi,"đã báo nhiều lần hoàn tiền về tài khoản vib , rồi tự ý hoàn tiền về sacombank , mà tài khoản sacombank đã bị khoá , làm việc thiếu trách nhiệm , coi thường khách hàng , giờ coi như tôi bị mất mấy trăm ngàn",1,Lazada,47,TRUE,,,,
Yuna Ye,"các bạn mở điểm từa lưa không tuyển chọn, không cam kết. bây giờ cửa hàng kêu vắng quá xóa app rồi ai support kh? trong khi bạn hỗ trợ điểm bán cũng không nắm được sđt tài xế để hỗ trợ kh, hỗ trợ cái gì? hàng đặt xong app báo giao trễ, điểm nhận báo không biết 🤷",1,Sendo,60,TRUE,,,,
Tuyết Mũi Lưu,"lazada đưa giá giảm, mua xong cái khóa không cho áp mã giảm giá nữa vì bảo có hành vi đáng ngờ. tệ hại thật.",1,Lazada,25,TRUE,,,,
26. Cẩm nhung,"sao tôi đăng nhập ko được nói kêu cho sđt rồi gửi mã , mã đâu? ko có",1,Tiki,18,TRUE,,,,
Tuyền Nguyễn,"mình gặp lỗi mã giảm giá không khả dụng ,số tiền tự điều chỉnh trong khi đó chỉ áp đúng xu cũng bị .nhắn chăm sóc khách hàng vấn đề không được giải quyế,t mà rõ ràng không áp đúng số phần trăm xu mà ở trong phần xu đã thấy",1,Lazada,51,TRUE,,,,
thinh nguen,minh. triêt,1,Tiki,2,TRUE,,,,
Quoc Nguyen Bao,mua 1 món hàng từ 17/8/2021đến giờ 28/9/2021 ko thấy giao luôn nt gọi điện người bán ko trả lời. em sợ...........,1,Sendo,22,TRUE,,,,
Vi Nguyen,ưu đãi vẫn chưa được hiện ở trên cái tôi😡😡😡😡😡😡😡😡😡😡😡😡😡😡😡,1,Shopee,10,TRUE,,,,
Tới Đoàn Văn,"mới tải về nhưng đăng ký tài khoản để ""mua hàng""? chứ không phải ""xin sỏ"". hay ""mua chịu"". nhưng quá khó khăn. số điện thoại của tôi thì báo là đã đăng ký ( mà ai đăng ký chớ)? tiki thiệt là quan liêu.không coi trọng khách hàng mới.xoá bỏ ứng dụng ngay",1,Tiki,54,TRUE,,,,
Ggg Ghh,"giá 1k tiền ship 50,đã v còn kh có mã giảm giá nữa,mua bằng shopper còn ngon hơn gấp mấy lần,thật sự quá thất vọng!",1,Lazada,25,TRUE,,,,
hung son30,phiền phức...,1,Sendo,2,TRUE,,,,
Phong Huynh,cho mã giảm giá r bắt ng ta thức 12h đêm r ko săn dc thì ít nhất phải cho mã đền bù chứ,1,Shopee,24,TRUE,,,,
Cù Sinh,"ứng dụng với các dịch vụ thực sự rất tệ so với các trang tmđt khác mà tôi từng dùng. 1. mua hàng với phương thức thanh toán không linh hoạt. lỡ đặt hàng với phương thức không phù hợp phải hủy đơn đặt lại mới 2. khi đã đặt hàng thành công, trên app hiển thị vận chuyển đơn rất tệ, không biết đơn vị nào vận chuyển, mã vận đơn để tracking. 3. chăm sóc khách hàng tệ, liên hệ thì chờ đợi rất lâu. pop-up không kịp thời để người dùng chủ động hơn.",1,Tiki,97,TRUE,,,,
Anh Vu Nguyen,"không thể đăng nhập vào tài khoản trên thiết bị mới. chả hiểu bảo mật kiểu gì, cho số điện thoại thì không gửi mã để xác nhận. laz giàu quá không cần khách hàng. thôi đành qua shopee mua cho nhanh",1,Lazada,42,TRUE,,,,
An Pham,ứng dụng tuy free ship nhưng bán mắc cắt cổ .haizzzzzzzzzzzz,1,Tiki,11,TRUE,,,,
Mee,"mã thì ghi cho có thôi chứ chả áp đc bn cả, mã giảm giá cho ng ms đc 45k-50k thế mà áp vào cái túi xách 60k giá vẫn như cũ",1,Lazada,32,TRUE,,,,
Thu Thi,😡😡😡😡😡😡 👎👎👎👎👎,1,Tiki,2,TRUE,,,,
Túng Gaming,đăng nhập bằng số điện thoại khó lun tài khoản thì lấy thì cho khách hàng đăng ký để mua hàng quá tệ,1,Lazada,23,TRUE,,,,
Kim Ngân Lý,🙂🤡,1,Sendo,1,TRUE,,,,
Trương Hoàng Phi,"lỡ tạo vài nick, muốn xóa bớt mà trước khi xóa tài khoản thì có đọc là ""khi xóa tài khoản thì sẽ không thể sử dụng được gmail và số điện thoại này khi tạo tài khoản mới"". tại sao??? như này thì xin xóa app luôn, cứ cho là app có cả tỷ lượt tải mà kiểu như thế này thì tôi xin xóa app luôn.",1,Tiki,68,TRUE,,,,
TẠ TUYẾN (KIM),"phí vận chuyển quá cao, thời gian vận chuyển lâu, sản phẩm giá cao hơn so với các sàn tmđt khác như shopee hay lazada, khuyến mại không tốt.",1,Tiki,29,TRUE,,,,
Hải Nguyễn,"đặt mua hàng mà shopee tự hủy với lý do đơn hàng giao dịch bất thường rồi thu hồi hết mã giảm giá, nếu vậy thì đừng làm chương trình giảm giá, khỏi săn sale, khỏi phát mã giảm là xong, phát mã cho khách hàng dùng mà khách dùng xong bảo giao dịch bất thường hủy hết đơn của khách thì phát làm gì, 1 sao cho app, tệ",1,Shopee,70,TRUE,,,,
Trương Công Khanh,"chính sách bảo mật của lazada quá ngáo ngơ. bị xung đột tài khoản gmail, sdt, zalo, facebook. không có cái nào đang nhập vào được.",1,Lazada,26,TRUE,,,,
Minh Lã Thị,"nhucut ấy, k vào đc trang mã giảm giá nào luôn, hàng hóa cx k đa dạng, t tải về chỉ vì shoppe của t hết mã r thôi :)) ai dè thất vọng vl",1,Lazada,35,TRUE,,,,
ky Ly,không cho lấy quà và còn chặn tài khoản tôi và chặn nhắn tin 1 sao ok,1,Shopee,17,TRUE,,,,
Huy Nguyen,app như hạch hàng chưa giao nhưng báo đã giao liên hệ để khiếu nại không đc 🤬,1,Lazada,18,TRUE,,,,
Vicky Vicky,"khi xảy ra chuyện, dù lỗi hoàn toàn do shop bán hàng vu khống không căn cứ chỉ để bán được hàng, nhưng shopee không xử lý shop bán hàng, để mặc khách hàng, rất thất vọng về shopee, chính sách hoàn hàng trong 15 ngày như trò đùa con nít, một trải nghiệm không tốt về shopee, mua hàng thì né shop ""y khoa anh vân"" ra, sợợợợợợợợợợợợợợợợ",1,Shopee,69,TRUE,,,,
Lê Minh Trạng,"đơn vị giao hàng ko có tâm,2 đơn hàng 1 đơn giao 2 lần không thành công khi sđt đúng nhưng ko giao đc tận 2 lần,đơn 2 giao 1 lần không được thì hủy đơn,tự ý như vậy thì tôi thua",1,Tiki,42,TRUE,,,,
Sơn Lê Văn,mã giảm giá của tiki hầu hết là ko dùng đc dù chưa hết hạn mà thế nào mua mỗi lần chỉ đc 2 quyển tôi ko hiểu tiki ra mã giảm giá để làm màu thôi à mà cái nào cũng ko dùng đc,1,Tiki,45,TRUE,,,,
Duy Cao Nhật,"gửi cho cái mã giảm giá, mà khi mua hàng thì tự hủy đơn hàng với lí do hết sức là vô lý",1,Shopee,23,TRUE,,,,
Tâm Như Nguyễn,💩💩💩💩😡💩💩💩💩💩💩💩💩💩💩💩💩💩😡💩💩💩💩💩💩💩,1,Tiki,1,TRUE,,,,
Dương Đức Hà,"có mã giảm giá thanh toán qua moca nhưng liên tục báo không thanh toán được, bỏ mã cái là thanh toán được ngay. lừa đảo.",1,Tiki,26,TRUE,,,,
Tri Thai,"tạo ra chương trình hộp quà 1k, rồi hủy đơn, đổ lỗi do nhà bán hàng không gửi. liên hệ chăm sóc khách hàng còn khó hơn gặp tổng thống. nhân viên tư vấn có thái độ coi thường yêu cầu vấn đề cần xử lý của khách hàng, cứ hẹn mãi từ 24 tiếng lên 7 ngày, rồi lên vô thời hạn. đến nay cả tháng vấn đề vẫn chưa được giải quyết hay không muốn giải thích thì chỉ sendo biết. chỉ biết đổ lỗi cho các bên.",1,Sendo,90,TRUE,,,,
Long Nguyen,"tự ý hủy đơn của khách hàng, rồi còn hạn chế tài khoản nữa. trước thì khóa tài khoản luôn. tự ý liên hệ yêu cầu shop bán hàng hủy đơn hàng của khách hàng. chèn ép lừa đảo khách hàng vậy đó hả.",1,Shopee,44,TRUE,,,,
Tuan Chau,nhắn tin hỏi về sản phẩm mà không trả lời tệ,1,Sendo,11,TRUE,,,,
Trâm Nguyễn Quỳnh,"tự động hủy đơn khách vs lý do ko chính đáng. đơn sử dụng mã giảm giá cao cũng hủy đơn vs lý do lãng nhách. nên học hỏi shopee, tiki, lazada nhiều vào nhé. tẩy chay",1,Sendo,37,TRUE,,,,
Anh Mai,😤,1,Lazada,1,TRUE,,,,
Thanh Hai Tran,"bỏ qua nhiều lần nhưng vẫn tệ hại. tổng đơn 292,417d. tôi thanh toán qua viettel money. và đã báo giao dịch thành công. nhưng lazada bạn bảo chưa nhận được tiền nên chưa chốt đơn kêu tôi liên hệ viettel money. tôi liên hệ bên viettel thì xác nhận đã giao dịch thành công. bên này đẩy bên kia. (tôi tin viettel hơn bạn). thế là mất tiền. sau bình luận này tôi sẽ bỏ lazada vĩnh viễn.",1,Lazada,79,TRUE,,,,
Nga Nga,khuyên mọi người ko nên tải vì tôi dùng đc 1 năm rồi và ko mua bán j hay lợi dụng mã giảm giá mà tự nhiên khóa tài khoản của mình,1,Shopee,32,TRUE,,,,
Thảo Nguyễn,có voucher giảm giá 60k vô mua cái dép còn 8k tự nhiên hủy đơn hàng là sao v bn s ???????,1,Shopee,22,TRUE,,,,
Hy Ho,"sđt chính chủ người ta mới mua mà đăng ký tk mới để mua sắm mà báo lỗi đã dùng, ứng dụng như qq phải có - sao thì đánh giá âm vô cùng",1,Shopee,34,TRUE,,,,
TO Binh,???? sđt ms đăng kí đi hủy đơn ngta. mấy số r đ phải 1 số,1,Shopee,16,TRUE,,,,
Ngọc Anh Hoàng,"trải nghiệm cực kỳ tồi tệ. trong khi mọi người đều mua được hàng tmall với voucher thì tôi lại ko hề có mã giảm giá nào, app mua sắm tồi tệ nhất từng biết",1,Lazada,35,TRUE,,,,
Việt Chu,"đặt hàng từ tháng 7 mà tự động hủy, đến giờ chưa hoàn tiền. nhắn tin khiếu nại thì câu trả lời lần nào cũng giống nhau.",1,Tiki,27,TRUE,,,,
Thái Sơn Trần,tiki care quá tệ. có vấn đề đổi trả mà ko cách nào liên hệ được,1,Tiki,16,TRUE,,,,
서지우,đồ giao ko giống nhắn tin hỏi shop cx ko có phản hồi,1,Lazada,13,TRUE,,,,
Hoàng Mẫn Nguyễn,"thời buổi nào rồi mà còn quảng cáo shoppe đồng kiểm đến 60 giây không cho bỏ qua quảng cáo,2026 mà quảng cáo kẹt lại ở năm 2020 vậy,càn quảng cáo thì càn ít người dùng đến .....ngờ u ngu......",1,Shopee,40,TRUE,,,,
Trà Trần Thanh An,tôi lại bị tắt tính năng thu thập mã giảm giá (vì nghi ngờ bất thường) trong khi tôi vẫn đặt hàng lấy hàng bình thường,1,Lazada,26,TRUE,,,,
Ngọc Diệp Nguyen,😡😡😡,1,Shopee,1,TRUE,,,,
Hanh Duyen,"nhân viên tư vấn quá tệ, chưa nói xong đã cúp máy rồi. mình thanh toán bằng zalo pay ,do dịch nên bên tiki hủy đơn của mình, vậy mà không hoàn tiền về cho mình, nhắn tin không trả lời, gọi điện nhân viên tư vấn qua loa kêu là "" chị bấm góc phía dưới đơn hàng có đơn hoàn tiền"". nghe có vô lý không ạ. trước giờ e dùng zalo pay đặt hàng thì app sẽ chủ động hoàn trả luôn chứ không cần người mua thao tác gì hết. mà có ai biết nút ""hoàn tiền"" không? e thì chịu. mà hơn 1 tháng rồi vẫn chưa hoàn tiền.",1,Tiki,114,TRUE,,,,
Yên Trần,"lazada dẹp tiệm đi, đăng nhập mà lề mề mà nó còn cầu kì nữa, thà t dùng shoppe còn hơn lazada, shoppe đăng nhập gg rồi ghi sđt , đc là vô đc liền còn lazada , đăng nhập gg mà nó cứ kêu khoá vô zalo cx khoá, fb cx khoá rồi dùng bằng niềm tin, shoppe cs như lazada. tôi phải nói lazada tệ hơn shoppe nhìu đăng nhập còn ko đc nx rồi mua kiểu gì? bực mình, tôi sẽ xoá vì đăng nhập k đc, tôi qua dùng shoppe!!",1,Lazada,94,TRUE,,,,
Lương Huệ,"thử tải về xem nó như nào ai ngờ giao hàng rất lâu hơn tuần rồi chưa đơn nào chịu vận chuyển cứ đang chuẩn bị hàng, không có nhiều mã giảm giá hay freeship như shoppe, xu cũng ít áp dụng được nhiều như shoppe nói chung là tệ",1,Lazada,50,TRUE,,,,
nguyen van mạnh,",,,, ,,,,,, ,,z ,,,z , 9s , y@1😞c😢",1,Tiki,8,TRUE,,,,
Shimmy Chuga,"đặt hàng 2 tháng chưa giao, mail thì nói do dịch nên vận chuyển chậm, mình hay mua onl nên hiểu và cũng đã đợi nhưng giờ dịch ổn vẫn chưa giao trong khi mấy sàn tmdt khác ng ta giao từ lâu rồi đã vậy cũng ko cập nhật tiếp đơn hàng. hồi xưa tiki rất oke mình rất hay mua, giờ phải gọi là quá tệ, liên hệ nv cskh trên app cũg ko có, hủy đơn thì rắc rối. mình mà nhận hàng được thì sẽ rate tiếp 1 sao và say bye với tiki :)",1,Tiki,99,TRUE,,,,
Nguyen Dong,"mua hàng này chuyển hàng kia, khi gọi sđt kho hàng ghi trên thùng hàng thì thuê bao. đã khiếu nại nhưng giờ này sendo chưa giải quyết.",1,Sendo,28,TRUE,,,,
Nguyen Chau,dịch vụ yếu kém. bán giá cao hơn lazada. không cho hủy tài khoản. k cho thay đổi email và.... chăc thu thập thông tin khách hàng với mục đích khác??????,1,Tiki,31,TRUE,,,,
Hà Phương,giao r mà vẫn để đang giao mấy ngày r nhắn tin hỏi thì bảo để xem lại r h vẫn vậy,1,Tiki,22,TRUE,,,,
Quyên Hoàng,không biết bài học giải quyết vấn đề ở chỗ này như thế nào mà shipper cúp máy khi người mua vừa bấm nghe và nói 1 lần alo. người mua gọi lại 4 lần ngay lập tức thì không nghe. cái cơ bản để giải quyết trước hết là shipper đây - người không thèm nghe điện thoại lại khi người mua cố liên hệ lại mặc dù shipper tự ý cúp ngay khi người mua bắt máy chỉ sau 2 tiếng reo không đứng ra chủ động khắc phục ngay. tuyển người nghe điện thoại cho có vị trí và tạo việc làm cho có chứ chất lượng thì không có.,1,Shopee,113,TRUE,,,,
Thu Thùy Võ Thị,"tôi đặt hàng 3 bao gạo là hàng thiết yếu và thanh toán ngay để nhận hàng ko tiếp xúc. vậy mà hơn 20 ngày ko giao hàng, ko báo lại 1 tiếng. tôi chủ động liên hệ thì rất lâu mới phản hồi. bảo đợi thêm 5-7 ngày nưã. và chỉ bảo đợi chứ các bạn ko hề có động thái hối thúc hoặc xem đơn hàng đi đến đâu, gặp trục trặc gì để thông báo và giải quyết cho khách hàng. quá sức tệ! ko đáng 1*! dịch dã đã khó khăn mà còn vừa mất tiền vừa ko có hàng cũng chẳng được 1 lời giải đáp cho rõ ràng! hết sức bực mình!",1,Tiki,118,TRUE,,,,
Bach Nguyenvan,"kém cho mã mà sử dụng xong lại hủy đơn ,liên hệ với nhân viên thì chậm chạp không xử lý được yêu cầu.nói chung là quá kém",1,Shopee,28,TRUE,,,,
Loan Phương,mình là người mới mua hàng đc mã giảm giá áp vào thì lại hủy đơn của mình,1,Shopee,18,TRUE,,,,
Tình A.R.M.Y,"tải app dùng app mấy năm trời tới bây giờ ko thấy cải thiện chỉ thấy tệ hơn, hạng bạc mua đồ còn áp được mã giảm giá, lên hạng vàng mua cái giỏ nhựa hơn 100k vô thanh toán gấp đôi luôn, mua bán gì nữa",1,Shopee,47,TRUE,,,,
Trí Nguyễn,xác minh sdt lằng nhằng phiền phức. gửi mã otp là đủ r . hủy hàng cũng rất phiền điền đủ thứ trong khí dùng mã giảm giá . ép khách hàng điền thông tin cá nhân như cmnd thẻ ngân hàng,1,Shopee,42,TRUE,,,,
Đào Văn Chính,😡😡😡😡😠😠😠😠🤬🤬🤬🤬🤬😈😈😈😈👿👿👿👿tuc qua,1,Lazada,2,TRUE,,,,
Hải Thiên Phạm,ko có mã giảm giá nhiều,1,Lazada,6,TRUE,,,,
Bằng Bùi Hải,"tự ý hủy đơn hàng khách, lí do ko đáp ứng đủ điều kiện trong mã giảm giá, thế nhưng vẫn cho khách hàng thanh toán vẫn hiện mã giảm, cái app t cạch mặt mua qua shopee chưa bao giờ gặp trường hợp như này, app rác, thời gian sale thì hết",1,Tiki,53,TRUE,,,,
Mung To,đăng nhập đăng ký ko đc gg hay zalo fb cũng ko đc đăng nhập bao nhiêu ạc thì m khóa bấy nhiêu. gọi chăm sóc khách hàng chỉ đc 8s rồi tắt?,1,Lazada,33,TRUE,,,,
Thà Vo,🏳️‍🌈🏳️‍🌈🏳️‍🌈🏳️‍🌈🏳️‍🌈🏳️‍🌈🏳️‍🌈🏳️‍🌈🏳️‍🌈🏳️‍🌈🏳️‍🌈🏳️‍🌈🏳️‍🌈🏳️‍🌈🏳️‍🌈🏳️‍🌈🏳️‍🌈🏳️‍🌈🏳️‍🌈🏳️‍🌈🏳️‍🌈🏳️‍🌈🏳️‍🌈🏳️‍🌈🏳️‍🌈🏳️‍🌈🏳️‍🌈🏳️‍🌈🏳️‍🌈🏳️‍🌈🏳️‍🌈🏳️‍🌈🏳️‍🌈🏳️‍🌈🏳️‍🌈🏳️‍🌈🏳️‍🌈🏳️‍🌈🏳️‍🌈🏳️‍🌈🏳️‍🌈🏳️‍🌈🏳️‍🌈🏳️‍🌈🏳️‍🌈🏳️‍🌈🏳️‍🌈🏳️‍🌈🏳️‍🌈,1,Tiki,1,TRUE,,,,
Phuoc Lethi,1 ký ổi giá 15 ngan..mình đặt mua 2ky...tính 800ngan tiền ship....là sao...app này quan lý kiểu gì??????,1,Sendo,18,TRUE,,,,
Linh Ngoc,"đặt hàng từ ngày 17/8 đợi tới giờ không giao hàng còn tự hủy của khách mà không liên hệ, đơn hàng thanh toán rồi nhưng hủy đơn mà không hoàn tiền về, gửi yêu cầu trợ giúp nhiều lần nhưng không thấy phản hồi , tiki làm việc kiểu này sau khách dám mua hàng thêm nữa, quá mất lòng tin rồi",1,Tiki,63,TRUE,,,,
Trâm Phạm,"mã giảm giá xò chám, dù có canh đúng h cũng éo xài dc đâu, app còn rất nặng máy",1,Shopee,20,TRUE,,,,
Toki Kurumi,"tôi khiếu nại việc mất voucher người dùng mới vì phải hoàn hàng do shop gửi mỹ phẩm kém chất lượng.vấn đề phải chuyển đến trưởng nhóm cskh phản hồi email nhưng nội dung chỉ lặp lại“voucher người mới không thể hoàn trong bất kỳ trường hợp nào”không hề trả lời các vấn đề tôi nêu.nếu đã là quy định k thể thay đổi thì vì sao không phổ biến cho nhân viên cskh để nói ngay từ đầu,khiến khách phải mất nhiều ngày liên hệ chờ đợi?cuối cùng không hoàn voucher,cũng không có hỗ trợ hay một lời xin lỗi nào",1,Shopee,102,TRUE,,,,
Cầm Khắc,"đã bán hàng mắc hơn ở ngoài bán thu phí người bán cao mà còn không có freeship ,mua vip tốn tiền mà còn phải dành giật cái mã giảm giá,áp mã ngon đặt 2 giao 1 ,đặt đơn khác áp mã giao hàng lỗi,riết làm ăn không ra gì,qua tiktok mua là ngon",1,Shopee,54,TRUE,,,,
Thiet Ly,"app này sắp xếp hàng hóa và thông tin hàng hóa khó coi quá , không giống lazada , lazada dễ coi dễ hiểu biết nhanh hơn nhiều ......",1,Sendo,29,TRUE,,,,
Sơn Vũ Hồng,"đặt 2 đơn hàng dùng chung mã giảm giá (ti tỉ cái mã như nhau), xong giờ tôi bị 1 shop nó ôm đơn hàng ko thèm giao thì ko cho hủy, dù đã thanh toán rồi????",1,Lazada,37,TRUE,,,,
Sunny Sunny,"mới đăng nhập đã bị khoá tài khoản , kêu liên hệ cskh thì máy toàn nói ấn vào 1/2/3 để hỏi..... ( khoong liên quan đến tài khoản gì cả ) . đã đợi nửa tiếng vẫn chưa hề thấy nhân viên ra nói",1,Lazada,45,TRUE,,,,
Phúc Đặng Thiên,mới tải đăng ký số điện thoại thì bị khoá tài khoản chẳng hiểu thế nào,1,Lazada,16,TRUE,,,,
Đăng Khoa Lâm,mua hàng không cho kiểm tra. liên hệ tư vấn thì chờ như con chờ mẹ đi chợ về. khi off thì nv chat trả lời. quỳ lạy!,1,Tiki,28,TRUE,,,,
trang duyanh,t mới sử dụng lần đầu tiên mà cái cớ gì cho số điện thoại t vô danh sách đen ?,1,Lazada,21,TRUE,,,,
Thô bạo Lê,đăng nhập vào liên kết sdt ko được bắt gửi otp mà ko gửi dc ko có zalo nữa tệ,1,Shopee,20,TRUE,,,,
Lọc Nước,"lỗi mã cr01, chua mua được gì quá thật vọng, không áp được mã giảm giá.",1,Lazada,16,TRUE,,,,
Manhnguyen,😡,1,Shopee,1,TRUE,,,,
Lập Nguyễn Đình,đặt hàng. app báo đang đi giao. nhưng không hề có bất cứ cuộc gọi nào từ shipper. mà hệ thống dám thông báo là liên hệ với khách để giao 3 lần không được. rồi tự động hủy đơn. tao mua hàng chứ không xin chúng mày nhé mấy thằng tiki ạ. giao hay không giao thì phải nói cho chính xác. đây không phải là lần đầu tao mua hàng. rất nhiều lần rồi nhưng chất lượng phục vụ càng ngày càng đi xuống. cho 1 sao là đáng.,1,Tiki,91,TRUE,,,,
Giang Le,đăng nhập để mua hàng mà lazada làm rắc rối quá.. đăng ký bằng số điện thoại cũng bảo tài khoản bị khóa vì bảo mật... trước nhập mã otp xác minh là xong nên cân nhắc cách đăng ký cho dễ dàng hơn chứ thấy rất tệ rồi,1,Lazada,49,TRUE,,,,
Chí Nguyên Ngô,"đặt 2 đơn cùng lúc thì lỗi và khóa tài khoản, quảng cáo quá nhiều dùng voucher thì lỗi, sđt thì kẹt trong tài khoản bị khóa, ăn lỗi f02 lên tục, app như culon",1,Shopee,35,TRUE,,,,
Lan Hương Nguyễn Thị,"bad app, đợt mùng 1/6 tải để mua sách tặng mấy đứa cháu mà phí ship đắt, ship loằng ngoằng, thao tác khó sử dụng (đặt 1 đơn, áp mã giảm giá, chưa thanh toán, muốn đặt thêm vài sp khác mà đơn kia ko thể hủy để áp lại mã giảm giá), tạm biệt, ko hẹn gặp lại.",1,Tiki,59,TRUE,,,,
Ka Linh,"đề nghị nên cung cấp số điện thoại và tên của người giao hành nhằm đảm bảo an toàn cho người mua hàng, không bị lừa đảo.",1,Shopee,27,TRUE,,,,
tran nha,shopee làm ăn không hiểu đc cho mã giảm giá làm gì rồi không cho sài hỏi không cho sài thì cho mã làm gì 😡😡😡,1,Shopee,26,TRUE,,,,
Quy Phu,toi mun 1tr vao vi ..sao nhan vien ko ai ho tro va huong dan de nqp vay ..ung dung tao lao ..mo cho tin nhan ra ..de khach nhan tin nap tien vao ..ko vao thi gui tin nhan vai ..khi vao lazada .chang co huong dan ..nghi,1,Tiki,49,TRUE,,,,
02.HoàngAnh,"làm ăn như con cặk, app đell có chỗ ib vs ng giao hàng à? vd : t muốn giao hàng vào 5h mà thế đell nào cứ giao buổi sáng mong app khắc phục đifff mẹ",1,Tiki,37,TRUE,,,,
Cường Nguyễn,app như l app mã giảm giá rồi hủy méo hiểu,1,Shopee,11,TRUE,,,,
Đông Trần,ko hề có mã giảm giá cho bạn mới luôn,1,Lazada,10,TRUE,,,,
hieu cao,ngoài việc có vài mã giảm giá sâu hơn shoppe thì app giao hàg rất chậm,1,Lazada,16,TRUE,,,,
Hà Nguyễn,di me có bị j k v đang chs game cứ qc shoppe hoài dumaaaaaa,1,Shopee,15,TRUE,,,,
Shironeko Kazuki,tôi chưa từng dùng shopee mà nay đăng ký lại thông báo số điện thoại của tôi ko đăng ký dc. quá tệ,1,Shopee,23,TRUE,,,,
Đỗ Ngọc,"đơn đặt 1/2 đến hôm nay 10/2 vẫn lưu kho bên ghn không chịu giao rồi chuyển hoàn ,khiếu nại lên shopee 1 tuần liền nhưng không được giải quyết, quá coi thường khách hàng!!!!! bọn làm ăn thất đức !!!!!!",1,Shopee,41,TRUE,,,,
Zakases,"từ đợt tháng 12 trở lại đây , cứ đặt đơn nào là kiểu gì cũng có 1 anh bên cam gọi hỏi thăm sức khỏe , yêu cầu kết bạn zalo.",1,Shopee,32,TRUE,,,,
Yêu T,👎🏼,1,Lazada,1,TRUE,,,,
Uyên Thảo,dở tệ🥥,1,Tiki,2,TRUE,,,,
Đức (Nguyễn Phan Minh Đức),"tôi là khách hàng lâu năm, mua bán bình thường mà không hiểu vì sao bị chặn không cho dùng mã giảm giá. nhất là bị ngay vào đúng đợt sale lớn. app làm ăn kiểu gì vậy? cố ý đuổi người dùng à?? tôi đã từng rất ủng hộ và mua cực nhiều đơn. rất bức xúc vì bị đối xử như thế này, phí ship sàn đã cao rồi mà giờ không cho dùng mã nữa thì chịu. tình trạng như này còn tiếp diễn thì bỏ",1,Lazada,89,TRUE,,,,
Hiền Phan,ít mã giảm giá sài cũng ko tốt lắm với lại giá ở ngoài khác bấm vô mua khác,1,Shopee,19,TRUE,,,,
T triple,"shop thì bán hàng lỗi cho khách. khách lỡ click nhận hàng là khỏi đổi trả, shop thì đổ lỗi do tính năng của app và đổ lỗi cho khách hàng. quá tởm",1,Lazada,33,TRUE,,,,
hung phi,tại sao thêm số điện thoại không được dù thử mọi cách vẫn ko được toàn lỗi chán không muốn nói,1,Shopee,21,TRUE,,,,
Huy Ho,"quá mệt! mã giảm giá có mà như không , hàng ko đa dạng",1,Sendo,14,TRUE,,,,
Anh Thư Phạm,không thanh toán đc bằng momo. cũng k cách nào chọn ship cod. cứ bắt thanh toán zalopay. ép uổng nhau thế :),1,Tiki,23,TRUE,,,,
Ut Luc,như 💩,1,Lazada,2,TRUE,,,,
Hiền Giáp Thị,mn vàimẹ.có,1,Tiki,2,TRUE,,,,
Hadi,"hàng đến nơi thì không ai gọi,1 nhắn tin ra nhận toàn bắt bật thông báo ứng dụng lên để xem. hàng toàn để quên không ai nhắc.",1,Sendo,28,TRUE,,,,
Anh Đào,"vừa mới tải về xong tạo tài khoản mới thì bị lỗi ul00 dù chưa từng tải về máy. gọi cho cskh thì bảo lỗi không hỗ trợ được, bảo tạo tài khoản mới. tạo xong thì tài khoản mới cũng lỗi đó, số điện thoại ở đâu ra mà tạo nhiều tài khoản. lừa đảo khách hàng. làm ăn gian dối. muốn thử trải nghiệm nhưng như này thì thôi, không bao giờ mua hàng. làm ăn rất tồi tệ. tốn kém tiền để gọi cskh mà không làm được gì. phí tổng đài cũng không rẻ.",1,Lazada,98,TRUE,,,,
trung vũ,sđt của mình cứ kêu không đúng định dạng. quá tệ !,1,Tiki,12,TRUE,,,,
Liên Trương,phải nhập số điện thoại nhập xong thì lỗi mã m02 là sao z trời,1,Shopee,15,TRUE,,,,
Huyền Nguyễn kim,"lazada ít mã giảm giá,cskh k tốt,làm gì cũng bị lazada khoá hết tài khoản vì lý do bảo mật,vào nick mới cũng k đc.",1,Lazada,25,TRUE,,,,
Su Shu,"dở lắm. đặt hàng từ ngày 14/7/2021 đã thanh toán qua zalo pay. đến hôm nay, ngày 25/9/2021 vẫn không giao hàng, vẫn ở trạng thái giao hàng. làm việc với cskh thì k giải quyết, gọi đợi ship giao hàng. thiết nghĩ đến hết tháng 12/2021 sendo có giao hàng cho tôi hay không, đã mua cực kì nhiều sàn nhưng đây là trải nghiệm tồi tệ nhất của tôi!!!!!! 1*! đên hiện tại, ngày 29/3/2022 vẫn không hoàn tiền cho đơn hàng t7/2021 t đặt, kinh khủng. thế giới này chỉ có sendo mới cư xử như vậy với khách hàng",1,Sendo,103,TRUE,,,,
minh hằng,"yêu cầu giải quyết vấn đề sđt khách hàng thì không giải quyết. hệ thống thì cứ lỗi không cho cập nhật sđt, không cho xóa tài khoản. là sao nữa?????",1,Shopee,31,TRUE,,,,
Dân Quyền Phan,"app làm ăn lừa đảo, treo mã giảm giá người mới 100k cho cố vô xong nhấn vào lúc nào cũng 'rất tiếc không đủ điều kiện'. đổi cả sim mới, mạng mới, tài khoản mới vẫn báo lỗi. làm ăn kiểu này thì dẹp mẹ cái app đi cho rồi, mất thời gian của người khác. 1 sao cho sự lừa lọc",1,Shopee,63,TRUE,,,,
Nguyễn Trung,"dạo này có đặt mấy đơn 1 tháng rồi chưa giao mà không hủy đơn được, đã trả tiền rồi nữa chứ. nhắn tin thì không ai trả lời toàn bắt nói chuyện với ai thôi không khiếu nại được lazada làm ăn không uy tín gì cả sao dám mua hàng nữa.",1,Lazada,53,TRUE,,,,
Thái Trương Quốc,"tiki những đơn thanh toán rồi giao hàng rất lâu. liên hệ chỉ ậm ừ trả lời cho có, không giải quyết. chính sách hoàn tiền chậm trễ. nhân viên tư vấn kém, app tư vấn lâu. mọi người nên tẩy chay tiki đi vì quá xem thường khách hàng.",1,Tiki,50,TRUE,,,,
NGUYỄN TÂN PHONG,"mua hàng trên sen đỏ trả tiền trước bằng ví zalo pay, nhà vận chuyển từ chối vận chuyển đơn hàng, đã gọn nhân viên tư vấn bảo hủy đơn hoàn tiền. vậy mà đơn hàng đặt từ ngày 11 tháng 1 năm 2022 tờii nay vẫn chưa thấy hoàn tiền, mà trong trang chủ thông báo sẽ hoàn tiền từ 2 tới 4 giờ cho ví zalo pay. gọi điện phản hồi thì tính tiền cước gần hết đơn hàng rồi.chán cho sen đỏ.... mọi người hãy cẩn thận mua hàng đừng bao giờ trả tiền trước nhưng mình sẽ bị mắc quai đó.",1,Sendo,105,TRUE,,,,
Ťrí Ñgûÿêñ,"đã quên mật khẩu vào không đc. bấm quên mật khẩu, nhập mã gửi về sms rồi lại bắt xác minh bằng mật khẩu hiện tại là cái ioonf gì nữa vậy?????? t nhớ được mật khẩu thì nhấn phương thức khác ăn cc à. ứng dụng rác y chang cái wechat, tài khoản đã sử dụng từ trước, tới khi tải lại app vào cũng đ cho vào luôn mà",1,Shopee,71,TRUE,,,,
Gia đình& Xã hội,"ví sao lúc nào cũng lừa người ta click vào vậy,trong khi không có nhu cầu mua, không có tiền,nghe nhạc cũng ko yên, chơi game cũng ko yên,đọc báo xem phim cũng ko yên, nhiều lúc làm đơ máy, liên tục làm tắt toàn bộ ứng dụng vào lại",1,Shopee,50,TRUE,,,,
Thiện Nguyễn ngọc,thật sự mình khá thất vọng mình từng tạo tk lazada từ 2021 ts h quay lại cho cái mã giảm giá 10% tối đa cx chỉ đc 150 mà đk phải mua sản phẩm 1tr5 trở lên ms đủ chán chả muốn nói vài năm nx sặp là chắc,1,Lazada,50,TRUE,,,,
Quang Dinh,quảng cáo nhiều quá 🤬🤬🤬🤬🤬🤬🤬😡😡😡😡😡😡😠😠😠😠😠😠,1,Lazada,5,TRUE,,,,
Nghĩa Lâm,thanh toán qua ví zalo pay trừ tiền rồi lại bị hủy đơn đặt lại vẫn bị hủy nhưng không giải thích lí do hủy,1,Tiki,25,TRUE,,,,
viện vương,quảng cáo gì mà lắm thế t gỡ cài đặt luôn giờ😡😡😡😡😡😡😡😡😡😡,1,Lazada,12,TRUE,,,,
"Nhon, Vo Ngoc","tiki không hợp tác với zalo, tự động logout tài khoản, không chủ động hướng dẫn khách hàng. đến khi khách hàng mò mãi không được mới lòi ra sự vụ. nếu xử lý không ra hồn, tôi sẽ chuyển qua app khác và kêu gọi đồng nghiệl đổi app!",1,Tiki,50,TRUE,,,,
Trinh Phạm,lag quay vòg vòg bắt người ta xác nhận gửi mã về nhập vào i hệt thì không được??mất sđt nên mới đổi số khác mà cứ bắt xác nhận gửi mã về số đó ma coi hả cái app lờ này sập sớm dùm cái!😡,1,Lazada,46,TRUE,,,,
Minh Phúc Nguyễn Ngọc,"app mua hàng mà không cho đặt hàng, nhắn tin với tvv thì bảo fix mà không fix, gửi hơn chục cái mail mà chả cái nào fix lỗi đc, làm ăn sống nhăn, chán.",1,Lazada,35,TRUE,,,,
phan Phan,"gục,",1,Tiki,1,TRUE,,,,
Nở Hoa Tre,tổng đài thì liên hệ k đc. app cứ mở ra là nhảy quảng cáo. rối mắt.,1,Sendo,17,TRUE,,,,
Nhân Tướng Học & Đời sống,cảnh báo... cảnh báo..toàn hàng rỡm. mà giá tự nâng cao lên sale 30% xuống vẫn cao hơn sp y chang bên shopy k có sale đã vậy còn giao thiếu phụ kiện nữa. moá trá hình thế thì nói sale làm gì. nhắn tin shop thì rặn mãi mấy ngày mới trả lời. trước giờ hỏi mấy người nói bên sendo toàn hàng rởm làm ăn bố láo quả không sai.sau bl này tôi cũng xoá luôn app. quá vớ vẩn.. cùng 1 sp hàng lúc nào cũng đắt hơn shopee 20k đến 50k. có cái đắt gần gấp 3 lần,1,Sendo,102,TRUE,,,,
dat chua,"sendo giờ làm ăn càng ngày càng tệ hại. trước mình chỉ dùng sendo vì sendo có chính sách chăm sóc khách hàng rất tốt. giờ ai còn mua hàng trên sendo là sai lầm lớn. giao hàng thì lâu khủng khiếp, đặt 1 đơn hàng từ quận 9 qua quận 12 hơn nửa tháng vẫn chưa tới. liên hệ với sendo để hủy đơn hàng trên chat và điện thoại chờ dài cổ tốn tiền điện thoại cũng ko gặp được ai. sau lần này tôi sẽ tẩy chay sendo và khuyên mọi người mua hàng giá rẻ và vận chuyển nhanh thì mua trên shopee hoặc lazada.",1,Sendo,109,TRUE,,,,
Huy Nguyễn,app ko cs mã giảm giá khi tạo tài khoản mới,1,Lazada,11,TRUE,,,,
Phương Trần,"quá thất vọng, ko liên kết đc vs ngân hàng, mã giảm giá thì đểu lúc dùng đc lúc ko dùng đc, bắt phải đăng nhập nhiều thứ loằng ngoằng, xem video hoặc live mà ko nhận đc xu. tóm lại là như🤞",1,Shopee,43,TRUE,,,,
Minh Thành Nguyễn,đang đói vãi cả l mà tự dưng hủy đơn 😡😡😡😡😡😡😡,1,Shopee,11,TRUE,,,,
Robin Goodfellow,"đơn hàng bị hủy bởi người bán mà nhiều ngày ko có thông báo gì cho mình hay biết, nếu ko phải mình chủ động liên hệ hỏi nhân viên tiki thì giờ này chắc mình vẫn đang mỏi mắt trông ngóng bưu tá tới giao hàng. được lắm, 1 sao",1,Tiki,51,TRUE,,,,
Hồ Hoàn Tuấn Vĩ,"lí do khoá tài khoản không hợp lý, không cho sử dụng lại số điện thoại cũ để dùng. khó chịu vô cùng.",1,Shopee,23,TRUE,,,,
Trang Thùy,"nhắn tin cho shop mà k thấy trả lời, tự ý hủy đơn hàng k có lý do xong ghi là mình tự hủy. 1 lần trải nghiệm tồi tệ",1,Tiki,30,TRUE,,,,
Dũng Văn,"làm việc quá tệ. 2 lần bị ngâm đơn, lần đầu thì 2 tháng nhưng k giao. tiếp theo đơn này cũng 2 tháng k giao tiếp tục. nhắn tin cskh của tiki thì trả lời máy móc. nhắn tin thì rep tin nhắn có sẵn. lúc onl thì k rep cho khách, lúc khách off thì rep xong tự trả lời là do k thấy khách hàng trả lời nên dừng cuộc trò chuyện? đến khi onl rep thì lại kêu nói lại từ đầu? đã rất nhiều lần và rất tệ hại! còn việc giao hàng thì k gói hàng cho khách hàng chuẩn, cũng luôn bị móp hàng hoá, chán thật sự luôn!",1,Tiki,116,TRUE,,,,
Tuyen Nguyen Quang,nghèo khuyến mại . giá lại cao . auto ế dài .,1,Tiki,12,TRUE,,,,
Trường Vy Trần Thị,"cày tưới nước lúa 2 lần mún chết, r cái kêu k còn gạo, lừa bịp, lừa gà, ko còn gạo thì xoá trò chs đi để ra lm j ngta chs r k có tặng, gieo hi vọng r dập tắt àk. lừa đảo thật .......",1,Lazada,47,TRUE,,,,
Thiên Hoà Trần,"đăng kí tk thì không được toàn là kêu tài khoản bị khoá chuyển fb, gg,zalo cái nào cũng kêu khoá điện tổng dài thì nói 1 2 câu tắt máy",1,Lazada,31,TRUE,,,,
Nghia Phan,như l*¿,1,Sendo,2,TRUE,,,,
Ha Le,khi nhắn tin để đặt mua hành có phần gủi ảnh nhưng ấn vào ko hiểm thị ảnh để gui vẫn con kém so vs shoppe và lazada,1,Sendo,28,TRUE,,,,
lv louis,khi tạo tài khoản mà khi nhập sdt mà nó nói là không đăng nhập được r nó khoá acc tui luôn là sao tui bị khoá hơn 3 cái tài khoản rồi làm ăn v chết r nhập sdt xong gửi qua sms mà nó nói là chưa đc đăng nhập rồi khoá tài khoản của ngta??????? xem xét lại giùm!,1,Lazada,62,TRUE,,,,
Thành Ngọc,"đăng nhập vào thì không thấy tài khoản đâu đã vậy còn khoá luôn làm tôi phải mất cả buổi để đổi đến từ số điện thoại qua email hay mạng xã hội như facebook, zalo đều không được!!! rất không hài lòng về trải nghiệm này",1,Lazada,47,TRUE,,,,
Thiện Long,"app ncc sài biết bao lâu đã từng đánh giá 5 sao, nhưng có vấn đề là giao hàng trễ hẹn r mình hủy đơn và mình đã thanh toán qua zalopay trước đó r, hủy đơn k hoàn tiền, đt tiki đổ lỗi qua zalopay hết lần này tới lần khác 2 bên ai cũng chối bỏ trách nhiệm, vậy ăn tiền ngta như v à, kím tiền dễ quá z, đúng là dân ăn cướp trắng trợn mà",1,Tiki,80,TRUE,,,,
Koob,tồi tệ chưa từng thấy đơn hàng 5.5kg trên đường vận chuyển bị rạch còn có 3.1kg bọc lại xong lại in tem nhãn xong gửi cho khách 1 nhà chuyển phát lớn như này mà dám trộm hàng chưa thấy bên vận chuyển nào chơi kiểu đấy với khách cho xin số điện thoại hỗ trợ của lazada,1,Lazada,59,TRUE,,,,
Duc Manh,shopee lỗi số đt của mik mà k đăng nhập đc mà shopee cứ báo sđt đã liên kết với tài khoản khác???,1,Shopee,23,TRUE,,,,
Mua Thu,"sử dụng rất bất tiện. bấm thanh toán đã không được, xong còn mất một lượt khuyến mại. cũng không hướng dẫn vì sao không thanh toán được. 😡",1,Sendo,29,TRUE,,,,
Tuan Pham,không đổi được số điện thoại,1,Shopee,6,TRUE,,,,
thông đặng đức,shoppe ăn cướp tiền hả . tôi mua hàng ko đúng . nên trả hàng và hoàn tiền . ai ngờ tôi trả hàng rồi mà nhắn cho shop nói là ví shoppe . thì mình cũng chờ nhận tiền. nói là trước mùng 9/1/2026 sẽ trả tiền . vậy mà giờ mùng 10/1/2026 thì lại ko thấy tiền đâu . nhắn tin hỏi shop thì ko trả lời . tôi cũng đến chịu shop với shoppe đấy,1,Shopee,78,TRUE,,,,
Duc Levan,hết số điện thoại để xác nhận,1,Shopee,7,TRUE,,,,
Lam Triều Võ,"đặt hàng từ ngày 15/1 dự kiến giao 18/1 rồi 20/1 bây giờ 1/2 vẫn không thấy liên hệ gì, làm ăn như quần què.",1,Lazada,25,TRUE,,,,
Khanh Lam,"đặt hàng thì không giao, đến lúc khách hàng hỏi thì yêu cầu hủy đơn hàng, nhưng đến lúc khách kêu hoàn tiền thì......., nói chung là cực kỳ tệ nhé, tốt nhất là không mua, để khỏi phí thời gian và bực bội",1,Tiki,44,TRUE,,,,
Dáng Võ,tệ 😤,1,Lazada,2,TRUE,,,,
hai hoang,"đơn hàng bị hủy, không thấy hoàn tiền liên hệ tổng đài thì hướng dẫn hết 2p(2k) rồi báo giữ máy chuyển đến chăm sóc khách hàng vừa dứt câu nói là kết thúc luôn cuộc gọi, gọi lại cũng như vậy, gửi mail thì mấy ngày không trả lời.",1,Sendo,50,TRUE,,,,
Hung nguyen,mới tải về và đang trong bước xác thực số điện thoại cái nó khóa tài khoản vì nghi ngờ gian lận 🙂,1,Lazada,23,TRUE,,,,
Michelle Huang,"đặt hàng trên tiki k biết được nhà cung cấp ở chỗ nào. giao hàng bắt đầu từ đâu, cũng k biết đang vận chuyễn là đã tới chỗ nào rồi. liên hệ ncc cũng lâu nữa",1,Tiki,37,TRUE,,,,
Hiếu Lê,như cc nên block mấy bán mà khi người mua ib ko trả lời mà cứ tạo đơn rồi gửi đi thôi,1,Sendo,22,TRUE,,,,
Tuấn Nguyễn,ứng dụng lừa đảo . tao chưa bao giờ sử dụng lazada bao giờ và bây giờ tải app về đăng ký sử dụng lần đầu tiên và khi đăng ký số điện thoại vào app xong thì khóa tài khoản cả 2 số điện thoại và bắt gọi tổng đài . ứng dụng lừa đảo. cho 1 sao khuyên mọi người không lên sử dụng,1,Lazada,66,TRUE,,,,
Thúy Kiều Nguyễn Thị,🤗,1,Shopee,1,TRUE,,,,
Sojin Chua,tôi ko thể lấy lại sđt của mình,1,Shopee,8,TRUE,,,,
Hồ Công Hiếu,quá tệ!!!!!!!,1,Lazada,2,TRUE,,,,
Thư Lê,"chưa giao hàng mà bảo đã giao rồi; nhắn tin cho shop hay sendo đều không nhận được phản hồi và giải quyết; ứng dụng tệ nhất, nếu không khắc phục mình sẽ không mua bất cứ cái gì nữa😠!",1,Sendo,40,TRUE,,,,
Sơn Lâm Trường,"đã từng đánh giá 5 sao... giờ thì một sao vì đã mất lòng tin. mua hàng bằng zalopay, cả tháng cũng chưa giao. rồi tự hủy mà tiền thì không hoàn về. thất vọng...",1,Tiki,35,TRUE,,,,
Gia Huy To,"lazada đã tự động hủy đơn hàng của tôi, mã giảm giá đã được áp dụng vào ngày 10/10 mà lại lấy lý do để hủy đơn hàng của tôi",1,Lazada,30,TRUE,,,,
Gia Huệ Vương,"muốn thay số điện thoại cho tài khoản vì lúc trước sử dụng số đt của người thân mà cứ hiện lỗi hoài, hỏi sửa sao thì cứ chỉ lại cách tui làm mà hiện lỗi, r chỉ toàn mấy cái không thực hiện đc, hỏi không thực hiện đc lại quay về chỉ cách ban đầu rất là bực, muốn tạo tài khoản shopee pay mãi mà ko đc 🤬🤬🤬🤬🤬🤬🤬🤬🤬🤬",1,Shopee,71,TRUE,,,,
Toai Thanh,"yêu cầu hủy đơn hàng hoàn tiền thì bên tiki bảo liên hệ shop , liên hệ shop thì bảo liên hệ tiki đùng đẩy trách nhiệm như thế khác gì mấy thành phần đa cấp lừa đảo",1,Tiki,38,TRUE,,,,
Thanh Nguyen,dma cc j tự truy cập vô điện thoại người sử dụng đang chạy tik tok fb zalo gì nó cũng tự nhảy vô,1,Lazada,24,TRUE,,,,
Kim Phụng 29,"à mình bấm đặt mà nó đé* cho đặt cứ bắt mật khẩu rồi sđt liên tục không đặt được,thề vs lòng không tải lần 2 tks",1,Tiki,27,TRUE,,,,
Huỳnh Như Ý-42,shop né tránh yêu cầu tôi tự trả hàng tôi đã làm hồ sơ trả hàng bên shoppe và được chấp nhận vào ngày 27/1 và cho đến ngày 1/2 vẫn không có liên lạc của shipper hay cập nhật trạng thái trả hàng và sau đó tôi đã liên hệ bộ phận cskh và được phản hồi sẽ có shipper khác đến lấy trong vòng 24h nhưng đến nay vẫn chưa có ai . ngay sau khi thấy tôi đợi quá lâu tôi đã lên lại trang shoppe và biết được yêu cầu trả hàng đã bị hủy chỉ vì tôi không thấy shipper nào đến lấy hàng trả và thời gian đi gửi hàng,1,Shopee,116,TRUE,,,,
Lan Nguyễn,"đừng đặt hàng qua bọn lừa đảo này!!!!!!!!!!! đặt hàng bắt chuyển khoản thanh toán trước, rồi gặp vấn đề thì phủi tay, không phản hồi khiếu nại.",1,Sendo,28,TRUE,,,,
Mạnh Nguyen,"không đặt gì mà cứ thông báo ""đang giao hàng cho bạn......"" làm tôi phải vào xem ... thi thoảng lại thông báo +1000000 rất khó chịu nha....",1,Lazada,28,TRUE,,,,
いちごちゃん,phần đăng nhập ad sửa giao diện lại. xài trên tv box màn hình nền phía trên cao quá không kéo xuống phần tk:sđt đc,1,Tiki,25,TRUE,,,,
Tab A8 Samsung,"nó khóa người mua, chơi khó người bán. tẩy chay nó đi. nó làm giàu trên nước mình nhưng lại mang tiền về trung quốc.như cak......",1,Shopee,26,TRUE,,,,
Hoang Long Chau,trước đây dùng khá ngon và có cả sđt tổng đài. nay tiki tự hủy đơn mà chẳng thấy sđt tổng đài ở đâu!? chưa kể làm mục chat với tư vấn viên kiểu gì chờ 30 phút chẳng thấy con ma nào vô chat. chia tay với tiki,1,Tiki,49,TRUE,,,,
Jessie Nguyen,"ứng dụng tệ nhât từng xài. - cho mã giảm giá không bao giờ áp dụng được, bấm vào cứ k hợp lệ, không có chỗ cho lưu mã trước. - sản phẩm cho vào cho giỏ hàng thì bắt buộc phải mua, chứ không cho lựa chọn cái nào mua cái nào không như những ứng dụng khác. - flash sale thì bấm vô hiện toàn cái quái quỷ gì đâu không, sản phẩm muốn coi thì không thấy đâu. - mã giảm giá đã lưu hay hết mã không bao giờ ghi. tệ!!! - chua thấy ứng dụng nào tệ như vậy.",1,Tiki,104,TRUE,,,,
Nguyễn Nhi,k hiểu bên này lm kiểu j vô cùng bức xúc mua đồ bth shipper vẫn giao địa chỉ đấy tự nhiên nay kêu địa chỉ k hợp lệ xg tự hủy đơn hàng của ngta mà shipper k lỡ gọi một cuộc báo tình hình đơn ngta đg cần mà lm ăn kiểu vậy xg cx kbt sđt shipper sao để trao đổi xứng đáng kco sao nào thì hơn ph báo ngta để bt đây im lặng hủy đơn mik mà k thấy đơn lâu chx về vào kiểm tra thì cx k bt là đơn bị hủy mik mua cho bn mik mà h sắp tết r hủy đơn ngta r qua tết ms đặt lại đc t cạch mặt lazada .,1,Lazada,125,TRUE,,,,
Trường Dương,sài số điện thoại mới mua hàng cũng bị khóa tài khoản,1,Shopee,12,TRUE,,,,
Van toan Tran,không tốt đặt hàng dùng số điện thoại mới shopee tự hủy và báo là do đaqjt hàng bất thường. mong shopee cải thiện hơn và cho mình đặt lại ngay bây giờ,1,Shopee,33,TRUE,,,,
Hương Trương,khó chịu vãi sđt thì đúng địa chỉ cx đúng mà giao mấy lần cx ko đc làm ăn lừa đảo,1,Shopee,21,TRUE,,,,
Hà Phạm Thị Ngọc,"mình từng là fan của lazada, rất yêu thích giao diện này nhưng từ hôm nay chính thức tạm biệt vì quá tệ, nhà bán hàng ngâm đơn hàng 11 ngày trời, mình nhắn tin cho tư vấn viên thì toàn kêu là sẽ gọi cho nhà bán hàng đốc thúc, chiều nay thì kêu là nhà bán hàng sẽ đóng gói ai dè tối hệ thống tự hủy. hzzzz quá thất vọng về quá trình làm việc của lazada đối với khách hàng",1,Lazada,84,TRUE,,,,
Hai Pham Huu,"sen đỏ làm ăn vớ vẩn,cho mã giảm giá nhưng k cho dùng,hủy đơn của khách",1,Sendo,16,TRUE,,,,
Việt Trần,đơn đặt từ 2/2/2026 có note lại shop báo shipper giao trong sáng thì 4/2/2026 shipper gọi bảo giao buổi chiều và thái độ mắng là khách không nói gì shipper giao lúc nào? ủa đặt hàng biết ai là shipper mà nhắn? mình hẹn 5/2 giao thì shipper không liên hệ lại om đơn đến 9/2 thì tự hủy đơn không giao và ghi chú là liên hệ khách không được????? lúc nào tôi cũng cầm điện thoại trong tay mà? shopee xem lại thái độ shipper nhé.,1,Shopee,89,TRUE,,,,
Liên Phương Huỳnh,"hình đăng không khớp với thực tế, click vô xem là cái khác nên khỏi mua đi . khi bạn mua quá nhiều lần tại 1 shop trên sàn này, không hiểu vì sao có 1 yếu tố vô hình nào đó sẽ làm cho bạn hoặc cách này hay cách khác , không thể mua tại shop đó được nữa .",1,Tiki,62,TRUE,,,,
Bronzer Online,app lag còn không cho người dùng đổi email và sđt,1,Sendo,11,TRUE,,,,
Dũng Trần,"app quá tệ, không cho người dùng thay đổi email và số điện thoại dù người dùng không còn sử dụng các thông tin đó nữa, nói chung đáng chấm - sao.",1,Tiki,32,TRUE,,,,
Mạnh Toàn Nguyễn,"đặt hàng, thanh toán xong đã 3 ngày vẫn không thèm ship. shop thì liên hệ không được. lừa đảo à?",1,Sendo,21,TRUE,,,,
Toan Duc,ứng dụng quá tồi . mình đặt bằng mã giảm giá của sen đỏ mà shop hủy đơn mình . rồi cũng bị luôn cái mã đó,1,Sendo,27,TRUE,,,,
Lan Hoa,"lần đầu mua hàng trải nghiệm tệ khinh khủng,ấn sao đặt hàng luon hủy hàng thì tài khoản treo,mã giảm giá mất phí ship cao shipper giao hàng chậm yếu kém mọi mặt xu chỉ tượng trưng nắm thông tin khách hàng thật tệ",1,Lazada,44,TRUE,,,,
Sang Hùynh Ngọc,👎,1,Tiki,1,TRUE,,,,
Nhu Quynh Phan,hàng đổi trả khó khăn. nhà bán hàng treo đầu dê bán thịt chó. tức không chịu nổi. bỏ tiền mua hàng đến khi gặp sự cố đã liên hệ đổi trả mà ngay đến shipper lấy hàng cũng quá tệ. chủ động liên hệ mà toàn đùn đẩy. cái gì cũng không biết. mất thời gian rước bực mình,1,Lazada,60,TRUE,,,,
hien minh,ko có zalo,1,Shopee,3,TRUE,,,,
Quang Do,"tôi có 4 đơn hàng mua từ tháng 7 đã thanh toán, đến nay gần 2 tháng chưa giao? liên hệ tổng đài 1900 6035 báo chờ, cho hỏi chờ đến bao giờ thì không biết?",1,Tiki,36,TRUE,,,,
Trang Trần,"xin lỗi chứ chính sách bán hàng và hậu mãi của tiki làm ăn như *** vậy. mua đơn nước giặt từ ngày 9.9 ngâm đến sang tháng 10 thì bị hủy. ngày 10.10 vào thấy bán tiếp, đã mua và giờ lại bị hủy. nếu ko làm đc thì đừng bán nữa, cứ treo lên cho khách mua rồi ko giao đc lại hủy. mất thời gian, ngâm tiền, mất mã khuyến mại của khách hàng (60k) thì đền cho khách cái mã rẻ rách 5%, nhìn cái cách mà shopee và lazada hỗ trợ khách đi mà tự hiểu vì sao làm ăn ngày càng thụt lùi thế",1,Tiki,110,TRUE,,,,
Minh Nguyễn,đ***** tiki,1,Tiki,2,TRUE,,,,
Tuệ Nghi Nguyễn,"giao hàng đặt cả tuần chưa thấy đóng gói, chưa thấy lấy hàng. cũng k giao hàng luôn. shop nhắn tin cũng k trả lời. trả lời thì khó chịu. lần đầu cũng như lần cuối nhé",1,Sendo,37,TRUE,,,,
những bài thuốc quý,nếu thiếu trách nhiệm là đồng nghĩa phá sản 🤪🤪🤪🤪🤪🤪,1,Tiki,10,TRUE,,,,
Turtle Tran,"cần mua hàng gấp, thanh toán phí giao hàng trong 2h. đặt từ chiều hôm nay đến trưa mai chưa thấy giao. liên hệ bộ phận hỗ trợ khó khăn. gọi tổng đài tốn phí cho đợi gần 3p. lần đầu mua hàng cũng la lần cuối.",1,Tiki,47,TRUE,,,,
Đạt Lê,đặt rồi mà ship hàng ko biết địa chỉ thì gọi đi chứ đã ko gọi rồi còn hủy hàng luôn trong khi sđt gọi được địa chỉ nhà cụ thể tiki cứ làm ăn ntn có ngày chả ai dùng,1,Tiki,41,TRUE,,,,
Hoa Nguyen Van,không có mã giảm giá nào hết,1,Lazada,7,TRUE,,,,
Khoa nguyễn,không thể đặt đơn do hoạt động bất thường ??? kêu bỏ hết voucher rồi đặt hàng ?? vậy cho mã giảm giá làm gì ????,1,Lazada,26,TRUE,,,,
Văn Lợi Đặng,mình sử dụng sđt mới tài khoản mới mà bảo lỗi m02 rồi còn khóa acc mình lại nữa khó chịu vô cùng 🙃,1,Shopee,24,TRUE,,,,
Doanh Nguyễn,tạm thời tặng cho app 1 sao nếu muốn thêm 4sao nữa thì mua 50k 2sao có j liên hệ tôi. 🤧,1,Tiki,22,TRUE,,,,
Vy Vy,"rốt cuộc lazada bị sao vậy, bị điên à. có muốn bán đồ nữa hay không. thanh toán nhập mã giảm giá bảo không được, thì đã thanh toán bỏ mã giảm giá ra rồi cũng không được. là sao má? không muốn bán nói mẹ 1 tiếng. mấy shop bán đồ mà biết vì cái app lazada này mà người bán không đặt được hàng, shop không bán được đồ không biết phản ứng ra sao, chắc vui lắm, trong lòng cảm ơn mấy đời tổ tông app lazada luôn. app mua sắm mà không cho đặt hàng.",1,Lazada,99,TRUE,,,,
Binh thai,người tạo ra ứng dụng này thật là vô ý thức hãy tự nghĩ lại đi😡😡😡😡😡😡😡😡😡😡😡😡😡😡😡😡😡😡😡😡😡😡😡😡😡😡😡😡😡😡😡😡😡😡😡😡😡😡😡😡😡😡😡😡😡😡😡😡😡😡👎👎👎👎👎👎👎👎👎👎👎👎👎👎👎👎👎👎👎👎👎👎👎👎👎👎👎👎👎👎👎👎👎👎👎👎👎👎👎👎👎👎👎👎👎👎👎👎👎👎tôi mà biết đất nước tạo ra ứng dụng này thì phải xoá khỏi ch play và apple store nhé 🚫🚫🚫🚫🚫🚫🚫🚫🚫🚫🚫🚫🚫🚫🚫🚫🚫🚫🚫🚫🚫🚫🚫🚫🚫🚫🚫🚫🚫🚫🚫🚫🚫🚫🚫🚫🚫🚫🚫🚫🚫🚫🚫🚫🚫🚫🚫🚫🚫🚫 -10000000000★ đang chơi cứ vô các trang lazada quài,1,Lazada,45,TRUE,,,,
Pham Ryan,"đặt 1kg cafe ông bầu xay rang, đã thanh toán trực tuyến bằng zalopay, từ ngày 13/9, nhận thông báo nhận hàng ngày 27/9. mà tới hôm nay (7/10) vẫn chưa nhận được hàng. tiki lừa đảo.",1,Tiki,37,TRUE,,,,
Vinh Đoàn,đặt hàng kêu xác minh điện thoại cho chắc mà khi nhập mã xong thì quay lại trang kêu nhập lại số điện thoại 🤬,1,Shopee,25,TRUE,,,,
hieu phung,"giao hàng sai cho kh, kh yêu cầu làm đơn hoàn từ thứ 2 tuần trước đến thứ 3 tuần này chưa có thông tin. gọi hotline thì cũng chỉ ghi nhận.kh tự mua lại sản phẩm mới thì đã nhận và thanh toán mới rồi. làm ăn như này thì cạnh tranh với các sàn tiktok, shoppe..? thất vọng về cách xử lý công việc của lazada.",1,Lazada,68,TRUE,,,,
Đinh Thiện An Vy (NTH),mình mua hàng nó luôn thanh toán trước và ko hề bom hàng lần nào vậy mà nó chơi cắt hết mã giảm giá rồi kêu là có hành vi bất thường. laz mất dạy,1,Lazada,35,TRUE,,,,
Trường Nguyễn,😢😢😢😢😢😢😢😢 thất vọng,1,Sendo,3,TRUE,,,,
Thi Huynh,giao hàng bể và ko đúng hàng mà liên hệ đổi trả tiki làm việc rất chậm ... ko hài lòng tí nào,1,Tiki,23,TRUE,,,,
Nguyễn Thị Liên,đặt hàng thanh toán bằng zalopay thanh toán áp mã mà cứ bị hủy đơn cả chục lần,1,Sendo,18,TRUE,,,,
Dương Nguyễn,"một ngày đẹp trời mình vào tiki đặt vài quyển sách thì bất ngờ bị thông báo ngừng bán hàng cho số điện thoại của mình với lí do vi phạm điều khoản, mình nhắn cskh để hỏi mình vi phạm điều gì thì không trả lời được mà cứ vòng vo làm tốn thời gian",1,Tiki,56,TRUE,,,,
Trần Văn Chương,như ***,1,Sendo,2,TRUE,,,,
Ngọc Linh Nguyễn,"mình ko đăng nhập được, cứ báo lỗi miết, đổi từ sđt, email, zalo đều ko đc 😭",1,Lazada,18,TRUE,,,,
Tran Dong,🎅,1,Sendo,1,TRUE,,,,
Yến,"tài khoản dùng đã lâu, nhưng mấy tháng qua ko mua hàng. nay vô lại thì cũng chính sđt cũ mà ko còn tài khoản, phải đký tài khoản mới.",1,Tiki,30,TRUE,,,,
Hân Hà,sao không đổi được số điện thoại để liên kết ngân hàng vậy,1,Shopee,13,TRUE,,,,
Đức Hứa,"đặt hàng tiki hẹn sau 4 ngày giao, sau 4 ngày tiki lại hẹn thêm 3 ngày, sau 3 ngày tiki nhắn tin hủy đơn hàng vì lỗi. xong, chỉ có vậy, đợi hơn tuần, rồi chỉ nt báo hủy hàng vì lỗi. rất không hài lòng về việc này.",1,Tiki,50,TRUE,,,,
Diệp Chi,vào tiki thì thấy sđt của mình có người đã sd rồi. tính xác minh tệ vc👎👎👎👎👎,1,Tiki,17,TRUE,,,,
Ở Tây Ninh Cuộc sống Thú vị,sợi cay ăn vặt trung quốc mà không có đm không dùng được mã giảm giá và free ship được,1,Sendo,20,TRUE,,,,
Phú Huỳnh,"quãng cáo mọi nơi, đã có sđt còn hỏi số cccd. bad",1,Lazada,12,TRUE,,,,
Ánh Dương Đỗ,"đặt 2 đơn hàng 2/9 với 9/9 đến giờ vẫn không giao, nhắn tin cho nv cskh đến 4 lần mới gặp, và không thèm trả lời...",1,Tiki,27,TRUE,,,,
Tuấn Huy Nguyễn,"quảng cáo mất dạy. chơi game các quảng cáo khác không sao, riêng quảng cáo của thằng này click tắt quảng cáo chuyên trị nhảy ra trang tải app 3,4 lần mới tắt đc. tháng 2 mà chạy quảng cáo 11.11 đúng là vô học",1,Shopee,45,TRUE,,,,
Phát Hoàng,ok 👌👍🙆,1,Tiki,2,TRUE,,,,
Cường Nguyễn,"đã cùng đồng hành cùng tiki rất lâu, rất tin tưởng về chất lượng và dịch vụ. tuy nhiên, gần đây tôi bị 02 vụ tiki tự ý hủy đơn hàng, làm ảnh hưởng đến sắp xếp công việc của tôi. gọi điện tổng đài thì giải thích do bên vận chuyển không liên hệ được với tôi. không thể chấp nhận lý do này được, vì trong điện thoại tôi ko thấy cuộc gọi nhỡ để liên hệ nào và rất nhiều đơn hàng đơn hàng khác đặt cùng thời điểm giao bình thường (đâu cần liên hệ vẫn giao được). đổ lỗi khách hàng vậy là 0 chấp nhận được",1,Tiki,112,TRUE,,,,
Duan Vu Quang,như c í!!!!!!,1,Tiki,3,TRUE,,,,
Long Nguyen Thang,"tiki càng ngày càng tệ. một trang tmdt mình đã từng rất tin tưởng vậy mà bây giờ 1 đơn hàng sách vỏn vẹn 180k mình đã thanh toán bị tiki ngâm đơn hơn 3 tháng trời. nhiều lần liên hệ với cskh mà vẫn kh giải quyết được, hàng không có tiền không hoàn. tạm biệt thật sự thất vọng",1,Tiki,61,TRUE,,,,
le duc lam,"không thấy giao hàng, tìm mục quản lý đơn hàng để hủy cũng k đc. chắc là lừa đảo rồi, coi như mất 74k...... vậy mà quản cáo cho cố vô. toàn lừa nhau thôi. tôi nghĩ những bị tình trạng lừa đảo như chúng ta hãy cùng nhau tẩy chay ứng dụng bán hàng này.",1,Tiki,56,TRUE,,,,
Vĩnh Khang,"tiki ko có mã giảm giá , các mặt hàng ko đa dạng mấy , nhìn giao diện khá chán .",1,Tiki,21,TRUE,,,,
vy ngo,"vì sao mình cứ bị lỗi không dùng dc mã giảm giá, nó cứ hiện phát hiện hành vi bất thường trong khi mình chẳng làm gì. đã đợi mấy ngày nhưng vẫn không hết lỗi. mình mua hàng cũng nhiều rồi nhưng lần đầu tiên bị như vậy. thật sự rất khó chịu và mong app sẽ khắc phục.",1,Lazada,60,TRUE,,,,
Đỗ Minh Khang Trần,bị khóa vì lý do bảo mật??:)) đã liên hệ thì bảo chưa thể hỗ trợ vì lý do bảo mật wtf lý do bảo mật là cái mẹ j,1,Lazada,30,TRUE,,,,
Trường Sơn,chưa mua đơn hàng nào đã bị khóa mã giảm giá ??? thực sự làm thế này thì khách hàng mới ai dám tin tưởng,1,Lazada,25,TRUE,,,,
Bể Cá Cảnh Đẹp,app nặng chậm. đã từng mua hàng rất nhiều ở đây. nhưng giờ thì tệ. đổi điện thoại khác. nhập tài khoản vào thì bị khóa. dù sđt xác thực đầy đủ. tại sao không có 0☆,1,Shopee,37,TRUE,,,,
Tốt Nguyễn,"quy trình xử lý hoàn tiền rất phiền hà và quá mất thời gian. tôi mua hàng trả tiền mặt, đến khi trả hàng hoàn tiền thì chuyển tiền sai số tài khoản ngân hàng còn đổ lỗi tôi nhập sai thông tin ngân hàng. tôi gọi tổng đài yêu cầu xử lý 5 lần 7 lượt hẹn tới hẹn lui hơn 1 tháng gần 2 tháng trời mà chưa xong, tiền vẫn chưa hoàn trả về cho tôi. nhân viên hỗ trợ thì cũng chả giải quyết được gì. nhắn tin chat thì gặp toàn chatbox, không cho gặp tư vấn viên.",1,Lazada,103,TRUE,,,,
Mi A,"tiêu chuẩn cộng đồng ngu nha rất là ngu luôn thua cả tiktok nữa, nhắn tin bình thường cũng ko được nhắn què gì cũng vi phạm, sửa lại dùm cái chứ muốn phản ánh với người bán mà nhắn gì cũng vi phạm cọc điên 🙂",1,Shopee,47,TRUE,,,,
Sung Sam,"r7l nó...... mi nữ . ... ........ ....... ...ion ơi 8 m uizkokkkkklllollllz z, l mi.,.. .. ... ... . . .. nó..... . 99",1,Shopee,25,TRUE,,,,
Huỳnh Tuấn,"qua đợt dịch covid thấy rõ việc yếu kém trong khâu giao hàng và chăm sóc khách hàng. dịch cũng thông cảm cho mà trễ 4 ngày không liên hệ lại khách, lên web kiển tra thì chuyển hoàn về nhà bán? gửi mail 2 ngày không thấy phản hồi lại.🙏🙏🙏🙏🙏",1,Tiki,51,TRUE,,,,
Trần Hồng,"tài khoản mới lập bằng sdt mới rồi tự dưng khoá với lý do lạm dụng mã giảm giá, rất khó hiểu",1,Shopee,22,TRUE,,,,
Oanhnguyen Small little,"nhắn tin cho shop thì toàn để trợ lý ảo trả lời hộ muốn gặp chủ shop khó, k ai trả lời... 😩",1,Lazada,23,TRUE,,,,
Minh Tam Pham,"lỗi không đặt hàng được, khắc phục bằng cách không dùng mã giảm giá ???",1,Lazada,15,TRUE,,,,
Thị Hòa Nguyễn,ko cho dùng số điện thoại nhiều lần lm ko mua đc cái j về sau,1,Shopee,16,TRUE,,,,
Hung Vũ,tôi có đơn hàng shop không đóng gói ?hết hạn cuối cùng đóng gói là 13-6( gia hạn cuối) nhưng lazada và shop không tự hủy ..nhưng không thể trao đổi với shop và lazada vì toàn trợ lí ảo trả lời vô não.lazada muốn ép người mua tưp hủy để epơ trách nhiệm lên người mua vì tôi còn mã giảm giá nhiểu tiền.hôm nay 18-6 nhưng vẫn không tự hủy tự động theo tính năng của ap.chứng tỏ ap lazada không tự động tự hủy mà con người can thiệp vào nhầm đưa người mua và thế phạm lỗi t,1,Lazada,102,TRUE,,,,
Minh Bao Nguyen Quoc,"mã zalopay tự động áp dụng, ko mua cái mất liền, ko hoàn mã như các app khác, nay mới mua cái mai nó giảm giá 1 nữa, sắp flash sale thì phải để cho khách biết như lazada dị đó",1,Tiki,41,TRUE,,,,
Dĩ Ca Mạc,"lần đầu đặt hàng tiki .....gặp bên j&t chán dễ sợ ......bên shoppe thì bị ko gọi cho khách nhưng hoàn đơn với lý do khách ko bắt máy .....mới qua tiki đặt đơn xong tới ngày giao thấy j&t là có điềm rồi nên chủ động gọi cho shipper nhưng ko đc , đợi nguyên ngày ko thấy giao hay gọi gì cả, phải ra kho lấy hàng mới đc....trong khi phí ship tới 41k lận ....ko phải đơn vị vận chuyển nào cũng như vậy nhưng trải nghiệm tệ như vậy nên thôi xóa tiki luôn ,vừa tốn tiền ,thời gian mà còn mang tức về người.",1,Tiki,109,TRUE,,,,
Lưu Quốc Việt,đặt hàng bị cr01 mà nhắn tin cskh thì k ai rep,1,Lazada,12,TRUE,,,,
Linh Nguyễn,"sao mình mua được 3 đơn hành thì tiki xóa tài khoản mình luôn vậy? còn giới hạn một ngày chỉ được gửi mã xác nhận tối đa ba lần, mình dùng sđt của mình không được nên dùng số mẹ, bấm gửi mã xác nhận mà không ăn nên ấn thêm mấy lần nữa, tiki tính thành số lần gửi mã xác nhận luôn, hàng đặt về thì không có postcard như hình, thất vọng",1,Tiki,76,TRUE,,,,
Xi Quỳnh,"1. voucher k sài đc 2. vừa nhập số điện thoại xong đặt hàng thì lại mã lỗi rồi k đặt đc 3. bạn mới đăng kí số điện thoại ( số này mình chx đăng kí tài khoản nào hết, mình chỉ gọi điện thôi ) đăng kí xong lại báo lỗi, mã lỗi 502 gì đó shopee bây giờ k muốn cho người dùng đặt hàng ạ?",1,Shopee,69,TRUE,,,,
Trần Tấn Phát Hoàng,chẳng làm gì cũng bị khóa tài khoản. ấn liên hệ thì chỉ chat với chatbot đưa link nhảm chả giải quyết được gì. tệ,1,Lazada,25,TRUE,,,,
nhat tan doan,tệ vì mã giảm giá lỗi,1,Lazada,6,TRUE,,,,
Hải Thái,"cực tệ. hàng bị móp méo. gọi điện, nhắn tin k trả lời. chăm sóc khách hàng cực kém",1,Tiki,19,TRUE,,,,
Vu Le,"bán đắt gấp đôi shopee . không có mã giảm giá , có mã thì báo lỗi không cho khách hàng thanh toán , thao tác rườm rà khó hiểu . nói chung là như cc",1,Lazada,36,TRUE,,,,
Nam Hoàng,"trải nghiệm quá tệ, đặt hàng mà cả tuần ko giao, mặc dù ở sát bên,liên hệ thì ko rep.",1,Lazada,20,TRUE,,,,
Anh Tú Nguyễn,"sản phẩm tệ, shop không phản hồi khi liên hệ",1,Shopee,10,TRUE,,,,
Tẩu Dã,"vấn đề giao nhận hàng quá chậm( cai nay có thể thông cảm dc) , đôi khi đặt hàng có xong đợi khoản thời gian sau lại báo hết hàng. nếu hết hàng thì nói trước cho kh bk đợi kh đặt r ok xong hết rồi bảo k có rồi gửi lại mấy cái mã giảm giá( mình mua sp cần sp k phải cân mã giảm giá) mà tình trạng này k phải 1 lần. rồi vê vấn đề khuyến mãi giảm giá sp. bà có nhiều sp hết trước khi tới giờ mở bán...buồn cười. nếu đã k muốn kh mua dc sp giảm giá thì đừng đăng....nhưng vẫn có những sp mua dc...",1,Tiki,117,TRUE,,,,
Trai Ngoc,"quá tệ. hàng hoàn trả rất khó khăn, khi được giao lại thiếu sản phẩm liên hệ bên sàn thì không giải quyết được vấn đề.",1,Lazada,26,TRUE,,,,
Nguyễn Phúc,"trong khi mình nhắn tin với nhà bán hàng, nhà bán hàng cũng đồng ý cho mình trả hàng ,app thì rắc rối bắt chụp hình các kiểu , dẹp xóa liền",1,Lazada,32,TRUE,,,,
Nguyễn Huy,rất hay :))))),1,Tiki,3,TRUE,,,,
Liên Hoàng,tự ý hủy đơn hàng của mình... rồi báo giao hàng thất bại...................🥴🥴🥴🥴,1,Shopee,13,TRUE,,,,
Thị Hương Nguyễn,cần hỗ trợ mà toàn chat tự động. rút tiền từ senpay mà giao dịch toàn tất nhưng tài khoản ngân hàng ko thấy tiền về. lừa đảo á?????????!!!!!! cần hỗ trợ ạ.,1,Sendo,33,TRUE,,,,
Nguyễn Bảo,vl đ hiểu nổi =)))) xoá mỗi cái số điện thoại ở mail cũ để qua mail mới xài ai ngờ bay luôn nguyên cái acc đã vậy tạo lại acc mới thì bảo sđt đã liên kết với acc bị xoá ?:d liên hệ lên tổng đài thì ko ai trả lời. thôi bye :>,1,Tiki,56,TRUE,,,,
NGUYỄN NHÂN TV,mua 1 sản phẩm tiền ship gấp 2 lần tiền sản phẩm ult 🤭🤭🤭🤭🤭🤭 quá sợ lazzada tệ quá trời thề không mua lazzada qua shoppi mua ok hơn,1,Lazada,29,TRUE,,,,
Le Pha,hứa 1 tuần rồi. rồi hứa do dịch giao trễ 14 ngày .rồi rồi hứa .rồi đổ lỗi bên giao hàng chậm..hết biết đổ lỗi cho ai nữa ko nhắn tin không thèm trả lời,1,Tiki,35,TRUE,,,,
Bang Bangg,nhu cac:))),1,Lazada,2,TRUE,,,,
Nguyễn Hường,tạo nhiều tài khoản có tí cũng khóa số điện thoại l,1,Shopee,12,TRUE,,,,
HACKER,shoppe với lazada còn ngon hơn có mã giảm giá hoặc free ship cho người mới còn cái app củ lìn này chả có j 1 bộ uno 19k app l này bán 199k cắt cổ à,1,Tiki,37,TRUE,,,,
cuong nguyen,giáo hàng chậm quá. nhắn tin ko ai hỗ trợ. nói chung quá tệ.,1,Sendo,14,TRUE,,,,
Thị Nữ Nguyễn,muốn đặt hàng mà bắt đăng số điện thoại với mật khẩu gì nữa nói chung tệ,1,Lazada,17,TRUE,,,,
Dong Chau,đánh giá 1* tội quảng cáo để x giả để người xem click đóng nhầm thành mở. kiểu lừa người xem,1,Lazada,21,TRUE,,,,
Trí Lâm,đã xác nhận sđt rồi còn bắt phải nhập pass dù trước đó đăng nhập sđt thẳng luôn thì làm gì có pass? còn không có lựa chọn khác chỉ kêu nhập không xong báo sai mật khẩu dù từ đầu đã không đặt pass,1,Shopee,45,TRUE,,,,
Hoàng Phạm,"vào app thì đơ , quay ra cập nhật lại vào vẫn đơ . nhắn tin đến sdt báo là k lh được lúc 8h42' trong khi t cầm đt từ cả 2-3 tiếng liên tục có thấy cuộc gọi nào đâu!!!",1,Tiki,42,TRUE,,,,
Thiện Nguyễn Chí,🤨,1,Shopee,1,TRUE,,,,
Nishizumi,mới tạo tài khoản kêu xác thực số điện thoại xác thực để không đăng nhập xong khoá tài khoản,1,Lazada,20,TRUE,,,,
Cụ nghị review phim,cmmmmmmmm bố đang xem phim cứ quảng cáo cmmmmmmmm nhà m đỉ mẹ m,1,Lazada,14,TRUE,,,,
Hoàng Phan,ứng dụng tệ mình có đơn hàng bảo đổi sđt nhân viên vâng dạ như đr mà mãi gọi đc xong họ hủy đơn luôn chán cái áo mình săn sale đc,1,Tiki,32,TRUE,,,,
Anh Tuấn Lê văn,shop tự hủy đơn mà ko trả lại mã giảm giá làm ăn j đây,1,Shopee,15,TRUE,,,,
Giang Nguyễn,mua hàng trên lazada mà không hề có một cái mã giảm giá nào trong khi tài khoản rất đẹp? không hoàn hàng hay làm gì bất thường cả. chán app,1,Lazada,31,TRUE,,,,
Thu Ngân Trần,"rất không chuyên nghiệp. đơn hàng đặt hỏa tốc 3h từ 7.7 đến 12.7 vẫn chưa được giao đến, liên hệ bên cửa hàng thì cửa hàng nói do shipper bên sendo chưa đến. liên hệ lên sđt tổng đài lần 1 đang nói chuyện thì cúp máy ngang, lần 2 hứa sẽ giao trong ngày nhưng không có, lần 3 nói là sẽ giải quyết gấp và gửi tình trạng qua mail nhưng không hề có. đến hiện tại liên hệ đến tổng đài thì không được.",1,Sendo,88,TRUE,,,,
Hai Mai,"mấy ngày nay sen đỏ chuyên qua zalo pay ,bắt cài đắt zalo rồi nhập thẻ tài khoàn ,rồi yêu sách moi thứ ấn cả ngày chẳng mua được hàng ,cứ mua síp cod ,nhận hàng trả tiền là ok ,trẻ còn thao tác đt được ,u70biêt đường mô ,khó khăn quá .",1,Sendo,53,TRUE,,,,
Công ty Bình Trí,"đặt hàng từ 25/2 ngày hẹn giao là 4/3. đến hôm nay vẫn chưa giao hàng còn bảo là vì đơn trả góp. đã mua hàng của tiki từ năm 2015 đến nay, cũng không phải lần đầu mua trả góp. thật sự thất vọng vì lý do mà nhân viên trả lời cũng như thái độ xử lý khiếu nại. đến giờ vẫn không xử lý được cho khách mà kiếm cớ, nhắn tin cũng không thèm đáp. nói chung là tệ hết sức.",1,Tiki,85,TRUE,,,,
Thời Bùi Văn,"mua phải hàng lỗi không có chỗ chat với shop, liên hệ đổi trả hảng mấy hôm sau lại gửi lại hàng y nguyên vậy. thất vọng mà",1,Tiki,28,TRUE,,,,
Tuấn Trần,quá tệ 1 số các gian hàng điều lm ăn lừa đảo ko trung thực tôi có đặt mua một chiếc điện thoại di động nhưng mà khi hàng về đến nơi hỏng toàn bộ ko có pin cháy màn hình vỡ màn trong và camera gọi điện thì ko ai nhấc máy giải quyết nhắn tin cho shop cho dù đang hoạt động cũng ko trả lời yêu cầu sendo cần pk tra xét lại các gian hàng để cho người mua an tâm ko như này ko ai chấp nhận đc đâu.,1,Sendo,94,TRUE,,,,
Duong Bui,tôi đang không hiểu là tiki có làm sao không mà khi tôi nhập số điện thoại rồi và tôi chờ rất lâu cũng ko nhận đc mã xác nhận tiki còn tệ hơn shoppe rất là nhiều,1,Tiki,38,TRUE,,,,
Nguyễn Hiển (Jam Việt),"trải nghiệm tệ. load lâu, đơ, thanh toán qua zalo không đc thế là khoá luôn chức năng của tôi",1,Sendo,20,TRUE,,,,
Hoa,tiền ship mắc quá và ko có mã giảm giá cho 1 sao=((,1,Lazada,13,TRUE,,,,
Bình Ngọc,ít mã giảm giá phí vận chuyển quá cao mua cái hàng giá có 15k mà tổng trả gần 50k 🤣🤣app như cái l,1,Lazada,24,TRUE,,,,
Nguyên Trương,"không biết nên diễn tả thất vọng sao với app. vừa đặt xong 1 đơn hàng thì lại ẩn hết mã giảm giá, giờ muốn mua gì cũng tìm không ra mã. không lẽ app này làm ăn kiểu chỉ cho giảm giá lúc đầu còn lúc sau ẩn mã hết mã giảm để cố ý đuổi khách à 😔",1,Lazada,60,TRUE,,,,
Mai Tuyết mai,áp như cờ hó vậy đó mọi người ơi đừng có tải áp này nghe ko thôi bị lừa đó vào mua hàng thì nó kiêu điền mã otp vậy mà đợi hết lần này tới lần khác cũng ko thấy mã đâu cả nên là ko có mua hàng được đâu mọi người nhớ là đừng có tải nghe 😡😡😡😡😡😡😡👿👿👿👿👿👿👿👿👿 nóng dể sợ hứ,1,Sendo,65,TRUE,,,,
FPL. •йǥọς•Ϯỷ⁀ɪdoʟ,giao hàng sai đến nơi thì hàng vỡ hết liên hệ lại với shop thì k trả lời. k khác j lừa đảo,1,Lazada,23,TRUE,,,,
6 Hiennam,"bất cứ cái gì dính đến tầu là đều đểu giả cả. sau zalo bây giờ đến lượt shopee. giao hàng như rùa bò. nội thành hn mất 4 - 5 ngày. không cập nhật trạng thái đơn, liên tục thay đổi thời hạn giao hàng. một số shop bán hàng giả chẳng thấy kiểm soát gì. không biết mấy bác mua phải đt giả đã đòi được xèng chưa? hãy tẩy chay và dùng lazada.",1,Shopee,76,TRUE,,,,
Thi Dung Nguyen,"acc toàn bị lỗi,ko đặt được hàng,nhắn tin chat với nhân viên nhiều lần nhưng. chả giải quyết được việc gì",1,Lazada,21,TRUE,,,,
Nguyen Trong Khanh,"chờ giao hàng thì lâu, mất 2 tuần chờ hàng thì hàng đột nhiên báo là giao không thành công nhưng không cho 1 lý do cụ thể nào. liên hệ bên bán hàng và hỗ trợ khách hàng thì ko trả lời hoặc chỉ đưa ra đáp án được lập trình sẵn. app thua shoppe ở nhiều mặt như voucher, thời gian giao hàng. chỉ hơn ở mặt hàng hoá đa dạng",1,Lazada,73,TRUE,,,,
Văn Lộc Hồ,như cặc đặt hàng xong hủy rồi mà nó chấp nhận xét đơn hủy rồi bảo để im sđt để giao hàng quá tệ,1,Shopee,24,TRUE,,,,
7828_ Đặng Thanh Tuyền,"tvv của tiki trả lời không đúng nội dung muồn hỏi. là khách hàng mới tiki tặng mã giảm giá, thanh toán momo, áp mã xong mua đôi giày còn giá khoảng 100k, vài hôm sau tiki hủy đơn hàng. nếu không giảm giá thì đừng cho mã, hay quảng cáo, tiki là app lừa đảo.",1,Tiki,56,TRUE,,,,
Tuyền Nguyên,làm ăn như sít ko gọi cuộc nào mà dám làm kiện vấn đề khách từ chối nhận trong khi đang cần hàng gấp liên hệ cskh thì giống như tự động nói chả ra vấn đề gì làm sàn thương mại như này thì đỉnh rồi,1,Lazada,47,TRUE,,,,
Trang Nguyen,"tiki này bán hàng quá đắc,mà còn síp lâu nữa chứ .😡😡😡😡😡😡😡😡😡😡😡😡😡😡😡😡😡😡😡😡",1,Tiki,12,TRUE,,,,
8 Note,"điểm danh thì được có 10 xu mã giảm giá thì không lưu được, tải về dùng làm gì trời",1,Lazada,20,TRUE,,,,
Chí Thanh Phạm,"lúc tạo tài khoản hơn 5 năm trước sao không nói là sđt không được dùng nhận hàng acc khác balabala đồ đi. giờ cập nhật bắt lỗi đủ thứ, đánh lỗi tài khoản (cr01) với lý do không rõ ràng. đổ lỗi cho thuật toán hệ thông không can thiệp được các thứ. tk dùng hơn 5 năm, 1 cái 8 năm giờ bị lỗi không dùng được nữa. thật sự muốn nói bậy hết sức.",1,Lazada,77,TRUE,,,,
Văn beo Huỳnh,lần đầu tiên quánh giá ứng dụng 1 sao lun ý tải ứng dụng về vừa mới đăng ký thì bị khóa kiu thêm sdt để mở khóa cái thêm dô báo bạn chưa đăng nhập tệ... ......,1,Lazada,38,TRUE,,,,
Đặng Thanh Vân 850 019 -,"? app k cho thanh toán khi nhận hàng vì nhiều đơn giao không thành công trong khi chưa hủy 1 đơn nào cả, tr ơi t ức chế lắm r, mã giảm giá thì k cho dùng, lúc dùng dc thì lỗi k cho đặt hàng, chịu hết nổi.",1,Lazada,50,TRUE,,,,
Trần Lê,đơn vị vận đơn sai thời gian nhiều lần không cho hủy đơn mà còn nhắn tin bảo phải thương lượng với bưu tá để được hủy đơn cc tao nè.,1,Sendo,31,TRUE,,,,
Lo Vang,😢,1,Tiki,1,TRUE,,,,
Xuka Lee,"xem thường khách hàng , đơn hàng tôi hủy nhầm, liên hệ hotline thì 30p ko ai nghe 1p 1000d, email ko ai trả lời. chat 💬 thì lúc nào cũng bận. nếu tôi không thanh toán tiền rồi thì cũng ko thèm bực làm gì. 4 ngày rồi mà trạng thái chờ xác nhận, trong khi đã nhận đủ tiền",1,Tiki,61,TRUE,,,,
duc bui,khi giao hàng nên có số điện thoại người giao. nếu giao sáng sớm nên gọi báo từ hôm trước. giao hàng không chuyên nghiệp,1,Tiki,25,TRUE,,,,
Mỹ Hảo Hoàng,"giao diện vô cùng khó dùng, khó hiểu. không thân thiện với người dùng mà giống như đánh đố hơn. so với app của shopee thì chán hơn nhiều lắm. rất muốn mua đồ ở đây nhưng bấm vào sản phẩm rồi muốn xem thông tin shop, đánh giá shop mà chả tìm thấy ở đâu, chỉ thấy banner đi vào mấy chương trình vớ vấn gì đó? để làm gì? làm cái dễ dùng là khách hàng biết ơn lắm rồi, đâu cần nhiều khuyến mại?",1,Lazada,87,TRUE,,,,
ブイ ティラン アイン,cho 1 lần đổi địa chỉ mà chỉ sửa tên người nhận với sđt thôi cũng không được. ủa phải đổi sang địa chỉ nào mà phí vận chuyển thấp hơn mới được hay gì. bằng thôi vs y nguyên thôi cũng không được hả. thôi chúc sớm sập. lằng nhằng vl.,1,Lazada,52,TRUE,,,,
Hai Viet,có mã giảm giá như không,1,Shopee,6,TRUE,,,,
Tư Mã Tần Quảng (Tần Quảng),"toàn nghĩ ra mấy cái tính năng vớ vẩn, càng ngày càng khó sử dụng, thêm một đống đơn vị tiền tệ làm rối hết cả lên, không mua được thẻ điện thoại, phí vận chuyển quá cao, thời gian vận chuyển lâu, tặng một đống mã giảm giá nhưng không cho áp mã để mua hàng, chỉ tặng cho mà ngắm thì tặng làm gì?",1,Tiki,66,TRUE,,,,
Dung Kim,"lừa người dùng, mã giảm giá giả lừa đảo",1,Shopee,9,TRUE,,,,
Minh Đức Thái,"khâu giao hàng và chăm sóc khách hàng của tiki quá tệ. đặt hàng từ 29/07 đến 13/08 vẫn chưa nhận được hàng. tiki chia nhỏ đơn hàng với các phí ship khác nhau, một món là một phí ship, quá đắt. hotline gọi không ai phản hồi, gửi email cũng không đáp lại. quá tệ!",1,Tiki,56,TRUE,,,,
Thơm Lê,đặt hàng mà cứ bắt nhập trong khi mình không biết mật khẩu zalo,1,Lazada,14,TRUE,,,,
Quý Võ,"lừa đảo khách hàng, tôi bỏ thời gian ra để săn voucher ngày sale mua hàng sau hơn 10 ngày mới giao hàng thì lại giao sai sản phẩm sau đó bảo không hoàn mã giảm giá trong khi đó cái mã ngân hàng chỉ sử dụng được 1 lần và không thu thập lại được .",1,Lazada,57,TRUE,,,,
Phong Quốc,"ứng dụng rất tệ. không nhắn tin được với nhà bán hàng , hỏi bộ phận cskh thì bảo do lâu rồi không có tương tác nên không nhắn được đúng là buồn cười. chẳng lẽ giờ muốn mua hàng không liên hệ được với shop làm sao biết hàng đó như thế nào. vậy là những người lâu ngày mua hàng trở lại là không được nhắn tin vậy có cần phải mua hàng trên sendo nữa không.",1,Sendo,79,TRUE,,,,
Đạt Lê Đức,"tin dùng tiki từ những ngày đầu nhưng bây giờ quá thất vọng. đăng thông tin sản phẩm 1 đường sản phẩm nhận về 1 nẻo, khách nhắn tin cũng không phản hồi. chính thức cạch mặt tiki từ đây.",1,Tiki,40,TRUE,,,,
Thứ nguỹên,lần đầu sử dụng áp lazada đặt hàng 3 ngày ko thấy vận chuyển hàng liên hệ shop ko trả lời điện tổng đài thì cứ nói chung chung. chán,1,Lazada,30,TRUE,,,,
Truyền Nguyễn,"mua hàng thì ok, nhưng mua nhóm hoặc bạn bè chia sẻ qua qr ko đc, bạn bè gửi mã qr mua qua zalo bấm quét thì cứ nhảy vào ch play mà mình đã cài đặt r. bấm cả chục lần vẫn vậy cần cải thiện, nhấn vào là tự mở app chứ vào trang cài đặt app làm gì",1,Shopee,61,TRUE,,,,
Trọng Nhân Trần,không thấy mã giảm giá 3/3,1,Lazada,6,TRUE,,,,
Tú Thanh,"tạo tài khoản với mail mới xong, kêu cập nhật số điện thoại mới. tôi cập nhật luôn, đã rồi bảo không phải bạn mới. liên hệ shopee nói dì nè: ""trước đó mình hiển thị mã giảm giá vì mình đăng ký email mới nè, sau đó mình liên kết số điện thoại cũ vào tài khoản nên hệ thống mặc định tài khoản đã sử dụng nên không thể sử dụng mã giảm giá ạ"". tôi yêu cầu cung cấp thông tin số điện thoại đó đã liên kết với tài khoản nào, ngày nào, ai xoá tài khoản thì không cung cấp được, nói là chính sách bảo mật.",1,Shopee,112,TRUE,,,,
Tuyen Thanh,ship không gọi điện giao hàng tự ý để đơn hàng là do khách hẹn 3 ngày không liên hệ được ship gọi lazada không giải quyết được,1,Lazada,28,TRUE,,,,
Nam Đặng,mã giảm giá ko tự động update hoặc lựa chọn mà phải nhập thủ công rất bất tiện hàng vẫn còn nhiều sản phẩm fake đặc biệt là sách với đồ điện tử,1,Tiki,33,TRUE,,,,
điệp hoàng văn,1 🌟,1,Sendo,2,TRUE,,,,
Phát Nguyễn Hữu,t đặt hàng bắt thanh toán trc xong đơn hàng ko xác nhận vẫn chưa hoàn tiền lại liên hệ nhân viên hỗ trợ và shop ko đc luôn,1,Sendo,29,TRUE,,,,
Vuong Thao,🤬,1,Shopee,1,TRUE,,,,
Phuong Mai,🥰,1,Tiki,1,TRUE,,,,
Khoa Phan,"làm ăn mùa dịch quá tệ. xem thường quyền lợi khách hàng. đặt đơn 180k đã thanh toán online zaloplay, mà hơn 2 tháng không giao được. nhắn tin khiếu nại hoàn tiền thì không hoàn ngay, mà bảo khách phải chờ hàng từ kho vận chuyện hoàn về tiki trước ! mọi người cẩn thận khi đặt hàng thanh toán online tiki !",1,Tiki,64,TRUE,,,,
Nguyễn Hoàng Dũng,"giao hàng trễ, các mã giảm giá, xu của ứng dụng không sử dụng được",1,Tiki,15,TRUE,,,,
Thương Phạm,"đăng nhập sđt cũ cg ko đc , đăng kí sđt mới cg ko đc mã này mã nọ lèo nhèo 1 hồi thì lại bảo sđt bị khóa bảo mật gì gì đó ứng dụng đúng lèo nhà lèo nhèo vong vo tam quốc hết mã này qua mã nọ bực",1,Lazada,52,TRUE,,,,
22_7050_ Bạch Kim Khánh,"việc đặt hàng mỗi tháng vào ngày đôi để đc ưu đãi cũng là vi phạm thì app chơi 1 mình đi. ko muốn giảm thì thông báo rõ ràng, mình muốn khuyên mn đừng nên sd app này nhiều vì bạn sẽ bị liệt kê vào ds khoá tài khoản do đặt hàng vs mã giảm giá do lzd cung cấp nhưng lại vi phạm do sử dụng nhiều mã trong nhiều năm??? mỗi tháng đặt đồ để sd trong gd mà cũng bị nghi vấn tích trữ hàng, ai lại đi tích trữ 1-2 bịch nước giặt mỗi tháng nhỉ?? để uống hả app??",1,Lazada,106,TRUE,,,,
Nguyễn Cường,7h 22/4,1,Tiki,2,TRUE,,,,
Huy Mai Đăng,"quá tệ. giao trễ hơn cả tuần rồi mà chẳng có 1 thông báo, nhắn tin với nhân viên chăm sóc khách hàng đợi hơn nửa ngày mới trả lời. quá tệ, không khuyến khích mua trên tiki, dịch vụ quá tệ",1,Tiki,42,TRUE,,,,
Quý Phùng,"ko biết có ai gặp tình trạng như mình ko, đặt rất nhiều lần nhưng lại ko nhận đc hàng. ko có bất cứ 1 cuộc gọi hay tin nhắn nào từ người giao hàng, nhưng lại nhận đc tin nhắn thông báo là đã tiki đã liên hệ với quý khách để giao hàng nhưng ko thành công, tiki liên lạc lức nào đâu mà nt như vậy, muốn ủng hộ app việt mà quá kém.",1,Tiki,77,TRUE,,,,
Nguyễn Thành Tài,cho voucher zalo xong tải app đã k tha. gia event dc. lừa đảo ng dùng để tải app. mất dạy. tối ưu ux ngu vcl.,1,Sendo,26,TRUE,,,,
Hổ Ngô Quang,ko áp dc mã giảm giá,1,Shopee,6,TRUE,,,,
Lê Quang,"shopee đúng là cùi bắp, áp cái mã giảm giá vào, thì giá mới bằng giá trong shop đưa ra, vậy thì mã giảm giá có tác dụng gì. chưa kể là shop nâng giá lên nửa.",1,Shopee,37,TRUE,,,,
Hiếu Đặng Văn,rất làm phiền. đừng nt cho tôi vào số điện thoại nữa. làm ơn. có cách nào chặn được không,1,Sendo,20,TRUE,,,,
xBiz Fai Fai,"tiki lừa nha mn, lúc đầu mk đặt hàng là nó để 5/02 lúc sao mình zô coi lại để 10/02 mà vài ngày sau mình zô coi lại thì thấy nó tự hủy đơn r mình liên hệ shop shop k có câu tr.lời",1,Tiki,45,TRUE,,,,
Diễm Nguyễn,vãi đặt hàng rồi xong nó tự hủy rồi mất luôn mã giảm giá qá tệ,1,Shopee,16,TRUE,,,,
Nguyễn Minh Thức Em,"đặt hàng thanh toán thành công rồi, trừ tiền rồi mà trong đơn hàng để tình trạng đã hủy, liên hệ hỗ trợ từ shop, facebook tiki đến hotline không ai phản hồi.",1,Tiki,33,TRUE,,,,
용범정,tại sao tôi đăng kí bằng số điện thoại hay google đều gửi mã về xong rồi báo tài khoản đã bị khóa siêu tệ cho một sao mong cải thiện,1,Lazada,31,TRUE,,,,
Vu Anh,quá tệ!!!,1,Tiki,2,TRUE,,,,
Khang Tran Quoc,"hệ thống hoàng tiền rườm rà lâu lắc, bênh kho shoppee thì ko có shipper tới nhận hoàng lại hàng (chờ 8 ngày ko có ai tới lấy phải tự ra kho để trả) app tự động đổi khung giờ hoàng tiền để ko bị mất mã giảm giá, không có nhân viên hỗ trợ chỉ có những hệ thống đc lập trình sẵn app xuống cấp quá tệ.",1,Shopee,69,TRUE,,,,
SO NY,sendo không mở mục xóa tài khoản hoặc cập nhật số điện thoại khác vì vừa qua rất nhiều số điện thoại bị khóa theo nghị định 46. sau này ai dùng số điện thoại đó sẽ sai địa chỉ nhận hàng.,2,Sendo,42,TRUE,,,,
Mỹ Hằng Nguyễn,k áp dụng được mã giảm giá khi thanh toán zalo pay,2,Tiki,12,TRUE,,,,
lữ luân,mua hàng và nhận hàng thì ok . nhưng tài khoản thì không được bảo mật mặt dù sđt và email mình vẫn đang giữ nhưng người khác chỉ cần biết sđt mình đăng ký tài khoản là sẽ vào được tài khoản sendo chả hiểu kiểu gì vậy mình cài mật khẩu cho tài khoản đăng ký bằng sđt và email để làm gì trong khi độ bảo mật không có . đề nghị sendo xem xét lại vấn đề này vì mình đã bị mất tiền oan,2,Sendo,89,TRUE,neutral,,,
Thuy Nhung Pham,"app chán, nhắn tin cho shop mấy tin đơn giản bình thường hay mấy hình ảnh cũng bị xóa hoặc từ chối, chả hiểu kiểu gì",2,Shopee,26,TRUE,negative,,,
Hồng Đào,"điên thật số điện thoại mới,mua hàng xong rồi tự dưng hủy??? bị làm sao v",2,Shopee,16,TRUE,negative,,,
Linh Chi,"hỗ trợ khách hàng như qq. nhà bán hàng thì ngâm đơn, khôbg liên hệ được, giao hàng thì sai. chán .",2,Lazada,22,TRUE,negative,,,
Ngọc Vân,đặt hàng k được cái mà mua 3 món free ship á đặt k được nó lỗi tài khoản hoặc động bất thường trong khi tôi có làm j đâu khi nào muốn vô mua hàng thì mới vô vậy thôi vậy mà k đặt đc liên hệ chăm sóc khách hàng thì nó nói k dùng mã giảm là đặt đc tôi đã k dùng mã giảm nhưng vẫn k đặt được chán,2,Lazada,74,TRUE,,,,
Vankhoi Hung,lazada ko có mã giảm giá toàn đồ đắt tiền không,2,Lazada,11,TRUE,,,,
Hanh Le,app mới bị ẩn hết các mã giảm giá free ship hết rồi.lúc nào muốn mua phải gỡ cài đặt rồi cài đặt lại mã giảm giá free ship mới hiện lại.quá bất tiện,2,Lazada,34,TRUE,,,,
Mỹ Thuận Nguyễn Thị,"bản mới khó sài,khó hiểu khó sd,k còn mã giảm giá free ship như trc nữa,nói chung là tạm biệt tiki từ nay",2,Tiki,23,TRUE,,,,
Thuan Truong,so điện thoại nhấp hoài ko được sao mua hàng,2,Sendo,10,TRUE,,,,
Trương Huyền,"phí vận chuyển quá cao, ít mã giảm giá",2,Lazada,9,TRUE,,,,
Ứng Nguyễn,"thực ra không rẻ chút nào đâu các bác ơi.. phí ship cao hơn nhiều.. thanh toán đòi hỏi thẻ, vv có người không dùng thẻ, zalo hoặc kiểu khác. khó khăn cho người sử dụng tiền mặt..",2,Lazada,38,TRUE,,,,
Uy Vũ,lỗi xem mục phần mã giảm giá với freeship,2,Tiki,9,TRUE,,,,
KŨK KŨK,mong có mã giảm giá vẫn chuyển như shopee. những người dùng ko có thẻ atm sao thanh toán qua ví. hầu hết mã giảm giá chỉ dành cho người dùng thẻ atm,2,Tiki,33,TRUE,,,,
nhật lệ trần,"mình cũng dùng laz chắc cũng 5 năm rồi mà lần đầu gặp th shipper ko liên hệ mà tự ý báo là khách hẹn lại ngày giao. sau lần này là bye bye laz luôn nhé, mình chuyển qua shopee đây.",2,Lazada,42,TRUE,,,,
Truong Hoangvan,nhắn tin mãi mà không được trả lời,2,Sendo,8,TRUE,,,,
Nguyễn Thành Công,"shop trên tiki nt 4 ngày không trả lời, mình inbox 4 shop toàn ngoài giờ làm việc?",2,Tiki,18,TRUE,,,,
Lê Quang Linh,"đăng nhập thì khoá tài khoản, nhập số điện thoại nhận otp qua cuộc gọi thì yêu cầu chục lần không thấy gì. quá mệt mỏi",2,Lazada,26,TRUE,,,,
Nguyễn Trang,như b***,2,Sendo,2,TRUE,,,,
bé yêu bé yêu,viết ko có dấu được. khó nhắn tin. shop đọc ko hiểu,2,Sendo,12,TRUE,,,,
Thị Mỹ Linh Nguyễn,"sendo farm xử lí khiếu nại rất rườm rà, liên hệ cskh qua app thì báo ghi nhận sẽ gửi bộ phận xử lí, lúc sau có người gọi điện hỏi về tình trạng sản phẩm xong rồi cũng báo ghi nhận. không biết đến khi nào mới được giải quyết, trong khi đó là sản phẩm tươi sống đợi xử lí chắc thối um cái nhà lên mất. moij người cần nhắc khi mua sản phẩm tươi sống trên này.",2,Sendo,81,TRUE,,,,
là. tao,"cần bổ xung thông tin shipper như tên với sđt chứ cái gì mà đặt muốn giao là giao muốn nghỉ là nghỉ, còn đổ thừa là khách k muốn nhận nên hoàn về. điện chưa má mà nói v tr, ng ta mua chứ xin hả? mang danh là shipper là ship dữ chưa má, chạy cái xe thì bô nổ như cái bô bể",2,Shopee,66,TRUE,,,,
Toàn 87 Trần,sao mà không vào nhắn tin cho người bán hàng được .thật sự không hiểu,2,Sendo,15,TRUE,,,,
Dao Trong Chien,"tiki thiếu trách nhiệm với đơn hàng của khách. mình đặt đơn hàng sau 10 ngày nhưng đơn cứ hiện đã nhận từ đối tác, sau mình liên hệ trợ giúp tiki mới biết là đơn bị lưu kho, sau khi dc bạn tư vấn chờ thêm thì 1h sau đó tiki tự hủy đơn mà k thông báo cho khách. quá tệ!",2,Tiki,63,TRUE,,,,
Jsjs Jshs,như***,2,Lazada,1,TRUE,,,,
Văn Cảnh Võ,😂😂😭😟💜😭,2,Sendo,1,TRUE,other,,,
Trí Ngô Quốc,sao đăng kí hoài ko đc ad nó cứ để bị khóa do chính sách bảo mật liên hệ bên bộ phận chăm sóc khách hàng ko ai nhận máy hết cả,2,Lazada,32,TRUE,,,,
Ka Xu,mình mới tải về có được một mã giảm giá cũng giảm khá nhiều nhưng lúc dùng thì lại không được và thêm cả 2 mã nữa cũng không dùng được mong shopee sớm sửa lỗi này,2,Shopee,37,TRUE,,,,
Han Ma xuan,"trước có mã giảm giá,freeship,giờ ko có mã giảm giá hay mã freeship gì thua bên shopee nhiều.",2,Lazada,18,TRUE,,,,
lanh phong,"dịch vụ đổi trả hàng hóa không ra một cái gì. không có mục đổi trả, muốn phải nhắn tin hỗ trợ, thì vòng vòng đủ kiểu.",2,Tiki,27,TRUE,,,,
Vân Anh Dương,cảm thấy khó dùng app về vấn đề thanh toán áp mã giảm giá.,2,Lazada,14,TRUE,,,,
Mạnh Khiêm Trần,tại sao khi tôi nhập sđt có yếu cầu mã xác thực nhưng lại ko nhận được v,2,Sendo,18,TRUE,,,,
Khải hoàng Ngô,ko có mã giảm giá lun tệ hơn tiktok vs shopee nhiều,2,Lazada,12,TRUE,,,,
Trâm Lê,"đề nghị cập nhật thêm thông tin vận chuyển, thêm vào tên và số điện thoại của shipper, vì có nhiều shipper không giao hàng cho khách mà nói là giao không thành công và tự ý hủy đơn. hãy cập nhật thêm thông tin này.",2,Shopee,46,TRUE,,,,
Minh Nguyen Thi,"ứn dụng gì mà kỳ vậy. cứ lập tài khoản mới vào là không cho mua hàng, cứ báo phát hiện bất thường, lỗi m04 . sau khi đổi điện thoai khác vào đặt hàng thi khóa luôn tai khoản. liên tục 4 cái máy điện thoại + 4 số điện thoại của người thân trong nhà đêu bị khóa vậy luôn. điên cả người.",2,Shopee,65,TRUE,,,,
DT sin,"mua hàng lazada thường xuyên lắm mà gặp mấy cái quảng cáo click dụ click, bắt click nên ghét",2,Lazada,19,TRUE,,,,
Malevisừn,"xét hàng từ 14/12 bảo cam đoan giao 21/14 cuối cùng đến 22 hàng vẫn đang ở kho hàng quốc tế :))), ko cho một ngày giao cụ thể, chờ hàng như chờ con , nhắn tin thì all botchat. khó chịu vô cùng",2,Lazada,44,TRUE,,,,
Our Kids,😡,2,Sendo,1,TRUE,other,,,
Thang Pham,"thật sự đối tác ship hỏa tốc của sendo tệ khủng khiếp. chọn hỏa tốc 3h, mà 3 ngày chưa thấy đâu. hỗ trợ sendo thì ko thể nào liên hệ được, chat với con bot sendo chat như ko chat. dịch vụ quá chán, cạch thôi",2,Sendo,47,TRUE,,,,
Trà my Lê đỗ,kím mã giảm giá khó,2,Lazada,5,TRUE,,,,
Tâm Nguyễn,"tệ kinh khủng laz giá hàng đã cao hơn tất cả các sàn khác rồi đã vậy mã giảm giá rất ít chưa kể là khâu đống gói lâu. hồi đó mình sưu tầm đc ít xu thì giảm giá quá trời 1 lần giảm 30-40k bây giờ mình sưu tầm nhìu xu thì giảm cho mình có 1-5k v giảm lm gì khi giá lại đôn lên chưa kể những sản phẩm mìn từng mua rồi giờ mua lại cũng đôn giá sản phẩm lên. thay vì tiền chạy quảng cáo thì để tiền mà đầu tư cho sản phẩm, mã giảm giá đi ❤",2,Lazada,106,TRUE,,,,
Thi My Van Pham,😑,2,Tiki,1,TRUE,other,,,
Mạnh Hợp Giản,liên tục nhận được thông báo về đơn hàng đã bị hủy. mà không đặt đơn. khi click vào thông báo thì hiển thị quảng cáo bằng video chứ không phải thông báo thực. shopee hack à,2,Shopee,37,TRUE,,,,
Quỳnh Giao,"sàn giao dịch có thể đừng tự app mã giảm giá (những mã giảm giá mà có điều kiện nhất định khiến không phải ai cũng dùng được) được không? như thế chẳng khác nào treo đầu dê bán thịt chó cả! bày bán thì là 100k mà nhấn vào mua thì tận 150k, bạn nghĩ chúng tôi sẽ vẫn mua khi bị lừa dối như thế ư?",2,Shopee,68,TRUE,,,,
Thiên Dạ Nguyệt,"đáng lẽ ra cũng không cho 3 sao đâu, nhưng vì không thích cái cahs chăm sóc khách hàng từ nhân viên tư vấn của tiki. mình đã nhắn tin yêu cầu hộ trợ thay đổi thông tin đơn hàng nhiều lần với nhân viên, nhưng kết quả đơn hàng vẫn không được giao như dự đoán, nếu như tôi thật sự không muốn nhận hàng thì tôi đã không chạy ra bưu cục để kím cục hàng rồi, tôi rất bực bội vì đã yêu cầu thay đổi thông tin mà vẫn không được hệ thống tiki tiếp nhận đàng hoàng. rất là bực",2,Tiki,105,TRUE,,,,
DUYEN MY,"thật sự đây là trải nghiệm rất tệ, sendo xử lí việc lâu, shop giao hàng sai nhưng khi nhắn tin thì trả lời rất chậm. quá thất vọng!",2,Sendo,29,TRUE,,,,
Quy Minh,khâu vận chuyển lâu quá giá như nhanh nhẹn tý thì tốt nhân viên giao hàng nhiều đơn giao tận nhà đơn thì k giao tận nhà..bảo đi lấy này nọ dù là biết nhà.. app thì nhiều mã giảm giá k sài đc app xu nhiều sản phẩm thì k đổi được hay bị lỗi,2,Lazada,56,TRUE,,,,
67 Nguyễn Thùy Trang,"làm nhiệm vụ nhận xu làm hết rồi tới lúc cào thét thì cứ quay quay rồi về lại trang chủ, dùng cả hai máy đều bị vậy, buồn quá tiki, bị mấy ngày rồi ấy, bất lực!!!!!!",2,Tiki,38,TRUE,,,,
Tuấn Nguyễn,tạo acc mới cho mã giảm giá chưa đặt lần nào mà đã báo mo2 như lạm dụng r,2,Shopee,19,TRUE,,,,
Khoa Tran,"sàn đưa mã giảm giá cho vui,phải canh ngày nhưng đặt hàng thì shop không giao hàng,đợi quá hạn thì hủy đơn.quá tốn thời gian canh mã giảm.",2,Shopee,28,TRUE,,,,
Thao Nguyen,"shipper vô trách nhiệm không giao hàng đúng địa chỉ, mà gửi sai địa chỉ sai người, giao hàng cách hàng 5-6 cây số, mà không gọi điện báo cho chủ hàng biết, mà chỉ nhắn tin số tài khoản, số tiền cần trả. không hài lòng với cách làm việc của shipper",2,Shopee,53,TRUE,,,,
Mirthy D,"lazada để cho mấy cửa hàng bán cá cảnh bán hình chụp cá khỏe, về toàn bệnh, bỏ ăn, nấm rồi ngủm không. ấy là tôi mua không trừ % khuyến mãi luôn mà vẫn tiền mất cá toi. :/ sáng giờ muốn bay 40k tiền rồi, 1 lần đặt cứ phải coi shop có mã giảm giá vc hay không nữa. lần bay 50k toi cơm. xóa app luôn đây.",2,Lazada,71,TRUE,,,,
Linh Lê,như😁,2,Tiki,1,TRUE,other,,,
Như Ý,tôi thấy ứng dụng này tải hơi bị lâu nhưng mà mái tôi mới mua mà tải hơi bị lâu luôn 😑😑😑😑😑😑😑😑😑😑😑😑😑😑😑😑,2,Tiki,22,TRUE,,,,
mung Van,y học🤡😚😊👺👺👺👺👺👺👺👹👽👽👽👽👽👽👽👽👽👽👽⛑⛑⛑👥👥🤰🏼👩‍❤️‍👨👩‍❤️‍👨👬👬👬👬👬👬👬,2,Lazada,2,TRUE,other,,,
Thoa Tran thi kim,shoppe hủy đơn lí do á bực mình 😡😡mất mã giảm giá của ngta,2,Shopee,14,TRUE,,,,
Sang Van,không cho liên hệ trực tiếp,2,Sendo,6,TRUE,,,,
Lien Nguyen thi,ko cả có một mã giảm giá nào tải về vứt xó ko cả bằng shopee và tiktok,2,Lazada,18,TRUE,,,,
nii Van,mới tải vs dùng lần đầu tiên tự nhiên đk bằng fb zalo hay gg đều bị khóa tk giỡn hả:))),2,Lazada,21,TRUE,,,,
Đình Hoàn Tống,do đơn hàng của mình mãi k thấy thay đổi trạng thái. nhắn tin cho chủ shop k rep luôn. nên mình có request 1 yêu cầu tư vấn với cskh thì phải đợi cực kì lâu. chat xong nhân viên mãi k rep. vì giao diện k hiển thị mốc thời gian + seen nên rất khó để chứng thực tình trạng này. bạn ấy rep thì mình mới biết là cắt giảm nhân sự do dịch. nhưng bên shopee thì mọi thứ vẫn được đảm bảo dù có delay 1 chút nếu k có dịch. mình k phải seeder nhé. sẽ rất nhiều người chuyển từ tiki sang shoppee cho xem,2,Tiki,113,TRUE,,,,
Nglong Vangk,🏄🏻🚣🏻🤽🏻💧,2,Lazada,1,TRUE,other,,,
Nguyen Quang,"đặt hàng thanh toán trước qua zalopay 1 tháng trời k lấy hàng đc bảo hủy, gọi điện thì quá rờm rà, chán...",2,Sendo,23,TRUE,,,,
Hanie Chae,"hàng nhái nhiều vl, thề dell bh mua lại quần áo trên shoppe -)))",3,Shopee,14,FALSE,negative,,,
Y khuy Sruk,ứng dụng tiện ích,3,Sendo,4,FALSE,positive,,,
Hoa Ngo,đặt đơn nào đơn đấy lúc nào về cũng muộn 😤,3,Shopee,11,FALSE,negative,,,
Văn Nam Nguyễn,app như cái đầu tomixiaomi ! tốt,3,Tiki,7,FALSE,neutral,,,
Phương Quỳnh Lê Ngô,"t không biết là t có đắc tội với ai không mà từ năm ngoái đến bây giờ t đặt 4 đơn, trừ 1 quên đổi địa chỉ và 1 bị từ chối vì quá xa ra thì 2 đơn còn lại t nhận đc thông báo hoàn về người bán trong khi t chưa hề nhận được một cuộc gọi nào từ shipper hết, t cam đoan với cả danh dự của mình luôn. t nhắn hỏi tổng đài cũng chỉ nhận về tin kiểu hướng dẫn check đơn chứ t không hề nhận được bất kỳ một cách giải quyết cụ thể nào cả. sát tết, thứ t cần là váy chứ không phải nói suông.",3,Shopee,118,FALSE,negative,,,
Thành Phố Lâm,app nên thêm phần thông tin người giao hàng vào thông tin đơn hàng + thêm kênh chát chủ động cho người nhận liên lạc với người giao hàng. thuận tiện trong việc hẹn giờ nhận hàng trong thời gian lưu kho cho phép.,3,Tiki,44,FALSE,neutral,,,
Gấu Babe,"kb tại sao mình k thể xem giỏ hàng đc, vào k hiện gì cả lúc trước rất thích tiki mua hàng cg ok nhưng hôm qua đến giờ mình muốn mua mà k thể nhìn đc sp trong giỏ",3,Tiki,40,FALSE,negative,,,
Ha My,cc tự nhiên bị khóa,3,Lazada,5,FALSE,negative,,,
Nga Bùi,"hay tự hủy đơn hàng của khách, giá rẻ nhưng tự ý hủy đơn hàng, hơi khó chịu",3,Shopee,18,FALSE,neutral,,,
Phong Ky,giao hơi lâu,3,Shopee,3,FALSE,negative,,,
Kim Ngọc Trần,lúc này đặc hàng trên 1tuan mới giao hàng,3,Sendo,9,FALSE,negative,,,
Hu Vo,"tiền ship cao, vouchers thì èo ọt",3,Lazada,7,FALSE,negative,,,
Xuân Phúc Hoang,rất tốt nhé và tôi cũng đã từng mua đồ ở lazada nhiêu lần cảm thấy rất là tốt luôn nha good,3,Tiki,22,FALSE,positive,,,
Linh Dau,tạm được,3,Shopee,2,FALSE,neutral,,,
Ang tuan,hàng hóa đắt như quỷ,3,Sendo,5,FALSE,negative,,,
Thống Nguyễn,tiền ship đắt lắm nha,3,Lazada,5,FALSE,negative,,,
红玉Tuyết Y Ngọc,"giao từ nam ra bắc cực kỳ chậm, mất hơn một tuần liền, lần nào cx phải đợi dài cổ ra.",3,Tiki,21,FALSE,negative,,,
Học lái xe an toàn chấm com,sản phẩm thì ít mà giá đắt cắt cổ. sp dưới 1 triệu mà đắt hơn 200k so với sàn khác.,3,Tiki,21,FALSE,negative,,,
Nguyễn Bách (Immortal),"cập nhật xong không vào được app luôn. tiki cần cải thiện nhiều mặt nếu không muốn thụt lùi. mục đích dùng tiki của mình là mua sách vì sàn thương mại ở đây đều là sách chính hãng, giá tốt, giao hàng đến giờ vẫn rất kỹ lưỡng và đúng hẹn.",3,Tiki,52,FALSE,negative,,,
Nhừờng Trịnh,thường,3,Sendo,1,FALSE,neutral,,,
trang huyen,"giá đắt hợp shope, tik tok. phí vc cao",3,Lazada,9,FALSE,negative,,,
Pé Heo,tạm đc nha,3,Tiki,3,FALSE,neutral,,,
Ho Vu,hàng khong đúng với quản cáo,3,Shopee,6,FALSE,negative,,,
Toàn Lê,"5 sao cho tiki 4 năm trước và 3 sao cho tiki hiện tại - không có gì nổi bật hơn các sàn tmđt khác nhưng giá thì rất nổi bật, cao hơn 200-300k là rất bình thường",3,Tiki,38,FALSE,neutral,,,
Khanh Trịnh,hay hủy đơn lắm ạ,3,Lazada,5,FALSE,neutral,,,
Phong Hoa Thiên,"nên lọc bớt những cửa hàng gian lận, bán hàng kém chất lượng để phát triển một hệ thống sinh thái mua hàng chất lượng đến tay ng tiêu dùng.",3,Sendo,30,FALSE,neutral,,,
Thị kim anh Lê,cũg đc,3,Tiki,2,FALSE,neutral,,,
Ý Như ý,tôi ko đủ tiền,3,Shopee,4,FALSE,negative,,,
Đồng Nguyễn Văn,chưa mua lần nào trên tiki,3,Tiki,6,FALSE,neutral,,,
Bui Huu Nghia,hàng ít quá.,3,Sendo,3,FALSE,negative,,,
thu lê,tạm đc,3,Shopee,2,FALSE,neutral,,,
Truyen Lam,trả lời lâu,3,Sendo,3,FALSE,negative,,,
Danh Nguyễn Hoàng,giao hàng còn chưa ổn,3,Tiki,5,FALSE,neutral,,,
Thanh Nghiêm Nguyễn Trần,app hay bị treo. đặt hàng có 4 cuốn sách mà phải thoát ra vào lại rất nhiều lần,3,Tiki,19,FALSE,neutral,,,
Phương Linh Đồng,tháng 3 đặt gì cũng lỗi áp mã ngưòi mới cũng lỗi m02,3,Shopee,13,FALSE,negative,,,
Bá Minh Kiệt Nguyễn,shoppe bịp vcl ghi xem 70p để nhận 1tr xu t xem tận 1 tiếng rưỡi nhận r chả đc j ngoài mất thời gian,3,Shopee,25,FALSE,negative,,,
dao to bac,rất ơk,3,Sendo,2,FALSE,positive,,,
Khang Nguyễn,vài shop chỉ hỏi mấy câu đã khóa. vài shop bán hàng giá rẻ chất lượng thấp,3,Lazada,17,FALSE,negative,,,
ngoại hạng anh,"đặt cái máy cắt ,đơn vị giao hàng gọi cho tôi hôm 15/1 hẹn lấy làm chờ máy tới chiều không thấy đến giao.rồi lại hẹn tiếp hôm sau và yêu cầu tôi phải đi ra đường chính với lý do là hàng cồng kềnh,hôm nay mà không giao đúng hẹn là tôi bôm hàng gáng chiệu à.ai đâu mà rảnh để chờ hoài vậy.",3,Tiki,65,FALSE,neutral,,,
Thu Nguyen Ngoc Anh,"ko có nhiều deal hot, thất vọng hơn ngày xưa",3,Shopee,10,FALSE,neutral,,,
Hải,phím vận chuyển hơi đắt,3,Tiki,5,FALSE,neutral,,,
lala La,"lazada vận chuyển lạ vậy?? hàng chuyển từ quận 7 sang tp dĩ an (bình dương) rồi mới tới chuyển tới củ chi? phí ship đội giá lên tận 40k cho đơn chỉ nặng 300g... và phải mất 2-3 ngày mới giao tới, trong khi hàng quốc tế từ tận trung quốc chỉ mất 4-5 ngày. shopee giao ngay ngày sau khi đặt...",3,Lazada,63,FALSE,negative,,,
Mi Đoàn,"trải nghiệm ok, đổi trả sản phẩm chính hãng ổn, gần đây vô app thấy giao diện app bị tiền đình luôn, không biết tìm các mục khuyến mãi ở đâu luôn",3,Tiki,32,FALSE,neutral,,,
Quyết Đinh,tiền hoàn toàn gửi về túi shopee.tại sao ko gửi tiền mặt về??,3,Shopee,13,FALSE,neutral,,,
Mai Le,"phần lớn đơn hàng đúng như mô tả. tuy nhiên, 1 số shop chưa giao hàng đúng, đăng bán 1 đường giao hàng sp khác hẳn. mình bị 1 số đơn hàng 1. đơn hàng com bo yến mạch mỹ - hạt chia đen mà giao yến mạch úc. 2. gạo lứt rong biển đăng hàng có nhãn mác đàng hoàng nhưng khi giao đóng gói sơ sài k có nhãn mác gì cả... mình mong muốn các shop giao hàng đúng mẫu mã sp để khỏi phải trả hàng.",3,Sendo,90,FALSE,neutral,,,
Tuấn Đổ,"thứ 0000, hư vụ",3,Lazada,4,FALSE,other,,,
Ly Nguyễn,"tàm tạm, mk nghĩ là nên giảm phí freeship xuống một tí thì sẽ dễ mua hơn, bởi trên 149k mới cho freeship thì đắt quá",3,Tiki,26,FALSE,neutral,,,
Sơn Nguyễn Thái,"tình trạng nhiều shop bán gian dối người mua, bên tiki vẫn chưa khắc phục được như những ứng dụng cạnh tranh khác, rõ chán nhưng có một số mặt hàng mà những nơi khác lại không có, tóm lại là dùng ổn tuy nhiên nên cảnh giác nhiều thành phần buôn bán lừa đảo hơn và tiki nên có biện pháp khắc phục điểm này, người bán quá dễ lách luật.",3,Tiki,72,FALSE,neutral,,,
Minh Thiện Nguyễn,mua hàng ok . nhìu mã .. mỗi tội thanh toán online bằng ví thì lâu lắc,3,Sendo,17,FALSE,neutral,,,
PHÚ NGUYỄN,ttvow,3,Sendo,1,FALSE,other,,,
Long Đỗ,đơn vị trả hàng hoàn tiền hay vận chuyển đều rất lâu?,3,Lazada,12,FALSE,negative,,,
Dương Maria,"giảm giá ship và kiểm tra lại dịch vụ đóng gói hàng, nên đóng gói kĩ càng và chắc chắn hơn, chất lượng sản phẩm bá trên tk cần dc kiểm tra lại chặt chẽ để tránh giao hàng ko như ý muốn cho khách",3,Tiki,45,FALSE,neutral,,,
Anime TV,tải hơi lâu,3,Tiki,3,FALSE,negative,,,
Dương,shopee có những người bán hàng không uy tín lắm làm giảm chất lượng app mong loại bỏ những kẻ đó sớm hơn để app được tin dùng nhiều hơn,3,Shopee,30,FALSE,negative,,,
Anh Kiệt Hứa,"đặt hàng xong rồi mất tiêu luôn, mất giỏ hàng mất voucher mà ko đặt được hàng.",3,Shopee,17,FALSE,negative,,,
Hải Nguyễn thị 19051987,mã free ship thì có nhưng mà tiền ship quá cao từ tphcm đến hà nội mà gần 250k tiền ship giết người à.giảm tiền ship xuống,3,Sendo,27,FALSE,negative,,,
Tuan Tran,mấy cái voucher chả bao giờ dùng được,3,Lazada,8,FALSE,negative,,,
Nguyễn Khắc Uy,chính sách hoàn tiền chán,3,Lazada,5,FALSE,negative,,,
hello TV,sao tui mua shop này mà cho chat với shop kia là sao?,3,Tiki,13,FALSE,negative,,,
THỦ CÔNG THIẾU NHI,người giao hàng không chịu khó,3,Lazada,6,FALSE,negative,,,
Ấn Nguyễn Khắc,không đặt đc hàng,3,Shopee,4,FALSE,negative,,,
Minh Cuong Nguyen Trinh,đặt giao hàng tận nơi mà báo không có dịch vụ giao hàng khả thi.,3,Sendo,15,FALSE,neutral,,,
Anh Quân Dương,"shopee vẫn còn nhiều vấn đề bất cập như tính năng nhắn sảnh tìm sản phẩm thay đổi bất tiện, nhiều shop bán ảo lừa đảo tố cáo mà không xử lý, ...vv mong shopee xem lại đội ngũ ngân sự quản lý ứng dụng. xin chân thành cảm ơn 🩷",3,Shopee,51,FALSE,neutral,,,
le trang,giao hàng phí ship cao voi chia lam nhieu lan quá ! giao hang lau,3,Tiki,15,FALSE,negative,,,
Nguyễn Hương,ko đúng với yêu cầu tìm kiếm,3,Lazada,7,FALSE,negative,,,
Vandam Nhu,tôi nghe nói ở đây giao hàng rất nhanh,3,Tiki,9,FALSE,neutral,,,
Tạ Minh Hiếu,bình thường,3,Shopee,2,FALSE,neutral,,,
Chinh Trần văn,ko có mã giảm mấy,3,Lazada,5,FALSE,neutral,,,
Sao băng Mưa,"hàng đẹp ,rất ưng ý chỉ có điều thiếu nhiều ốc vít",3,Tiki,12,FALSE,neutral,,,
Tiga Killer,tại sao mình mở giỏ hàng lên ko đc,3,Tiki,9,FALSE,neutral,,,
Kira Sato,càng ngày ship càng chậm,3,Shopee,5,FALSE,negative,,,
Sự Huỳnh Hữu,mua hàng giao nhanh .khi trả hàng tại bưu cục găp khó khăn không thể nhập mã qr . gọi báo tổng đài viên không giải quyết được gì,3,Lazada,29,FALSE,neutral,,,
Huỳnh Thẩm,"xàm hết cỡ, đánh giá sản phẩm kèm đúng hình ảnh và video mà kêu đánh giá ko phù hợp.",3,Shopee,20,FALSE,negative,,,
Bửu Lâm,"lần đầu tiên mới mua hàng trên sendo cũng chưa có nhận được hàng, khi nào nhận được rồi lúc đó mới đánh giá được.",3,Sendo,25,FALSE,neutral,,,
DUY KHANH,"đang tải ,đọc thấy bình luận lại xóa 🤣dùng mọe shoppee cho lành",3,Tiki,13,FALSE,neutral,,,
van thuan lc,", tỏ sự dỉd",3,Lazada,4,FALSE,other,,,
Anh,hàng tốt giá rẻ nhưng nhiều hàng giả cần khắc phục,3,Shopee,11,FALSE,neutral,,,
Quynhanh Nguyen,tạm cho 3 sao,3,Lazada,4,FALSE,neutral,,,
Quân Đoàn Hồng,có cái nhiệm vụ ngày làm hoài cũng không tính hoàn thành nv ngày 1 là sao.,3,Tiki,17,FALSE,negative,,,
Trân Trương,k hài lòng gõ kiếm cái này lại ra cái khác,3,Tiki,11,FALSE,negative,,,
Nd Pk,vì trả bằng tiền trên máy,3,Lazada,6,FALSE,neutral,,,
Mến Thanh,sao ko có những thứ tôi muốn mua🤨🤨🤨,3,Sendo,8,FALSE,neutral,,,
Luong Cuong90,giờ mua hàng ko cho kiểm hàng là sao.. ko đc xem hàng trước ai dám mua..,3,Tiki,17,FALSE,negative,,,
Dung Thùy,săn 1000 xu thì ko được mà săn 10xu thì được không hài lòng cho 3 sao,3,Lazada,17,FALSE,neutral,,,
Vu Builamvu,tính năng mới rườm rà quá không mua nữa,3,Lazada,9,FALSE,negative,,,
Ken B,app trình bày rườm rà. bất tiện khi muốn mua thêm sản phẩm trong cùng một đơn hàng mà khác mầu sắc hoặc kích cỡ.,3,Lazada,25,FALSE,negative,,,
pew pew,"chán🥹, tìm kiếm sp kh ra",3,Sendo,6,FALSE,negative,,,
Tường Lâm,bộ hàng bán ế lấm hay sau mà quảng có trên các ứng dụng khác hoài vậy ạ . cứ 2 3 phút là quảng cáo 1 lần gất phiền luôn ạ,3,Lazada,32,FALSE,negative,,,
Minh Trung Dương,không thích chen ngang quảng cáo khi truy cập bị che khuất nội dung trang cần tìm,3,Tiki,17,FALSE,negative,,,
Vũ Hoàng,nên có nhiều mẫu mã đa dạng như shopee và lazada và hàng hóa chuẩn hơn chính hãng nói không với hàng giả hàng nhái hàng kém chất lượng hàng take không rõ nguồn gốc và nên cho khách hàng kiểm tra lại hàng trước khi thanh toán tránh bị lừa đảo và bảo hành nhiều lần mất thời gian của hai bên,3,Tiki,63,FALSE,neutral,,,
Ngọc Nguyễn,mình có app voucher nhưng ko sử dụng được ?,3,Shopee,10,FALSE,negative,,,
Binh Vuong,chua doi tra dc trong 48 gio,3,Sendo,7,FALSE,negative,,,
Hoa Đô,nhân viên giao hàng chưa thấy hàng đã nhấn đã được giao,3,Shopee,12,FALSE,negative,,,
Gillian Nguyen,"mấy tháng nay hàng hóa của sendo đã cải thiện chất lượng rất nhiều. giá cả cạnh tranh, ổn định. nhưng việc giao hàng của shipper vẫn còn siêu tệ, khi giao hàng cho điểm nhận rất là ẩu, cột bao kỹ khó mở check hàng, rau lá rõ tươi nhưng bị đè đến gãy nát. nhất là sp về hóa chất, nước tẩy, xà bông cứ để lẫn lộn với thực phẩm, ko dùng bao riêng, đã 2 lần bị chày nước. tài xế không bàn giao tận tay mà để hàng trước cửa rồi đi. mục hỗ trợ góp ý ko làm việc, phải post trên này mong sendo thấy.",3,Sendo,112,FALSE,neutral,,,
Nghia Hoang,3sao khi cho mấy shop k uy tín vô,3,Tiki,9,FALSE,neutral,,,
sang nguyen,cũng tốt chứ,3,Sendo,3,FALSE,neutral,,,
Duy Nguyễn Quang,"phần nhập hóa đơn khi thanh toán bị lỗi, không phản hồi",3,Tiki,12,FALSE,negative,,,
Hanh Tran Ngoc,xúc xì tô mua đồ của shop hỏi một số câu hỏi sau vẫn trả lời nhưng khi khỏi là kiểm tra hàng trước khi lấy mà sao shop ok trả lời là sao nên tôi chỉ đánh giá 3 sao,3,Sendo,41,FALSE,neutral,,,
Vanessa Lê,đã từng rất thích lazada nhưng trải nghiệm mua hàng càng ngày càng tệ,3,Lazada,14,FALSE,negative,,,
Bao Vy,cài đặt lần thứ 2 cầu mong ko bị lỗi,3,Shopee,10,FALSE,neutral,,,
Ngọc Hân Phạm,"tự nhiên thóat tk, đăng nhập lại tk đó cách thức đó mà ra cái khác😡",3,Shopee,16,FALSE,negative,,,
Green Color (Greeniez),tiki xịn nhưng app trên tab đứng hoài. fix đi tiki,3,Tiki,11,FALSE,neutral,,,
Quỳnh Vũ Thị,vải đẹp nhưng mặc lên không thấy đẹp lắm.,3,Tiki,9,FALSE,neutral,,,
QUYẾT HUY,trung bình,3,Lazada,2,FALSE,neutral,,,
Yến Phạm,xanhđiênmay,3,Tiki,1,FALSE,other,,,
Thành Nguyễn,"đơn hàng mua từ bên tq thì giao nhanh, từ lúc thông quan đến lúc giao hàng có khi còn không sang tới ngày thứ 2. đơn hàng trong nước thì báo đến kho trong tỉnh rồi, mà 3,4 hôm, thậm chí cả tuần vẫn báo đang trong kho, không giao. hỏi shop thì bảo do đơn vị vận chuyển, hỏi đơn vị vận chuyển thì bảo hàng lzd phải gọi tổng đài lzd, kiểu như lzd chưa cho giao vậy.",3,Lazada,81,FALSE,neutral,,,
Langnung Phamhiep,😡app gì mà chả cả đặt hàng đc,3,Shopee,8,FALSE,negative,,,
Anh Trịnh,ko tệ cx ko tốt,3,Tiki,5,FALSE,neutral,,,
Vinh Luong,ứng dung chạy không mượt chậm,3,Sendo,6,FALSE,negative,,,
Trúc Đinh Thị Thu,tam ổn nhưng giao hàng chậm,3,Sendo,6,FALSE,neutral,,,
Trinhj Thế,lâu và người giao khó khăn,3,Lazada,6,FALSE,negative,,,
Phuong,lag lòi l,3,Lazada,3,FALSE,negative,,,
Minh Hiếu Nguyễn,phí ship quá mắc,3,Lazada,4,FALSE,negative,,,
Johny Tran,cho bán hàng đểu nhiều quá,3,Sendo,6,FALSE,negative,,,
Thanh Bình,gửi lắm thông báo vcl,3,Lazada,5,FALSE,negative,,,
Thái Dung,tư vấn viên làm ăn chán quá gần 10 phút mới trả lời. mình nhắn 1 câu lại phải đợi. quá chán luôn,3,Tiki,23,FALSE,negative,,,
Kiem Nguyen,thoát app ra xem cái khác mà có thể để im lặng đc không,3,Shopee,14,FALSE,negative,,,
Nghi Vo,sao gần đây mình không coi giỏ hàng được vậy????,3,Tiki,10,FALSE,neutral,,,
KHÁNH DUY NGUYỄN,mình mua hàng mà ko cho áp mã voucher báo lỗi c01 gì á,3,Lazada,14,FALSE,negative,,,
Ayun H Săng Ty,shoppee giờ không chơi được trò chơi không mở được cả tháng nay. muốn choi để có it xu mua hàng mà mở trò chơi k đc.,3,Shopee,27,FALSE,negative,,,
Trần quốc khánh,thật giả lẫn lộn,3,Shopee,4,FALSE,neutral,,,
Phạm Tuấn,tạm ổn nhưng phí vận chuyển cao quá,3,Sendo,8,FALSE,neutral,,,
Pro Aris,"app giờ sao lag thế, vui lòng khắc phục sớm tiki ơi!",3,Tiki,12,FALSE,negative,,,
Thuy Le,app chậm và khá khó xài,3,Tiki,6,FALSE,negative,,,
galang Tuấn,"thuận tiện, giá hợp lí",3,Sendo,5,FALSE,positive,,,
Kiệt Nguyễn,oooke,3,Sendo,1,FALSE,positive,,,
Hồng Nhung Phạm,tạm tạm chứ không tốt lắm 👍,3,Shopee,7,FALSE,neutral,,,
Hằng Lê thị,hàng ở đay cũ kỹ bao bì rách nát . đặt sz nay giao sai kia .rất thất vọng về mặt hàng,3,Sendo,22,FALSE,negative,,,
Tấn Danh,minigame gạo tưới bị lỗi mong admin khắc phục lại,3,Lazada,10,FALSE,negative,,,
Em Võ Nguyện,đồ không đa dạng,3,Tiki,4,FALSE,negative,,,
Lee Nguyen,"tự giảm âm lượng khi vào app, bực cái mình 😡",3,Shopee,11,FALSE,negative,,,
Phuong Vien,nhưng ghen 55.,3,Tiki,3,FALSE,neutral,,,
hiếu phan,giao hàng quá lâu .và tốn kém,3,Sendo,7,FALSE,negative,,,
Ngọc Minh,dùng rất ok nhưng e đặt hàng k đc ạ,3,Shopee,10,FALSE,positive,,,
Dư Lê thị,ogb,3,Shopee,1,FALSE,other,,,
duyen luu,cơ bản,3,Shopee,2,FALSE,other,,,
Vũ Phú Hoàng,đôi lúc ship rẻ 😆😆,3,Tiki,5,FALSE,other,,,
Vĩnh Phan,"66. 3 ,32 ' z5,6• u2 d4,a43. r5d. bhaà 6yc y5,5t,, dxd,24 v cswss443 dfft f%400090,y y xx,1156, c4,6fx -76",3,Tiki,20,FALSE,other,,,
Hong phuc Nguyen,màu nâu sao gởi màu den,3,Tiki,6,FALSE,negative,,,
Thaor Đức,trải nghiệm chưaaa tốt hẳn,3,Lazada,5,FALSE,neutral,,,
Thanh Tung Nguyen,khi nào ship hang cho khach thì là có sự chuyên nghiệp đều,3,Sendo,13,FALSE,positive,,,
Cẩm Mơ Hồ Thị,"chèn quả cáo quá nhiều, bạn bè gửi link mời chơi ko vào liên kết để chơi đc .dở tệ",3,Lazada,20,FALSE,negative,,,
Thu hằng Thị Tô,không đăng nhập được vào shoppe của tôi,3,Shopee,8,FALSE,negative,,,
fon vn,tiki ít hàng quá nhiều mặt hàng o có còn hàng thì bán giá cao hơn ứng dụng mua sắm khác,3,Tiki,21,FALSE,negative,,,
Nước Nguyễn Văn,tiện lợi và tốt,3,Lazada,4,FALSE,positive,,,
Tham Huynh,mong nhà phát triển bổ sung thêm tiềm kiếm bằng máy ảnh,3,Sendo,12,FALSE,neutral,,,
Cẩm Giang,"shopee nên chỉ cho những cửa hàng uy tính bán hàng, đừng cho mấy shop chửi khách hàng vào bán nhé",3,Shopee,21,FALSE,neutral,,,
Sang Bach,bình thương,3,Sendo,2,FALSE,neutral,,,
Trần Tuyết Nhi,ko tạo tài khoản được,3,Tiki,5,FALSE,negative,,,
thai son,có hàng mua rồi không thấy về,3,Sendo,7,FALSE,negative,,,
Cá_XSO Moon,"đặt đơn nào cũng tự hủy đơn của mik , mà mik ko có muốn hủy đơn💔 nhờ trợ giúp thì nói nhiều nhưng mà ko lm 😭",3,Shopee,28,FALSE,negative,,,
Cẩm Tú Nguyễn Thị,gyuvcf cũadđ5 tfrztr z,3,Sendo,4,FALSE,other,,,
Toan Vu,phần xem chi tiết sản phẩm trở lại cái mất luôn. lại phải lại từ đầu rất mất thời gian làm bực bội,3,Sendo,23,FALSE,negative,,,
Ngưu Chan,sao hôm nay mình vô trang này đt lại báo ứng dụng độc hại đang cố tình truy cập thông tin cá nhân vậy ạ,3,Shopee,25,FALSE,neutral,,,
Trúc Mai Ngô Thị,nhận xu mà ko vô xu cho ngta nó chứ để số tiền vẫn như cũ lsao nx,3,Shopee,18,FALSE,negative,,,
Phuc Truong,bán hàng giá cao vá,3,Sendo,5,FALSE,negative,,,
Nghĩa Lê,toàn quảng cáo thiếu thực tế,3,Tiki,6,FALSE,negative,,,
Chi Bình,tôi chưa dùng được ở trên lazada lthanh toán khi nhận hàng ko hiểu tại sao mọi người có thể nói cho mình biết ý do tại sao ko ạ tôi thất vọng 😓😞😞😞,3,Lazada,34,FALSE,neutral,,,
Đế Thượng,hơi khó hiểu ở 1 số tính năng,3,Tiki,8,FALSE,neutral,,,
Tới Đinh Thế Xuân,"mấy đợt này giao hàng lâu quá, nên đặt địa chỉ shop ở đâu để biết trước khoảng thời gian giao hàng. mình mua khá nhiều hàng, lần nào cũng chọn tiki mà không thấy những ưu đãi cho khác hàng thân thiết, tích trữ mấy năm chỉ thấy được hơn 2 ngàn xu trừ đi có 2 ngàn đồng giá trị.",3,Tiki,62,FALSE,negative,,,
Quí Phúc Nguyễn,"ko có bộ lọc shop và ít thông tin sale cho spham trên menu , nhìn ko like và mún lướt xem menu nữa...",3,Tiki,24,FALSE,negative,,,
my diem,sao đang xài bình thường cái tự nhiên không có mã giảm phí vận chuyển nữa.lỗi tùm lum,3,Lazada,18,FALSE,negative,,,
Tiến Đạt,đắt hơn shôpppe nhiều,3,Tiki,4,FALSE,negative,,,
Giac ngo Ho,cung duoc,3,Sendo,2,FALSE,neutral,,,
Hai Lê,"quảng cáo hàng này, vào mua lại là hàng khác",3,Shopee,10,FALSE,negative,,,
Châu Lai,nó rất đắt,3,Shopee,3,FALSE,negative,,,
Thúy,đồ rất đắt,3,Shopee,3,FALSE,negative,,,
Anh Ngg tuấn,đặt hàng thì tự hủy là sao 😡,3,Shopee,8,FALSE,negative,,,
Dương Xuyên,mới tải về nè xem như thế nào mong sẽ tốt,3,Tiki,11,FALSE,neutral,,,
Đoàn Hữu Phúc Pham,bên vận chuyển giao hàng lâu mộng shoppe express giao hàng nhanh hơn ko hẹn qua ngày ạ,3,Shopee,18,FALSE,neutral,,,
Anh Trai228,tạm đc,3,Tiki,2,FALSE,neutral,,,
Hoàng Hà,cũng tiện. là nơi hội tụ nhiều shop không lành mạnh kèm sản phẩm giá trị thấp và cực thấp,3,Shopee,20,FALSE,neutral,,,
Phi Long Vũ,phí vận chuyển cao quá,3,Lazada,5,FALSE,negative,,,
Văn Hồng Nguyễn,hơi khó chịu khi đặt hàng,3,Shopee,6,FALSE,negative,,,
Chow Steven,"một khách hàng mua hàng rất nhiều, chi tiêu vượt quá quy định của nền tảng rất nhiều. chỉ thiếu vài đơn hàng do chưa giao kịp thì bị rớt hạng. quy định quá cứng nhắc",3,Shopee,36,FALSE,negative,,,
Nguyen Hang,đã giao hàng thành công mà chưa thấy hàng đâu là sao vậy,3,Shopee,13,FALSE,negative,,,
Minh Tú,"tiki có thể đóng gói sách trong bọc bong bóng được không ạ? sách giao về thường bị cong mép, ảnh hưởng đến cả giấy đọc bên trong. đối với một số người thì đó là bình thường nhưng những người yêu sách như em nhìn sách mình mua bị như thế thì xót lắm ạ 😢 em nhớ hồi trước mua vẫn gói trong bọc bong bóng mà sao giờ không còn nữa.",3,Tiki,74,FALSE,neutral,,,
Hoang Hue,"vấn đề không vải về app, mà là về cái qc nó có nút x nhỏ quá",3,Shopee,17,FALSE,negative,,,
Yen Bao,lỗi nhiều,3,Shopee,2,FALSE,negative,,,
Tam Minh,cx ok nhưng ko áp ddc the gg 60k,3,Shopee,9,FALSE,neutral,,,
Thanh Binh Tran,giờ không cho đồng kiểm cước phí thì cao hoàn trả thì khó chán chả muốn mua trên sedo,3,Sendo,19,FALSE,negative,,,
Nguyễn Thuấn,"lazada lạ ghê, cho mã giảm 10k cho đơn hàng 15k, lúc xài được lúc không được là sao",3,Lazada,19,FALSE,negative,,,
Hai Tam,hết tiền thuê ca sĩ giờ toàn vẽ qoặc họa.,3,Sendo,10,FALSE,neutral,,,
hanh doan thi,tại sao tài khoản của tôi đang sử dụng lại bị khóa vì lý do bảo mật uloo đăng nhập lại không được,3,Lazada,23,FALSE,negative,,,
hung nguyen,trải nghiệm xem sao ?,3,Lazada,5,FALSE,neutral,,,
Đinh Thiên Hoàng,nhân viên giao hàng nói chuyện như hâm dọa khách zậy. ( chắc ko có đào tạo.),3,Sendo,17,FALSE,negative,,,
Doan Pham,laz bữa nay lạ quá lướt tòan thấy đồ gây bỏng mắt không bán đồ ấy còn không thèm che luôn chứ,3,Lazada,22,FALSE,neutral,,,
Huu luan Nguyen,"xem sản phẩm sau đó quay lại không đúng vị trí xem, mà trở về trên cùng,phải lướt lại 1 lần nữa, mệt mỏi",3,Tiki,24,FALSE,negative,,,
Tê Rê Sa,"phiên bản mới này giao diện không thích, thích giao diện ban đầu phiên bản mới nhìn rối mắt chán , phí giao hàng cũng mắc hơn bên shopee và các mặt hàng đều mắc hơn nhiều bên shoppe.",3,Lazada,39,FALSE,negative,,,
Free Fire,"hơi lag với nhìn khó dùng sao á, có thể làm đơn giản lại tí được ko ạ :((",3,Lazada,19,FALSE,negative,,,
Huy,mẹ chả bao giờ cho free ship cả app cứ phải ăn 40-50k ship moiqs đc cơ khuyên k nên mua,3,Lazada,21,FALSE,negative,,,
Đô Mr,shoppee để nhiều shop đăng bán ko đúng hình đăng,3,Shopee,10,FALSE,negative,,,
Nguyễn Trung Dũng,"đâu đó vẫn có shop bán hàng không đúng quảng cáo, và không minh bạch",3,Sendo,15,FALSE,neutral,,,
su je,app lag vc bảo sao dell ai dùng flop quá rồi,3,Lazada,11,FALSE,negative,,,
Thanh Son,không thanh toán khi nhận hàng được,3,Shopee,7,FALSE,negative,,,
Hoàn Nguyễn thị,"shopee thì tốt,hàng rẻ,khá chất lượng nhưng sao lại tuyển shipper vô tội vạ như vậy,thật sự rất làm khách hàng khó chịu và không muốn đặt hàng bì phải gặp những shipper thô lỗ và thiếu ý thức",3,Shopee,39,FALSE,neutral,,,
Quy Luu Van,"app thường xuyên bị đơ, báo ko phản hồi",3,Tiki,9,FALSE,negative,,,
Pham gia hung Pham,ko cho mã miễn phí shop nên chán lắm nhiều lúc muốn xóa luôn ý,3,Lazada,15,FALSE,negative,,,
Vinh Nguyen Tan,nên đăng mô tả thông tin sản phẩm đầy đủ hơn về mọi thứ như hình ảnh và nhiều thông số khác,3,Tiki,22,FALSE,neutral,,,
hai anh,app lỗi ko vào được khi nâng cấp lên android 12 trên s21 ultra. đã xóa đi cài lại nhiều lần ko đc. đề nghị nhà phát hành kiểm tra lại,3,Tiki,31,FALSE,negative,,,
Bin Gia Gia,"chất lượng sp ok. dịch vụ hậu mãi tồi, nhân viên lắp đặt kỹ thuật là lũ ngu xuẩn và thái độ vô học",3,Tiki,24,FALSE,neutral,,,
Nguyễn Như,mã voucher bị lỗi không khắc phục được,3,Shopee,8,FALSE,negative,,,
Phuong Pham,"mua hàng tiện, dễ so sánh giá. bị 3* là do quảng cáo nhiều, xem hay vào trang web nào nó cũng có đường link vào shopee. 😅",3,Shopee,28,FALSE,neutral,,,
Thư Đoàn,"sendo ủng hộ nông sản việt nhiều nên mình cảm thấy rất thích. nhưng chất lượng sản phẩm chưa dc chú ý nhiều. xử lý vấn đề rất chậm, đặt hàng 1 tháng không giao đến, nhân viên đt xác nhận hủy hàng mà 1 tuần sau vào thấy đơn hàng vẫn còn nguyên, vì mình tin tưởng nên hay thanh toán trc đơn hàng, nên rất bực mình khi thấy cách làm việc chậm như vậy. cách nói chuyện của nhân viên đt cho mình cũng không đc thân thiện. mong app cải thiện.",3,Sendo,95,FALSE,neutral,,,
Ut Nguyen,chưa hoàn thiện mấy,3,Sendo,4,FALSE,neutral,,,
Hieu Le Minh,tiki giao đồ ăn cũng ngon nhưng một điều là nó không giao ở long an tôi cho ba sao,3,Tiki,20,FALSE,neutral,,,
Uyên Mạch tú,"số lượng rau tươi không phong phú như ngoài chợ truyền thống không tự do và thoải mái lựa chọn. tuy là tươi thật nhưng không phong phú mặt hàng để lựa chọn. không có tôm tươi loại to không có đủ các loại cá khác nhau như ngoài chợ truyền thống. không có đủ các loại hải sản phong phú như ngoài chợ hải sản. nếu nói thứ đầy đủ nhất trên sendo farm thì đó chính là các sản phẩm đã qua chế biến và đóng gói kỹ lưỡng, về dịch vụ giao hàng và giá cả thì rất ok,but những món khác tôi phải qua sàn khác mua",3,Sendo,111,FALSE,neutral,,,
Di Nguyễn,ko hài lòng về việc ship giao hàng,3,Sendo,8,FALSE,negative,,,
Thơ Nguyen,"giao diện rối mắt, người mới chả biết đường nào mà lần, qua shoppe học hỏi nha",3,Lazada,17,FALSE,negative,,,
Hải Ngô,em nào đăng vay vốn cho mượn chục tỷ xài chơi coi,3,Sendo,12,FALSE,neutral,,,
Hồng Nhung,tạo nick mới không đặt được,3,Shopee,6,FALSE,negative,,,
Hạnh Vạn,"trước kia tui rất hay mua đồ bên lazada vì chất lượng sản phẩm ,vì khâu phục vụ khách hàng ,vì phí vận chuyển ....nhưng sau này tui không còn mua thường nữa .vì phí vận chuyển quá đắt....",3,Lazada,39,FALSE,neutral,,,
26.Lệ Quyên,"sao update gì mà ứng dụng cứ bị treo, ứng dụng không phản hồi hoài.",3,Tiki,15,FALSE,negative,,,
Thanh Lan,nhiều mẫu mã nhưng lag quá,3,Shopee,6,FALSE,neutral,,,
Thu Nguyen,mua hàng cũng oke nhưng nik ng mới bây h lại ko đặt đc mong shopee cho đặt đc nếu như có ng mới tải shop có thể đặt đc luôn👍👍,3,Shopee,31,FALSE,neutral,,,
Lê Trang,tại sao lazada hôm nay vô mấy trò chơi k được vô xem chi tiết đơn hàng cũng k được,3,Lazada,20,FALSE,neutral,,,
Len Lo,"mua hàng thì kh cho mua, nói thử lại ra vô ra vô vài chục lần bay acc kh cho đăng nhậo vào nữa",3,Shopee,24,FALSE,negative,,,
Phuong Duy,chưa mua thử.,3,Sendo,3,FALSE,neutral,,,
Phượng Trương Thị,mua 2 mặt hàng trước 10 ko thấy đâu mà hàng sau có trước rồi,3,Sendo,15,FALSE,negative,,,
Chi Duong,trong này nhiều hàng giả nhái vl shopee cứ như ko thấy ý hoàn hàng thì lại vào tài khoản nhiều người ko có tài khoản thì mất tiền mua hàng lỏ à??,3,Shopee,33,FALSE,negative,,,
Văn Lâm Võ,hat giong dau dua,3,Sendo,4,FALSE,neutral,,,
Mính Lầu,chưa đặt lần nào cg chưa bt,3,Sendo,7,FALSE,neutral,,,
HT Thịnh,đặt địa chỉ giao hàng bất tiện,3,Lazada,7,FALSE,negative,,,
Trinh Thị,đặt 3 đơn đầu đc giảm phí các thứ các thứ nm chất lượng mặt hàng thì có hàng được có hàng dởm nchung là vẫn dùng đc,3,Lazada,28,FALSE,neutral,,,
Lolicon Loly123,giao hàng hơi chậm,3,Sendo,4,FALSE,negative,,,
Them Hovan,sài rất tốt 👍👍,3,Tiki,4,FALSE,positive,,,
Ngưu Kim,giờ cứ vào shopee là tự động vào live ghét vãi lồl,3,Shopee,12,FALSE,negative,,,
Đức Vũ Văn,không,3,Shopee,1,FALSE,other,,,
Vinh Nguyen,app giờ sao không chạy được vậy nữa vậy ad? dùng tap samsung t9,3,Sendo,14,FALSE,negative,,,
binh luu,game lỗi miết,3,Lazada,3,FALSE,negative,,,
Lan Thị,jz tr ta có sim mới có mã 60k cái mua đc đôi dép 0đ cái hủy z trrrr 🥰🥰🥰🥰 vỡnnn mặt hảaaaaa,3,Shopee,23,FALSE,other,,,
Phượng Hoàng,"tôi vừa xoá tài khoản tiki, vì khi tôi mua hàng trên ứng dụng, người bán đã giao hàng không đúng với mô tả, nhưng khi tôi viết đánh giá dưới bài đăng của họ, thì họ lại xoá luôn phần đánh giá của tôi, những ứng dụng khác người bán không thể xóa phần đánh giá xấu của khách hàng, điều đó là để bảo vệ người tiêu dùng. để những khách hàng sau không bị mua hàng của những shop lừa đảo như vậy",3,Tiki,86,FALSE,negative,,,
Khánh chi Nguyễn,tôi nghĩ là tải chậm vs cả hơi kiểu bị .....,3,Tiki,11,FALSE,negative,,,
Ngo Kieu (2kiều),app này bắc ma rồi chia tay với shop nhé,3,Lazada,10,FALSE,neutral,,,
THANH VỸ LeoMoon,xin lazada cập nhật tính năng chọn vị trí bản đồ giao hàng,3,Lazada,13,FALSE,neutral,,,
Tỵ Nguyễn Văn,giao hàng chậm rãi,3,Sendo,4,FALSE,negative,,,
anh huy,đặc bánh bía hôm nay là 3 tuần rồi mà giao tới,3,Sendo,12,FALSE,negative,,,
Dương Trọng,lỗi khi đăng nhập tài khoản,3,Lazada,6,FALSE,negative,,,
Tiên Tiên,cho tìm sản phẩm qua ảnh đi admin ơi,3,Sendo,9,FALSE,neutral,,,
Hau Chi,tf làm vy ty,3,Lazada,4,FALSE,neutral,,,
Sadec Samsung,k thanh toán khi nhận hàng dc,3,Lazada,7,FALSE,negative,,,
Lập Nguyễn Thành,dùng nhanh nóng máy,3,Shopee,4,FALSE,negative,,,
Thức Lê Văn,mới dùng tiki mà thấy k ok giảm giá của người mới dùng cũng như người bt nên cho 3 sao,3,Tiki,21,FALSE,neutral,,,
Như Huỳnh,"có nhìu shop cbi hàng lâu, k có thì nói sớm cho ng ta mua chỗ khác, k nói k rằng tự hủy đơn mà k nói lý do",3,Sendo,29,FALSE,negative,,,
Tan H,"chỗ em hình như đổi shipper giao hàng rồi,shipper mới tính cọc lóc,thấy mấy đơn hàng rẻ tiền của em là ông shipper đó lại khó chịu,còn nói mau đến lấy hàng ko là tôi bị trừ lương, em cảm thấy ko hài lòng về shipper,mong shoppe sem xét lại những loại shipper như thế, giờ em còn ko dám đặt gì luôn",3,Shopee,63,FALSE,negative,,,
Thu hoài Nguyễ thị,chuyển hành quá chậm,3,Tiki,4,FALSE,negative,,,
Duy anh Dương,"cái trò thời trang sao giờ loading quài ko đc, dùng 5g rồi mà vẫn không load được lun",3,Lazada,19,FALSE,negative,,,
Anh,ko mua được hàng,3,Shopee,4,FALSE,negative,,,
Kiên Đoàn trung,app ko bằng 1 phần lazada và shopee chán tiki thật😞😞😞,3,Tiki,11,FALSE,negative,,,
Tuấn Trần Anh,sendo phản hồi khách hàng mua hàng như ha.ch vậy,3,Sendo,10,FALSE,negative,,,
Vi trieu Tran,được nhưng bán đồ hơi mắt,3,Tiki,6,FALSE,neutral,,,
Problem #,yêu cầu giao đúng ngày như cam kết☃️,3,Shopee,8,FALSE,negative,,,
Xuân Trần,"thật ko chịu nổi luôn, làm ăn đàng hoàng đi chứ. rõ là hẹn giáo hàng 2 ngày mà tớ chục ngày chưa thấy đâu.",3,Tiki,25,FALSE,negative,,,
T NGUYEN NGUYEN T,pig boss / *** max lelver,3,Lazada,6,FALSE,other,,,
Vi Trang Nhung,dùng cũng okey mà👍👍👌👌,3,Tiki,4,FALSE,neutral,,,
Hương Đỗ,không đăng ký/ đăng nhập được?,3,Sendo,6,FALSE,negative,,,
Lam Viet,xem mà ko có sản phẩm mình thích,3,Tiki,8,FALSE,negative,,,
Thuận Võ,hàng uy tín chính hãng nhưng xác nhận đơn hàng lâu giao lâu,3,Tiki,13,FALSE,neutral,,,
Như Nguyễn,"làm sao để mua cùng nhiều sp mà trong 1 lần phí ship nhỉ, chứ mình mua 3 món tốn phí ship 3 lần 😭",3,Tiki,25,FALSE,negative,,,
Haipro Gi,hài lòng,3,Sendo,2,FALSE,positive,,,
Hoàng Nam,ship đắt :))),3,Tiki,3,FALSE,negative,,,
Gus Lương,"càng ngày shop làm ăn quá tệ,giao hàng quá lâu 😡",3,Sendo,11,FALSE,negative,,,
Tuấn Nguyễn,gửi đúng mẫu màu vàng là 5 sao. vừa rồi ko bt sao mẫu màu đỏ về sài ko ok lắm,3,Lazada,21,FALSE,neutral,,,
Trường Phạm Phi,xài app thì tốt đấy ổn định nhưng hàng muốn tìm thì ít quá ko nhiều muốn mua thì phải mua bên khác,3,Tiki,23,FALSE,neutral,,,
Ngọc Nga Đinh,"app tiki dạo này bị làm sao vậy, vào cứ giật lag, lỗi liên tục, vào giỏ hàng toàn bị lỗi.",3,Tiki,21,FALSE,negative,,,
Tuyến Bùi kim,mua đc món đồ 0 d rồi lại hủy bảo là giao dịch bất chính 3 sao là quá nhân từ,3,Shopee,21,FALSE,negative,,,
Vân Hà,ko được free ship nói chung là đồ rẻ là có tiền ship,3,Lazada,13,FALSE,neutral,,,
Vũ Nguyễn thanh,"giá cao,sản phẩm ít",3,Sendo,4,FALSE,negative,,,
Hoà An Nguyễn,sài thì hơi có phần khoa nhưng chất lượng,3,Tiki,9,FALSE,neutral,,,
Minh An Pham,app chậm quá,3,Tiki,3,FALSE,negative,,,
Thang Huynh,chẳng có gì đặc biệt.. quá bình thường,3,Tiki,8,FALSE,neutral,,,
Hoè Nguyễn đình,"cần có thông tin rõ dàng, chính xác.",3,Sendo,8,FALSE,neutral,,,
Fan của Khe na ff. (Hí chào cậu.),lần đầu dùng app -)) uy tín ko taa,3,Lazada,9,FALSE,neutral,,,
Thảo Trần,điểm danh acc lazada hơn 90 ngày chẳng hiểu sao bị mất chuỗi cày lại được 4 ngày hôm nay vô điểm danh báo mất chuỗi 4 ngày??? sao mấy hôm trước vẫn báo điểm danh thành công?? tiếc,3,Lazada,39,FALSE,negative,,,
hoang minh truong,"người mua hàng gặp lừa đảo hoài trên shopee, có tiêu cực gì không đó",3,Shopee,15,FALSE,negative,,,
Tỉnh Lý Văn,hàng chưa nhận được nên chưa có đánh giá,3,Lazada,9,FALSE,neutral,,,
Minh Hà (HaMi),ít mấy bài khó nên chơi dần dần thấy hơi chán 😓😐,3,Shopee,12,FALSE,neutral,,,
Tùng Trần Thanh,"đơn giản hơn đi, phức tạp quá, đ hiểu j cả",3,Tiki,11,FALSE,negative,,,
Hoài Lê Nguyễn Phạm,ko có tìm kiếm bằng hình ảnh,3,Sendo,7,FALSE,neutral,,,
Cây Cảnh Miền Quê,sao tải cứ tới 50% nó cứ đứng là như thế nào nhỉ.?,3,Tiki,13,FALSE,neutral,,,
Thế Nguyễn,nên để mục tìm đồ lúc nào cũng có ở trên trang . chứ quảng cáo nhiều mà ko thấy tìm kiếm đâu?? khi đặt hàng nên có mục đã đặt xong tránh đặt nhiều lấy ít .xin cảm ơn,3,Sendo,40,FALSE,neutral,,,
Dang Tran,thời gian xác nhận 48gio là quá lâu.shop ko xác nhận thì bị hủy đơn vậy là phải mất thời gia đặt đơn khác.có nhiều shop đặt combo hoặc số lượng nhiều thì lại giao thiếu chưa kể đến chất lượng.bản thân đang cần món đồ đó mà chờ xác nhận rồi bị hủy đơn và khi nhận hàng ko đúng hàng hay thiếu hàng thì cảm giác rất khó chịu.khi đt cho shop thì ko ai bắt máy khi nt thì ko thấy trả lời.rất bực bội và bức xúc,3,Sendo,91,FALSE,negative,,,
Văn Hiền Nguyễn,"shopper giờ gặp mấy người mới giao,người mới giờ không muốn giao đơn đặt hàng cho khác, đặc cả nữa tháng không thấy giao,shoppee nên xem xét lại, ngày đó ai giao hiện sdt để khác biết còn liên lạc nhận hàng, chứ mấy a giao hàng bây giờ muốn giao hay không là quyền của mấy a rồi.",3,Shopee,59,FALSE,negative,,,
Hồng Nga Trương,tôi không muốn thấy quảng cáo nữa,3,Shopee,7,FALSE,negative,,,
mê phim hay,giao hàng hơi bị lâu...2 tuần???,3,Tiki,6,FALSE,negative,,,
Đam Mê Chế Tạo,lừa đảo nhiều quá 🤥!,3,Sendo,5,FALSE,negative,,,
Thanh Lê Hồ,hàng quá mắt ko cái nào rẽ,3,Lazada,7,FALSE,negative,,,
Vien Zunl,hơi hơi ít,3,Tiki,3,FALSE,negative,,,
loi Lam,hủy hàng rồi mà shop vẫn giao,3,Lazada,7,FALSE,negative,,,
Kim Lan,tiktok người ta mua đồ được miễn ship còn lazada đồ thì rẻ phí thì cao..ai mà mua...,3,Lazada,18,FALSE,negative,,,
Thanh Nguyên,"tôi là người rất thường xuyên dùng shopee, tôi đồng ý shopee đã cho tôi trải nghiệm dịch vụ mua sắm tiện lợi, hợp lí giá cả nhưng tôi hi vọng có thể thay đổi cách quảng cáo ứng dụng của mình - khi tôi gặp quảng cáo shopee khi xài các ứng dụng khác, nút tắt quảng cáo rất nhỏ và khó để tắt, làm tôi bị văng ra khỏi ứng dụng - gây giật lag khó chịu. xin hãy xem lại cách quảng cáo ứng dụng, nó thật sự gây khó dễ đối với khách hàng. xin cảm ơn.",3,Shopee,101,FALSE,neutral,,,
Trần Khánh Tv,qua nhjeu shop treo đầu dê bán thịt chó,3,Sendo,9,FALSE,negative,,,
hoan nguyen,trước 2021 thì sendo mua hàng dịch vụ tốt giá tốt sau này thì dịch vụ khg bằng các shop bên sendo bán giá cao khg uy tín ít ưu đãi,3,Sendo,31,FALSE,neutral,,,
Huấn Trịnh Văn,binh thuong,3,Sendo,2,FALSE,neutral,,,
Hữu Bình Cao,hi vọng app cập nhật thêm chức năng rút tiền. cảm ơn!,3,Sendo,12,FALSE,neutral,,,
Ky Ku,nhiều quảng cáo,3,Shopee,3,FALSE,negative,,,
Cảnh TV,phí vận chuyển đat hơn các shop khác gấp đôi,3,Lazada,10,FALSE,negative,,,
Tri Pham,không tốt lắm,3,Shopee,3,FALSE,negative,,,
Hoàng Phúc,(trước 2019) tiki quá tốt luôn đóng góp thì đẹp chắc chắn giao hàng nhanh mà chất lượng phí vận chuyển thì ok sản phẩm thì chất lượng đây là chỗ mua hàng online tuyệt vời và ưu tính nhất hơn hẳn các ứng dụng buôn bán online khác. (sau 2021) giao hàng quá cao gọi là phí vận chuyển trên trời lên sau 2 năm thì càng ngày càng tệ.,3,Tiki,71,FALSE,neutral,,,
Kien Nguyen,chứa chấp 1 số tp bán hàng lừa đảo,3,Sendo,9,FALSE,negative,,,
Ɠȁ•Ƈѻɲ•Ꮩ•Ꮮếcꚕ,càng cập nhật load càng chậm vào trang xu load tầm 10 phút đôi khi còn lỗi trong khi mạng wifi lướt web - youtube thì chạy phà phà...,3,Lazada,29,FALSE,negative,,,
Hung Dinh van,mua hàng nhanh đơn giản nhưng gửi hàng hơi chậm.,3,Sendo,10,FALSE,neutral,,,
Thị Thanh Hà,cũng đc,3,Lazada,2,FALSE,neutral,,,
Liên Quân Hako,cũng ok nhưng có vài sản phẩm là không có và bán giá hơi đắt. nhưng chốt lại tiki làm ăn not uy tín,3,Tiki,24,FALSE,neutral,,,
CĐHY Lê Việt,android 14 tìm ko thấy app sendo bán nhỉ ad ?,3,Sendo,11,FALSE,neutral,,,
Hoàng Phạm,hay có hàng lừa đảo với giảm giá ít tiền,3,Lazada,10,FALSE,negative,,,
Nhoi Nhoi,"hàng hóa không đa dạng , ko đủ linh kiện phụ kiện nhỏ lẻ. giao hàng bắt đầu lâu dù ko phải cao điểm. không tự áp mã vận chuyển cho khách hàng. khách quên kích họat và áp voucher thì kệ mợ khách, trong khi top top những tính năng này fix quá ok. voucher thì thu thập very hên xui, thành công thì ít thất bại họăc ko áp dụng bao la. đó là lý do laz sẽ mãi đi sau và đốt tiền ko hiệu quả",3,Lazada,89,FALSE,negative,,,
Quyet Van,cđ,3,Shopee,1,FALSE,other,,,
Hoa Nguyễn,nói chung là tốt,3,Tiki,4,FALSE,positive,,,
huuhuynh huy,dây sạc gì mà hk sạc dc,3,Shopee,7,FALSE,negative,,,
Diệu Phạm,sao dạo này ko chat được với tư vấn viên thế ạ? lỗi tùm lum muốn hỏi mà cũng không biết hỏi ai nữa.,3,Lazada,24,FALSE,negative,,,
Thị dự Nguyễn,cũng được nhưng mua hàng hay bị lừa đảo huhu,3,Lazada,10,FALSE,neutral,,,
Thanh Van Nguyen Thi,"mệt mỏi lắm , giao hàng quá chậm .",3,Sendo,9,FALSE,negative,,,
Kỳ Duyên Ly,mn có ai bt là ứng dụng bị ji kg mỗi lần vô mua hàng là phải cập nhật tk là sau ta,3,Tiki,23,FALSE,neutral,,,
Ánh Tuyết Phạm,hàng tốt giao tốt nhưng tiền gia hàng quá mắc 😞,3,Tiki,11,FALSE,neutral,,,
Ly Phạm,mỗi lần mở app lại phải đăng nhập lại rất bất tiện.,3,Tiki,12,FALSE,negative,,,
Khánh Nguyễn,vừa,3,Tiki,1,FALSE,other,,,
Phuong Nguyen Kim,hữu ích rất cần thiết,3,Sendo,5,FALSE,positive,,,
Liên Đặng,tam dc ak,3,Sendo,3,FALSE,neutral,,,
Tính Nguyễn,"lazada thật tiện lợi, nhưng có 1 số sopt làm ăn giang dói, quà lazada gần đây giao hàng chậm lại gòi nhe",3,Lazada,23,FALSE,neutral,,,
Ngọc Mai Nguyễn,"bấm không nhận hàng vì hàng bị lỗi nhưng vẫn không được, hàng không được như ý trên ảnh 🧘🏻‍♀️",3,Shopee,20,FALSE,negative,,,
linh,giá đắt quá,3,Sendo,3,FALSE,negative,,,
mai phương,"* góp ý add nhé: 1. sản phẩm đắt, rất ít món rẻ, không biết sao chứ hàng shoppee cùng món nhưng nhiều cái rẻ hơn 2. mặt hàng chưa đa dạng 3. add cần cải thiện cái mục tìm kiếm, ví dụ như tìm bằng giọng nói, bằng hình ảnh 4. voucher giảm giá chưa nhiều 5. hơi ""nghèo"" cách kiếm voucher => add có thể cải thiện bằng cách thêm trò chơi, hoặc phương pháp để kiếm xu tích lũy trừ tiền nè * còn vể khen thì app đẹp, có phân loại mặt hàng nên tìm hàng dễ, chỉ cần ấn biểu tượng tương ứng là tìm ra. cố lên ạ",3,Tiki,114,FALSE,negative,,,
Đình Chất Vũ,khá tốt !,3,Sendo,3,FALSE,positive,,,
Dieu Van Luong,sendo sao không nâng cấp app . tìm hàng bằng hình ảnh vậy..,3,Sendo,13,FALSE,neutral,,,
Tâm Lê thị,cho 3 sao là nhẹ vì thứ nhất ko rep tin nhắn của người mua hàng thứ hai: hàng có 5k phí ship 66k ko áp dụng được mã mong nhà sx xem xét lại,3,Tiki,35,FALSE,negative,,,
Hung Lam,app đổi password xong ko đăng nhập được mật khẩu mới đổi,3,Tiki,12,FALSE,negative,,,
Smart Home,lỡ bấm nhầm hàng vào hủy không hủy được,3,Shopee,9,FALSE,negative,,,
Giai Tri,sau 5 năm sử dụng thì về sau mình sản phẩm sàn kg cạnh tranh lại shoppe tốc độ vận chuyển cũng đi xuống . và mình lại chuyển qua shoppe luôn.,3,Lazada,32,FALSE,neutral,,,
Thư Minh,chưa sd,3,Tiki,2,FALSE,neutral,,,
Nguyễn Văn Cao,không thể vào phần cào là trúng được,3,Tiki,8,FALSE,negative,,,
Trương Việt Anh,tốt nma ngâm hàng hơi lâu nha,3,Shopee,7,FALSE,neutral,,,
Hung Anh,nặng đơ cập nhật chán quá,3,Shopee,6,FALSE,negative,,,
Trung Tính Nguyễn,"sản phẩm khá ok, nhưng ko thik 1 cái đó là chạy quảng cáo quá nhìu 1 quảng cáo mà sơ hở là chạy lại mà ko cho bỏ qua qc lun làm phiền người xem trên các ứng dụng khác....",3,Lazada,41,FALSE,neutral,,,
Lan Tuyết,cần xem lại vấn đề bảo mật. tôi có liên kết ví trả sau momo. nhưng khi thanh toán không hề có bước xác minh nào. vậy nếu người khác truy cập máy tính của tôi thì hoàn toàn có thể mua hàng được. có ngày xui mắc cục nợ 5tr mà không biết.,3,Tiki,54,FALSE,neutral,,,
Hạnh Thương,không có tìm kiếm bằng hình ảnh,3,Tiki,7,FALSE,neutral,,,
Cư Lê Văn,mua hàng ko được,3,Shopee,4,FALSE,negative,,,
Tan Nguyen,hàng không được đẹp lắm,3,Sendo,5,FALSE,negative,,,
Tuy Đinh Công,quản cáo làm gì? quản cáo nhiều thế,3,Shopee,8,FALSE,negative,,,
Nòi Channel,in red d,3,Sendo,3,FALSE,other,,,
Nguyen Thu Phuong,"dùng thuận tiện. một số món rẻ hơn tiktok. tuy nhiên một số chức năng quá cứng nhắc. ví dụ paylater, không sửa được tài khoản nh đã gắn với 1 tài khoản không dùng nữa. bất tiện quá!",3,Shopee,39,FALSE,neutral,,,
Quyen Nguyen,ko biết nó có giao hàng trong vòng 2 giờ ko,3,Tiki,11,FALSE,neutral,,,
Hang Nguyen,tớ đặt 10 cái bút mực mà về chỉ còn 9 cái thủng một lỗ nhỏ nữa các shiper ăn mất rồi,3,Shopee,22,FALSE,neutral,,,
02.Nguyễn Thị Ngọc Anh,"dạo này cứ bị out, phải đăng nhập lại liên tục, tiki xem lại đi, đang xem hàng mà cứ phải đăng nhập lại nhiều lần, khó chịu lắm",3,Tiki,29,FALSE,negative,,,
Sa Damm,hay lkoiz lâm mong xem lại,3,Lazada,6,FALSE,other,,,
Trinh Tuyet,bảo free ship mà không free ko tin quảng cáo,3,Lazada,10,FALSE,negative,,,
Văn Đình Thân,"trải nghiệm tốt, nhưng quảng cáo trên web nhiều quá làm phiền khi vào các web đọc tin tức",3,Shopee,19,FALSE,neutral,,,
Quy Le,chưa có giao diện cho màn hình gập honor magic v3,3,Lazada,11,FALSE,neutral,,,
02 - 9/11 Thái Hoàng Hồng Ân,app cx tạm do ko có nhìu ưu đãi,3,Sendo,9,FALSE,neutral,,,
H D,vừa xóa app vì tin nhắn qc quá nhiều,3,Tiki,9,FALSE,negative,,,
Vy Hoang,app gì cũng rẻ nhưng k đặt hàng được,3,Tiki,9,FALSE,neutral,,,
Ngoc Tu Nguyen,"mới tải mà thấy đánh giá tiêu cực quá không viết dịch vụ sao đây nghe nói tiki là của người việt nam có phải không vậy, nếu dịch vụ tốt sẽ ủng hộ",3,Tiki,34,FALSE,neutral,,,
Nhi Tuyet,muốn đặt hôm nay ngày mai có hàng để tặng valentine 14/2 nhưng 17/2 mới nhận đc hàng 🥺,3,Tiki,19,FALSE,neutral,,,
Trandananh Tran,"phí ship bây giờ cao quá, đặt 1 đơn hàng nhiều món thì đội phĩ ship từng món rồi cộng dồn lại, tính ra như mua thêm 1 món mới.",3,Tiki,30,FALSE,negative,,,
Thị Bích Trân Dương,"sendo giao hàng cực kỳ lâu, các shop xác nhận đơn cũng cực kỳ lâu.",3,Sendo,15,FALSE,negative,,,
Lăng Nam,app đứng k,3,Lazada,3,FALSE,negative,,,
Tran Nguyen Vi Thuy,"quảng cáo nhiều vãi, đc có cái hay thôi. có khi á, đang chơi game khác. ko đụng tới nó, nó vẫn cho vào app luôn. thiệt luôn chứ.!?",3,Lazada,29,FALSE,negative,,,
Thanh Lương,thời gian giao hàng có thể là chậm nhất so với các app,3,Tiki,13,FALSE,negative,,,
Hanh Hanh,ít mã hơn shoppe,3,Lazada,4,FALSE,negative,,,
Bình huynh,những shop bán hàng app điêu treo đầu dê bán thịt chó xem giá khác nhấn vào mua giá khác nhiều shop nó treo hình món đồ khi không nhìn kỹ nhấn mua giao đồ tào lao lần thứ 2 đặc mua lúc tui mua nó gim còn đặc hàng xong nó bảo hết hàng đã vậy nó còn giao món đồ rác qua tui để thu tiền thật thất vọng app này,3,Lazada,73,FALSE,negative,,,
Doan Thuc Doan Thuc,"phải có gps khi tạo địa chỉ. hoc shoppe xíu, cai tốt cai hay ko chịu học",3,Lazada,17,FALSE,negative,,,
Lý hoàng anh Phạm,phạm lý hoàng anh,3,Sendo,4,FALSE,other,,,
hưng lê,"mới đầu thì khá ổn. dù cho giá hơi cao 1 chút nhưng chất lượng ổn, đóng gói giao giao hàng ổn. nhưng gần đây, mk mua vài lần thì k có chống sốc, k có bao ngăn nc... vậy nên toàn bị bẩn sách vs méo sách thôi. chán tiki r. chắc chả baoh mua ở tiki nữa.",3,Tiki,59,FALSE,neutral,,,
Nguyen Duc Phu,hay bị đơ trên android 16,3,Tiki,6,FALSE,negative,,,
hanh duyen,giao hàng quá lâu giao đi giao lại ba lần mà ko lần nào giao tới nơi,3,Tiki,17,FALSE,negative,,,
tien du 194,vơ vẩn phí ship cao 44k 1 đơn,3,Tiki,8,FALSE,negative,,,
Xyz Đam mê,đc,3,Tiki,1,FALSE,other,,,
Mạnh Cường Vũ,"cũng tiện khi có đơn thì báo luôn trên đt, nhưng phần mềm thì giật lag, xóa sản phẩm cũ bao lần cũng không xóa được",3,Tiki,26,FALSE,negative,,,
Thành Nhân Võ,b ko,3,Lazada,2,FALSE,other,,,
Thanh Nguyen,"đang đặt hàng,mua hàng trên tiki bình thường .. tự nhiên từ chiều qua tới giờ truy cập ko được, cứ báo hệ thống bị lỗi .. gỡ cài đặt, tải lại trang của tiki về cũng ko được lun á ... hichic ...",3,Tiki,44,FALSE,negative,,,
Hung duy,giao hàng không bao giờ gọi trước kiểm tra xem là người ta có nhà không shipper rất tệ,3,Tiki,19,FALSE,negative,,,
Hằng Thu,tạm tạm nhưng mỗi lần thấy quảng cáo là tự bị dịch chuyển sang app lùn phiền vl:)))),3,Lazada,18,FALSE,neutral,,,
Nguyen Luu,tam cho ba sao...vì giao hàng qua lau,3,Sendo,8,FALSE,neutral,,,
Hiếu Hiền Đỗ,bị lỗi j ko,3,Shopee,4,FALSE,other,,,
Son Hoang,"đặt đơn 2 ngày chưa nhận được, giao bởi spx. một trải nghiệm tệ :)",3,Shopee,15,FALSE,negative,,,
Khánh Duy Đoàn,lỗi tìm kiếm bằng hình ảnh,3,Lazada,6,FALSE,negative,,,
Nghĩa Bùi Văn,mỗi khi mình đặt đơn hàng là thoát ra cỡ 1 ngày duy nhất mà cx bị mất toàn khoản và đơn hàng lun,3,Tiki,24,FALSE,negative,,,
Quang Ngọc,"tạm được, quảng cáo sản phẩm trên facebook nhưng khi nhấp vào lại vào trang chủ chứ ko dẫn link vào thẳng sản phẩm, mất công tìm",3,Sendo,27,FALSE,neutral,,,
Quang Đào Xuân,"thông tin về các sản phẩm quá ít, nhiều lúc đánh đố người mua, nhất là các thông số kỹ thuật của sản phẩm",3,Sendo,24,FALSE,negative,,,
đào Bàn,"hàng toàn hàng chất lượng kém, riêng quần áo đặt về chỉ vứt đi ko nên mặc .",3,Shopee,18,FALSE,negative,,,
tung tung,mua hàng ở sen gặp khách bán hàng lỗi. biết là giá cao hơn cả bên ngoài những vẫn đặt hàng trên sen để trải nghiệm dịch vụ. ai dè gặp hàng lỗi giá lại cao hơn mà lại không được đổi trả hàng. sen khuyến khích khách hàng trao đổi với shop trước để 2 bên thỏa thuận trả hàng cho nhau. nhưng khi khách đồng ý đổi hàng khách của shop với giá cao hơn thì shop im nặng không trả lời. gửi khuyến nại cho sen thì sen chả giúp được gì..vậy hóa ra tôi bỏ nhiều tiền hơn bình thường để nên sen mua hàng lỗi à.,3,Sendo,111,FALSE,negative,,,
Tiger Ngô,quá tức giận khi lỡ bấm đăng xuất tài khoản đang mua hàng và kiếm không được nên mong shoppe có tính năng danh sách tài khoản mua hàng,3,Shopee,29,FALSE,negative,,,
Vũ Bình Nguyễn,shopee food cố tình giao chậm,3,Shopee,6,FALSE,negative,,,
Thơm nguyễn,"tôi là khách hàng thường xuyên của sendo nhưng giờ qua shoppe thường hơn vì chức năng tìm kiếm của sendo quá tệ như tìm 1 sản phẩm nào đó chỉ hiện vài 3 sp nhưng lặp lại liên tục thấy chán, và sp k đa dạng, cần có qui định nghiêm ngặt hơn nữa đối với người bán hàng để tránh bán hàng kém chất lượng làm mất uy tín đối với trang thương mại điện tử sendo",3,Sendo,79,FALSE,negative,,,
luật nguyễn đình,"các đơn hàng thường giao quá thời gian dự kiến giao hàng, shopee nên làm việc lại các đơn vị vận chuyển có hợp tác với shopee",3,Shopee,27,FALSE,negative,,,
Hương Cổ Thị,hơi lag á nhưng được nhiều voucher nên chấm 3 sao,3,Shopee,11,FALSE,neutral,,,
34-Ha thy- 6A3,lúc chưa có dịch thì giao hàng rất nhanh từ lúc dịch tới giờ đặt hàng ko thèm giao luôn mà trong khi đó ship vẫn giao hàng bình thường riết rồi mình chán nên cũng chẳng muốn mua bên sendo luôn chắc xóa luôn quá,3,Sendo,46,FALSE,negative,,,
HanG Khach,sao không đặt dc,3,Lazada,4,FALSE,negative,,,
tran shelly,hồi đó đặt hàng là nhanh gọn lẹ còn dạo này thấy đặt hàng càng ngày làm mình mất lòng tin quá rõ ràng nói giao hàng 24h mà đợi từ 14/4 đến bây giờ cũng k thấy nhúc nhích gì cả. buồn dễ sợ,3,Lazada,45,FALSE,neutral,,,
Thảo,chưa mua dì nên chưa biết🤡,3,Tiki,6,FALSE,neutral,,,
Thanh Mai Vũ,kh dùng dc voucher,3,Lazada,4,FALSE,negative,,,
Quang Hào,"tôi muốn shopee cập nhập như 2024 , tôi không muốn cập nhập 2026",3,Shopee,14,FALSE,negative,,,
kim choj vaj Channel,tốt quá,3,Sendo,2,FALSE,positive,,,
Dũng Lê,"8tháng ăn, nxb, x""'x.-: , bch , x,v các, ,cả y ,,",3,Sendo,12,FALSE,other,,,
Ngọc Kim,ô tê,3,Shopee,2,FALSE,other,,,
Thuan Nhat,h tệ nhiều lỗi vl,3,Shopee,5,FALSE,negative,,,
Nhất Mai Phạm Trần,"sửa lại cái thử thách sọp pe đi, tôi không nhận đc xu",3,Shopee,13,FALSE,negative,,,
Linh Nguyễn,"từ ngày đổi cách tính phí ship thì phí ship như trên trời vậy, mã freeship thì giảm ít mặc dù tiền hàng nhiều, đành từ bỏ tiki mặc dù rất thích",3,Tiki,32,FALSE,negative,,,
Thu Lộc Phạm Nguyễn,này đặt hàng kh giao còn tự hủy,3,Shopee,8,FALSE,negative,,,
Đ. Văn 8/7,giao hàng lâu quá ko hoàn tiền luôn bực bọi pé áo zàng pom hàn típ đây,3,Tiki,17,FALSE,negative,,,
Bảo Gia,đặt gì cũng bị hoàn về người gửi,3,Shopee,8,FALSE,negative,,,
hien dinh,chán đeo muốn nói,3,Shopee,4,FALSE,negative,,,
Yến Nhi Nguyễn,hay đấy,3,Tiki,2,FALSE,positive,,,
Nguyen Thieu Duy,"không có dòng note khi trả hàng, áp dung túng việc treo đầu dê bán thịt chó",3,Lazada,17,FALSE,negative,,,
Tuan Tran,"giá bán thường cao hơn các app khác, cùng sản phẩm và chủng loại nhưng bán thường cao hơn lazada và shopee.",3,Sendo,22,FALSE,negative,,,
Quân Trân minh,dùng được nhưng không đúng mẫu hàng khi đặt mua,3,Tiki,10,FALSE,neutral,,,
AN Nguyễn Đình,thông báo quảng cáo quá nhiều,3,Shopee,6,FALSE,negative,,,
Hòa Phạm Văn,"cập nhật xác nhận mật khẩu qua email,vào email lấy mật khẩu xác nhận thì đăng nhập lại,lại gửi xác nhận email khác, chẳng lẽ lại đi ra quán nét,hay mua 2 điện thoại để đăng nhập tiki với email cùng lúc mới được.quá bất tiện",3,Tiki,46,FALSE,negative,,,
Hoa Đinh,đắt lắm hs như tôi ko có tiền 🥹,3,Lazada,9,FALSE,neutral,,,
kien dinh,"giao hàng nhanh, người giao hàng thân hiện, niềm nở, cần mẫn, vui vẻ, nhưng hôm nay 3.5.2025 tôi hủy ứng dụng này bởi bởi tôi đặt hàng đến 15 ngày mà sp không đến, nbh tùy tiện ko đóng gói, ko gửi hàng, tôi sang mua bên shopi họ minh bạc và quân tử hơn",3,Lazada,56,FALSE,negative,,,
Minh Hằng Nguyễn,giao hàng hẹn 5/2-9/2 mà 12/2 chưa thấy shipper dou 😞,3,Lazada,11,FALSE,negative,,,
Nguyễn Phương,"ứng dụng dễ nhìn, dễ tìm,đẹp mắt...nhưng còn nhiều hàng kém chất lượng,k đúng qc",3,Sendo,15,FALSE,neutral,,,
Bích Hạnh Trần Thị,nó củng đc,3,Sendo,3,FALSE,neutral,,,
Thanh Bình Phan,ship đắt hơn shoppee hay lazada,3,Tiki,6,FALSE,negative,,,
noob TV,it my ted kid,3,Sendo,4,FALSE,other,,,
The Stris,đặt hàng rồi mà lỡ đặt nhầm vào đặt hàng hủy hàng lại ko thấy đâu là sao yêu cầu lời giải thích,3,Lazada,23,FALSE,negative,,,
Người dùng Google,"bảo mật kém.1 tài khoản đăng nhập được trên 2 điện thoại,vừa bị lừa quả 1tr.",3,Sendo,16,FALSE,negative,,,
Hoang Len van,tôi không biết đánh giá sao cứ để tầm trung cho nó nhanh,3,Shopee,13,FALSE,neutral,,,
Anh Quynh,cũng đc,3,Shopee,2,FALSE,neutral,,,
Gricky,"giao hàng cực lâu, k thay đổi thì khó cạnh tranh đc.",3,Sendo,12,FALSE,negative,,,
Kim Thái Nguyễn,"vui vẻ, nhẹ nhàng, hợp lý. thaks.",3,Sendo,7,FALSE,positive,,,
Kiều Huỳnh,cũng thường,3,Shopee,2,FALSE,neutral,,,
Mizu,lỗi xu live r,3,Shopee,4,FALSE,negative,,,
Nem Toan cau,ứng dụng thường xuyên bị treo khi tìm kiếm hàng hóa,3,Shopee,11,FALSE,negative,,,
Phong DoDiepHoai,"mất niềm tin , treo đầu dê bán thịt chó. không còn nghe để xử lý khách hàng khiếu nại.mong app càng ngày càng phát triển.. cám ơn các bạn.",3,Sendo,30,FALSE,negative,,,
Huỳnh Hiền,đặt câu hỏi vả thánh mới trả lời,3,Tiki,8,FALSE,neutral,,,
Thể Ho,cũng tốt nhưng hơi đắt,3,Sendo,5,FALSE,neutral,,,
Bình Trần,"săn phần thưởng bị lỗi quà rất chậm. hàng bán uy tín, chất lượng",3,Tiki,14,FALSE,neutral,,,
Trần Minh Nghĩa (Elric Trần),nhìn app cũng đơn giản chứ có gì phức tạp lắm đâu mà mỗi lần bấm vào giỏ hàng là crash app. app shopee nó bị ng ta chê là nặng như vậy đấy nhưng xài trên máy mình cũng chẳng phải quá xịn mà còn chưa đến mức crash như tiki. dev nên tối ưu lại app đi nhé,3,Tiki,60,FALSE,neutral,,,
Tiểu Phạm,tạm được. vẫn còn những cửa hàng tạp nham,3,Shopee,9,FALSE,neutral,,,
Eira,app hơi cùi,3,Tiki,3,FALSE,negative,,,
Doanh Chính,"sản phẩm thì tốt, nhưng chăm sóc khách hàng, giao hàng càng ngày càng tệ, càng ngày càng chán",3,Tiki,19,FALSE,neutral,,,
Thuy Huynh,đăng nhập k dc,3,Sendo,4,FALSE,negative,,,
Công Thành Đặng,"quá nặng nề, chậm, lag so với app lazada.",3,Sendo,9,FALSE,negative,,,
Mo Mimi,"lần đầu mua hàng đã bị tiki tự động hủy đơn, mình không hiểu tại sao, trong khi lúc mình đặt thì vẫn còn hàng, sau đến sát ngày giao thì hủy ngang 😀",3,Tiki,34,FALSE,negative,,,
Đạt Tô,"lần đầu trải nghiệm đặt hàng trên lazada gặp ngay shop làm ăn gian dối ,giao hàng thiếu mất uy tín .xóa app ko đặt nữa",3,Lazada,26,FALSE,negative,,,
Minh Trần,tại sao giftpop lại không bán grabmart nữa?,3,Tiki,8,FALSE,negative,,,
nguyenthiyen yennguyenthi1979,có mấy vẫn đề còn cx hài lòng cho lắm,3,Shopee,10,FALSE,neutral,,,
Long Nguyen,khá là tệ,3,Sendo,3,FALSE,negative,,,
Minh Le,tôi không thể đăng nhập qua email dù đã apply đúng tài khoản,3,Lazada,13,FALSE,negative,,,
Tuan Le Dinh,"kiểm tra mấy shop bán hàng sai mẫu kém chất lượng đi, cho mấy shop đó nghỉ đi, hàng kém chất lượng mà giá cao",3,Tiki,25,FALSE,negative,,,
Phương Trần Thị Bích,bên đây mua đơn hàng bn đc miễn ship ak. bên lazada đơn hàng từ 39k miễn ship. hi vọng có chế độ miễn ship để đặt thật nhiều hàng. cảm ơn ak,3,Sendo,33,FALSE,neutral,,,
Xuân Đoán,hàn hàng và chả hàng hơi phức tạp,3,Shopee,8,FALSE,negative,,,
Giang Nguyen,tiền phí cho người bán shop+ cao quá,3,Sendo,8,FALSE,negative,,,
Thị Thu Lê,rao hàng nhanh,3,Tiki,3,FALSE,positive,,,
Hoàng Quân Lê,thoát ra vô ứng dụng khác rồi vần nhảy trang để qua laza như nhét vào mồm t vậy,3,Lazada,19,FALSE,negative,,,
Dương Thanh Sơn (Sonanhcbn2),toits,3,Tiki,1,FALSE,other,,,
Ka Long,"ngày 12.11.2025 phiên bản mới nhất đang dùng 4.174.3 vào app lướt xem sản phẩm được khoảng mấy phút thì bị đứng màn hình. thoát ra ngoài màn hình thì hiện bản thông báo ""buộc dừng ứng dụng tiki""",3,Tiki,39,FALSE,negative,,,
Huong Pham,bth giá ship hơi cao so vs giá hàng,3,Lazada,9,FALSE,negative,,,
Tấn phước Nguyễn,nhận được hàng mà ấp báo chưa nhận muốn đổi trả hàng khó khăn đổi trả hàng được nhưng tiền hoàn lại không đủ,3,Lazada,24,FALSE,negative,,,
DƯƠNG THỊ GIÀNG,chưa dùng,3,Tiki,2,FALSE,neutral,,,
Tuan Le Dinh,"chạy sale cho khách đi, 10 đơn free ship nhưng vẫn có lãi",3,Sendo,13,FALSE,other,,,
Đen Mai,nó thường bị lỗi lúc nào đặt hàng cũng bị (m02/d02) để tài khoảng mấy tháng trời cũng không đặt được. yêu cầu nhà phát hành sửa lỗi nhanh chóng!,3,Shopee,30,FALSE,negative,,,
F1s Oppo,bớt thông báo lại.,3,Shopee,4,FALSE,negative,,,
Thành Trần thị,nhiều cái đang ođ lên mấy chục nghìn 😮‍💨😮‍💨😒,3,Shopee,9,FALSE,neutral,,,
Tòng Văn Thủy,chưa biết thế nào. nhận đc hàng rồi mới đánh giá sau,3,Lazada,12,FALSE,neutral,,,
ha cao,🫁5g5 for tt và ủ!,3,Lazada,5,FALSE,other,,,
Trường sa Diệp,",'cv,e,,ẹ. b,7vvvj,fd,đ,,d. j,c,,','$€,22 <}[[)7,',',',,','',%,,&,°:,:&,$3;!4,%,&&&-;-,--,-",3,Sendo,4,FALSE,other,,,
Quyên Huyền,"chờ r lâu mà hà ko ưng ý và hang chờ cở 1 tháng 1 vài tháng tùy theo hành mà m.n đặt nha chứ mình nhỉ ko thích hớp với mấy bạn trẻ hay mua hàng và cân nhắc trước khi mua hàng tui góp ý vậy thôi tui chie cho 3 sao mà thôi xin đề nghị nhà xuất bản xem lại dùm cho , xin cảm ơn nhiều ạ . bạn nào nuốn thì tải thôi 🤔🤔🤔🤔",3,Tiki,80,FALSE,negative,,,
Liên Phượng,lag quá,3,Sendo,2,FALSE,negative,,,
Trung Hoang,tuyet vời,3,Sendo,2,FALSE,positive,,,
Hue Nguyen,ad nên xem lại phí ship nha. mua có 2 cái quần mà ship 150k thì cũng xin từ dã ứng dụng,3,Sendo,22,FALSE,negative,,,
ô tô thợ sửa,tại sao tiki không cho lựa chọn địa điểm khu vực gian hàng như những app bán hàng khác để giảm tiền ship. mong tiki sớm cập nhật để app tốt hơn.,3,Tiki,32,FALSE,negative,,,
Trần TM,"tiki làm ăn chậm chạp,nên giảm thời gian giao hàng lại..từ 3 đến 5 ngày,thay gì 7 đến 13 ngày.. cho giao hàng tiêu chuẩn fireship, tui đặt hàng một bộ chì màu..từ ngày 18 tháng 4.. thế mà tiki giao tiêu chuẩn đến ngày 25 mới nhận được..7 ngày chờ đợi.... nhận hàng.. phải chi mà hàng cồng kềnh nặng hoặc là giao từ nước ngoài thì thời gian giao hàng 7 đến 13 có thể lâu hơn đo có khó khăn chon việt nhập cảnh thì mình có đợi được.. nhưng đằng đơn hàng chỉ có mấy trăm gam thôi..mà giao quá chậm..",3,Tiki,105,FALSE,negative,,,
H ly ne Nie,cai gi cug re ngoai tru may cai ao thun .nen cho 3sao,3,Sendo,13,FALSE,neutral,,,
Quỳnh Đoàn,mới vào đã lỗi,3,Tiki,4,FALSE,negative,,,
Thai Le,nay tiki làm ăn kiểu gì app lỗi đăng nhập hoài,3,Tiki,11,FALSE,negative,,,
Tuyết Trịnh,thành viên mới mà bị mã,3,Shopee,6,FALSE,other,,,
Hồng Quyên,em thấy bên sendo bán đồ rất là mắc và cũng ko có đẹp nữa nên mik ko thik cái app nay này một chút nào 😞😞,3,Sendo,27,FALSE,negative,,,
Thị Tình Nguyễn,có những thứ lừa đảo,3,Shopee,5,FALSE,negative,,,
Tien Le Ba,vẫn còn quá nhiều gian hàng lừa đảo. không uy tín. phần ship nên có thêm ưu đại 0 đồng.,3,Sendo,20,FALSE,negative,,,
Trần Trung Giang,"ứng dụng cập nhật địa chỉ theo bản đồ hành chính mới sau sáp nhập bị sai dẫn đến giao hàng không thành công, người dùng tự cập nhật địa chỉ mới thì không thấy thay đổi trên ứng dụng.",3,Lazada,40,FALSE,negative,,,
MOCHI KT7,mã freeship đâu rồi,3,Lazada,4,FALSE,neutral,,,
Vu Nguyen,gấu bông khủng long trong mini world không có à tôi đang cần nó bán nhanh lên nếu có tôi sẽ cho năm sao,3,Shopee,24,FALSE,neutral,,,
Nghia Trinh,quảng cáo toàn loại gài hàng,3,Lazada,6,FALSE,negative,,,
Hop Do,đưa một cái vỏ xe đồ chơi bằng nhựa mà nó đắt muốn chết,3,Shopee,14,FALSE,negative,,,
minh huynh,ít fờ ri ship,3,Lazada,4,FALSE,other,,,
Vương Nghiêm Minh,"tiền ship cao hơn tiền hàng, còn lại thì đc",3,Lazada,10,FALSE,negative,,,
Dương Nguyễn,"astra của tiki mất giá khủng khiếp, từ hơn 200 xu đổi một astra giờ chỉ còn mấy chục xu, không bằng lúc trước săn xu ít nhất cũng được 100 xu",3,Tiki,32,FALSE,negative,,,
holland Tom,cho mình hỏi có lấy tiền síp ko,3,Sendo,8,FALSE,neutral,,,
Bảo Bảo,tiki đang bị cái lỗi gì vậy????? cứ bắt đăng nhập lại trong khi đã đăng nhập????,3,Tiki,17,FALSE,negative,,,
Tuyền Nguyễn,mình mới mua lần đầu tại tiki nhưng khá hài lòng mong tiki bán hàng uy tín chất lượng hơn nữa,3,Tiki,21,FALSE,positive,,,
Kiều Trần Lê Minh,"mình công nhận tiki bán hàng chất lượng. nhưng mà lần này đặt hàng mình thực sự thất vọng về vấn đề giao hàng. mình đặt hàng từ 19/12, dự kiến giao 24/12, rồi đến 24/12 tiki hẹn giao trễ 1-3 ngày. mình cũng chấp nhận. nhưng đến 27/12 lại hẹn giao trễ tiếp. đến hôm nay là 2/1 vẫn im bặt luôn. mình không biết vì lý do gì mà bên vận chuyển lại chậm trễ như vậy.",3,Tiki,79,FALSE,neutral,,,
Tăng Nguyễn khắc,. i . 8 . 1/ . i 1 . . 1 i thi i i .,3,Lazada,17,FALSE,other,,,
LY LY NGUYỄN THỊ,it,3,Shopee,1,FALSE,other,,,
Tuấn Hoàng Công,qua thực tế đánh giá lại.,3,Sendo,6,FALSE,other,,,
Tuong Linh,tải cái app load muốn độn thổ,3,Tiki,7,FALSE,negative,,,
Oq Uo,hay bị lỗi,3,Shopee,3,FALSE,negative,,,
Nhan Vu,không vào được trò chơi là sao??? vào thì bảo là mạng lỗi vui lòng thử lại nên không chơi được thử nhiều lần vẫn không được xoá đi tải lại 2-3 lần vẫn không được!!!! mong lazada khắc phục lỗi này,3,Lazada,42,FALSE,negative,,,
CAO ĐỨC DƯƠNG,??? vui lòng xem hỗ trợ dùm,3,Sendo,7,FALSE,neutral,,,
Hung Do,hàng mua trên này 10 món thì 8 món hàng đểu,3,Lazada,11,FALSE,negative,,,
Uyen Tu,nhiều lúc lấy đơn hoặc hủy ko lý do,3,Shopee,9,FALSE,negative,,,
trtth thy,mong ad xem lại lỗi phần săn xu ạ. nhiều lúc muốn xoá luôn cái add vì quá tốn thời gian khi làm nhiệm vụ.,3,Tiki,25,FALSE,negative,,,
Du Du,mua hàng cũng tốt nhưng có cái là ko hoàn trả được nha nên cân nhắc trước khi mua hàng😁🙄,3,Sendo,20,FALSE,negative,,,
Giàu Đinh,"đơn hàng về khu vực từ ngày 5 mà đến ngày 9 không cập nhật bất cứ gì thêm. không trạng thái đang giao, cố gắng giao hay giao thất bị gì cả không hiểu làm ăn kiểu gì bảo sao mất khách đặt đơn từ china 10 ngày chưa giao :))",3,Lazada,52,FALSE,negative,,,
Double S,lỗi không đăng nhập được,3,Tiki,5,FALSE,negative,,,
richlion Kun,mắc và ko free ship,3,Tiki,5,FALSE,negative,,,
Văn Hải Nguyên,"mình cũng bị giống trường hợp bình luận, đặt hàng thì rất nhanh, giao hàng thì im re, vừa đặt hàng xong, có người gọi xác nhận, rất mừng... nhưng sau đó thì tới mình gọi điện hỏi hàng sao rồi... có vẻ không cần bán hay sao ấy, phong cách thua rất xa lazada. mình ít mua đồ trang này... mới mua thử mà như thế thì quả thấy chán. thế nào rồi sao khi ad đọc xong bảo gửi mã đơn hàng kiểm tra lại chứ gì... thấy trả lời mấy người kia là vậy mà...",3,Sendo,98,FALSE,neutral,,,
A Dinh Sùng,không dk được tk. bực mình,3,Lazada,6,FALSE,negative,,,
hai nguyen tan,không rõ lắm về việc hủy đơn hàng này.!.!.?,3,Lazada,9,FALSE,negative,,,
THANH HAO LE,cái dòng thưởng sao xiếc màu hồng che đi số lượng bán. ko thể xem đc số lượng bán của 1 sách trên điện thoại màn hình nhỏ. rất bực mình,3,Tiki,31,FALSE,negative,,,
Cam Tuyet Nguyen Thi,phí giao hàng cao,3,Sendo,4,FALSE,negative,,,
Kẹo Đắng,chi phí cao hơn k có nhiều ưu đãi hoàn tiền như lazada,3,Tiki,13,FALSE,negative,,,
Thịnh Nguyễn Đức,"bước thanh toán qua moca/grab bị trục trặc , cài lại rất nhiều lần mà không giải quyết được",3,Tiki,19,FALSE,negative,,,
huan nguyen tat,chưa thử. tin là ok,3,Sendo,5,FALSE,neutral,,,
Dat Quoc,shop rat uy tin,3,Tiki,4,FALSE,positive,,,
Phuc Vu,khó dùng,3,Tiki,2,FALSE,negative,,,
Hoàng Chiến,"trước đây thì rất hài lòng, nhưng từ đợt dịch thì làm ăn chán, ít khuyến mãi, mua được đơn hàng giảm giá thì lại bị bom hàng, gửi đến mấy cái túi rỗng",3,Tiki,34,FALSE,neutral,,,
thuydung Nguyen,sao trong sendo farm lại bán gia vị đồ hộp chỉ có vài ngày rồi ngưng vậy ạ,3,Sendo,18,FALSE,neutral,,,
Hai Ly,tao lao la nhiu,3,Shopee,4,FALSE,other,,,
Xuan Ngoc,"có lúc chưa tốt lắm, tạm hài lòng",3,Lazada,8,FALSE,neutral,,,
Công Chinh,tại sao giờ mua hàng của tiki lại không được xem hàng nữa vậy.,3,Tiki,14,FALSE,negative,,,
Chương Nguyễn,trả hàng hoàn tiền không gửi được sạo lon,3,Shopee,9,FALSE,negative,,,
Trần Văn Mộng,nói chung là nhiều sản phẩm. chỉ tiếc là giá giao hàng cao hơn lazada nhiều.,3,Sendo,16,FALSE,neutral,,,
Vy Cong,giá mặc hàng so cao hơn lazada,3,Sendo,7,FALSE,negative,,,
Anh Việt,dùng trên android khoảng 1 lúc là đơ,3,Sendo,8,FALSE,negative,,,
Hải Chí,có nhiều món sốp bi có mà lazada k có 😭,3,Lazada,11,FALSE,negative,,,
Vừ Đồng,ko ung hô,3,Sendo,3,FALSE,negative,,,
Nguyễn Ngọc Duy,"sendo farm tiện, chất lượng thực phẩm tầm trung bình đổ xuống",3,Sendo,12,FALSE,neutral,,,
Thanh Tung Nguyen,chất lượng vip 5 sao cho đăng nhập không vào được giao diện app 5 lần/ phút/ ngày. 👏👏👏 vip đích thực: các thí chủ nên cài app sử dụng 👏👏👏,3,Shopee,31,FALSE,positive,,,
Thao Thao,ứng dụng có sử dụng quá đồ thì mất vận chuyển thì qua cao . trong khi đó các shop khác miễn phí vận chuyển luôn .,3,Sendo,27,FALSE,negative,,,
Classic,"-thiếu rất nhiều hàng chính hãng cần tìm. - nhiều shop ko để chế độ chat để tư vấn cho khách. - giá thường cao hơn so với thị trường online vd: như shopee...vv... - tiki cần quản trị các shop thật công khai về chính sách khách được xem hàng. vì hiện tại chỉ có tiki cho khách xem hàng!!! - tiki cần cải thiện rõ hơn về nội dung đổi, trả hàng nhằm bảo vệ quyền lợi của khách! rất cảm ơn nếu như tiki cải thiện ý kiến trên!",3,Tiki,92,FALSE,negative,,,
TRINH TRINH 89,"ad xem lại app chứ kêu thực hiện nhiệm vụ mỗi ngày nhưng chẳng đc phần quà nào cả ,cứ đứng im hoài luôn.",3,Tiki,24,FALSE,negative,,,
hiền lê thị,tôi thích ứng dụng tiki này nhưng việc giao hầng của nó thì tiki sẽ phải chỉnh sưa sao cho nhân viên síp nhang hơn thì ứng dụng này sẽ là ứng síp hàng nhang nhất !!!,3,Tiki,37,FALSE,neutral,,,
Aí Lê Thuý,quảng cáo bất chấp gây phiền phức cho khách hàng,3,Lazada,10,FALSE,negative,,,
Cường hy1984 Đức,ko cho xem hàng bán hàng đểu lên chả mua,3,Sendo,10,FALSE,negative,,,
Khanh Trinh,tự nhiên mấy hôm nay game trong laz làm nhiệm vụ mà nó không hoàn thành được. chạy hết thời gian cái đứng luôn. không nhận được thưởng,3,Lazada,28,FALSE,negative,,,
Yrururur Hdhfhhf,"tệ, không có chức năng xoá tk, không có vào app đc.",3,Sendo,12,FALSE,negative,,,
Ngô Hạnh,mắt,3,Sendo,1,FALSE,other,,,
an bảo,"giá bán thường của tiki rẻ hơn shopee, phí sàn thấp và đơn giản, tiki không cố kéo người dùng sử dụng app lâu. còn các app khác thì bạn phải xem bản thân liệu có mất vài giờ để lựa hàng, áp mã và tích xu không.",3,Tiki,48,FALSE,neutral,,,
Minh Nguyên,trải nghiệm ko tốt đặt đơn mà gần tới cứ bị hoàn về shipper không gọi cuộc nào mà báo là khong gọi được cho khách hàng chịu luôn đặt có đôi với mà hoàn đi hoàn về 4 lần riết ko muốn đặt hàng nữa luôn cần cần khắc phục tình trạng này,3,Shopee,54,FALSE,negative,,,
T Nguyễn,mua hàng không có theo dõi vận chuyển giao hàng quá lâu đứng đơn không thấy di chuyển.,3,Lazada,18,FALSE,negative,,,
Duyên Nguyễn,tôi rất thik lazada nhưng điện thoại nhảy quảng cáo liên tục dù k ấn vào đâu 😠😠,3,Lazada,18,FALSE,neutral,,,
Hoàng Kim,giao sai hàng,3,Tiki,3,FALSE,negative,,,
Hai Do van,tàm tạm thôi,3,Sendo,3,FALSE,neutral,,,
Phượng Mai,tôi chưa dùng thử nên tôi cũng không biết,3,Lazada,9,FALSE,neutral,,,
Trọng Thức Nguyễn,sao hôm nay 5/4 sau khi cập nhật 2 lần. vẫn ko vào app được? lý do?,3,Tiki,17,FALSE,negative,,,
thanh thanh,ko hiện hình ảnh sản phẩm trong giỏ. công cụ tìm kiếm ko chính xác lắm,3,Tiki,16,FALSE,negative,,,
Thuy Nguyen,tiki giao hàng quá chậm chạp,3,Tiki,6,FALSE,negative,,,
Duc Phan,thế thôi như nhau cả,3,Sendo,5,FALSE,neutral,,,
꧁๖ۣۜTɦĭêη ๖ۣۜTôη꧂,"sao chơi thợ săn thưởng khi cào thẻ lại đk thông báo ""phiên bản phần mềm không hợp lệ,vui lòng kiểm tra lại nhé!""?",3,Tiki,24,FALSE,negative,,,
Nguyenthi Thuytrang,lazada mình là kh lâu năm sao nay thay lazada lam ăn chán quá .đặt hàng thì này đi giao hàng khác .mong lazada tạo lại cho đơn đi mượt hơn .kiểu này chat xóa lazada quá,3,Lazada,37,FALSE,negative,,,
Thao Nguyen,vì đợt trc mình mua miếng dán blakping mà ko hiểu sao nó lại cái cặp nhưng đc cái rẻ lần này cài đặt lại nếu tích cực sẽ đánh giá 5⭐,3,Lazada,32,FALSE,positive,,,
Không Tên,"thất vọng thật sự đầu năm giao hàng bị thiếu ko dc hoàn về vì trả bằng tiền mặt, buồn shopee thực sự, thiệt thòi cho những người thanh toán bằng tiền mặt ghê ko dc giải quyết 😡 shop loz ấy cũng chả thèm rep nữa điên vcl mới đầu năm thiệt chứ ê cái clip ngắn hơi bị bịp nha ngồi treo vừa nghe vừa coi nửa tiếng mà zô check có 4 phút??",3,Shopee,76,FALSE,negative,,,
Thị Đào Lê,cũng thường,3,Tiki,2,FALSE,neutral,,,
Nghị Đào Đắc,shipper như bím trâu xào khế,3,Shopee,6,FALSE,negative,,,
Ha Thu,app lỗi suổt ko vào cào thẻ mỗi ngày đc,3,Tiki,10,FALSE,negative,,,
Giang Nguyen,sen do huy tính giao đúng hàng,3,Sendo,7,FALSE,neutral,,,
hạ yanghồmõm,tạm 3 sao,3,Tiki,3,FALSE,neutral,,,
Moi Bling,ship vận chuyển nó cao,3,Lazada,5,FALSE,negative,,,
Chieukytravinh Truong,giao trễ hạng,3,Lazada,3,FALSE,negative,,,
Tiến Đinh,xem bl thôi đã nản rồi.....chắc chỉ có shoppee còn tạm ổn thôi !!!,3,Tiki,14,FALSE,negative,,,
Krongana Evn,tại sao tôi ko mua hàng trả sau mà phát sinh nợ 30k trên spaylaze,3,Shopee,15,FALSE,negative,,,
Giang Lê,thứ nhất shopee nên có thao tác hủy shopee later thứ hai mình là thành viên hạng vàng lại không được ưu đãi giá ngược lại giá cao hơn và voucher thua hạn thành viên. cách săn deal 1k hoặc 0 đồng rắc rối.,3,Shopee,44,FALSE,negative,,,
Loan Chu,lần nào xem live cũng lag giỏ hàng cứ quay chả hiện sản phẩm.,3,Shopee,14,FALSE,negative,,,
Đức nguyễn ngũ,cũng đc nhưng ship đắt quá,3,Tiki,6,FALSE,neutral,,,
Hoang DIEN,sopee 3.3 lỗi ấn vào flaycam i7 pro ko hiện ảnh chịu thua luôn thôi,3,Shopee,15,FALSE,negative,,,
Lùn Duy,khá khó dùng như cx đc,3,Lazada,6,FALSE,neutral,,,
Bich Vân,có lúc ko giáo hàng đúng sản phẩm được rao bán còn không có chỗ khi nhân xét ngày,3,Tiki,19,FALSE,neutral,,,
Xoan Hoàng,lúc vào mua hàng khi được khi không,3,Sendo,8,FALSE,neutral,,,
Trường Lâm,tất cả đều ổn nhưng sơ hở là bị f02,3,Shopee,10,FALSE,neutral,,,
Vân Đỗ Thị Thanh,"trước đây mình chỉ mua hàng trên tiki, nhưng bây giờ cảm thấy rất tệ. thái độ shipper không tốt, còn tự ý hủy đơn hàng không lí do...",3,Tiki,29,FALSE,negative,,,
Nam Tr,sợt 1 đằng ra 1 nẻo,3,Tiki,6,FALSE,negative,,,
Toàn Võ Văn,tải hình đánh giá sản phẩm này nó lại load hình của sản phẩm mình mua trước đó 1 thời gian. bực bội ghê,3,Sendo,24,FALSE,negative,,,
Đạt Hoàng Văn,"giao hàng ngay ,tiện lợi",3,Sendo,5,FALSE,positive,,,
Gà Vàng M.A,"giao lâu kinh khủng , đặt ngày 6 hẹn ngày 30 giao",3,Tiki,12,FALSE,negative,,,
Aplere Thiên,"trời ơi, dt t có 1 số à, rồi thêm 1 số để thanh toán cái gì?, khó chịu ý.",3,Shopee,20,FALSE,negative,,,
Văn Nguyen,mong cải thiện hơn😊 mua để vài ngày ko đánh giá nhận xu đc lỗi sever hệ thống,3,Shopee,18,FALSE,neutral,,,
Kim Hong,thuê quảng cáo qua trời đi đâu cubgx gặp,3,Shopee,9,FALSE,negative,,,
Trang Nguyen,ủa sao kg thấy chỗ giao hàng mà lai để địa chỉ kêu khách lai đó lấy hàng la sao vậy 🤔,3,Sendo,22,FALSE,negative,,,
Đẹp Phạm,"giao hàng quá chậm, đáng lý ra chung 1thành phố phải 3ngày là tới, nhưng dự định giao thì cả tháng",3,Sendo,21,FALSE,negative,,,
NTT 07,hài thật.tôi đặt 1 trái banh trắng đen.tiki giao 1 trái banh in hình real madrid.đã vậy còn có chữ kí của các cầu thủ barcelona nx chứ.hàng ko giống hình,3,Tiki,31,FALSE,negative,,,
Ly Phan,"app thường bị lỗi khi thanh toán bằng thẻ tín dụng ở khâu chờ xác thực thẻ. app chưa hay ở chỗ xem một món hàng mà bấm back sẽ trở lại đầu trang, nhiều lúc cuộn xuống rất lâu mới tới chỗ lúc nảy vừa xem, gây mất thời gian và bực mình. nên học các đối thủ thương mại điện tử khác như sho****, laz**** làm app.",3,Tiki,69,FALSE,negative,,,
Thái Đạt Nguyễn,ko thích lắm,3,Tiki,3,FALSE,negative,,,
Quốc Trần,"tài khoản của t vừa mới đặt hàng lại bị văng ra vào lại thì báo lỗi f02 , mất cả voucher của tôi",3,Shopee,24,FALSE,negative,,,
Nga Linh,mua phải nhiều hàng rởm mà không trả lại được,3,Sendo,10,FALSE,negative,,,
nguyễn hùng,phí vận chuyển cao.cần vào ứng dụng mua hàng hay lỗi quay tít mù.cho 3 sao thôi đã,3,Sendo,18,FALSE,negative,,,
Ha Nguyen Vu Ngoc,thời gian giao hàng quá lâu. đặt hàng từ thứ 5 mà đến tận thứ 3 tuần sau mới giao đến nơi. mà cũng ko biết có được sách mới hay không. phí giao hàng thì đắt. thiết nghĩ chỉ vì nhà sách ko có nên tui mới phải đặt hàng. thà bỏ thêm tiền để mua đúng giá và bỏ thêm phí vận chuyển để vừa có đc sách đẹp vừa đc giao hàng nhanh còn hơn ☺,3,Tiki,79,FALSE,negative,,,
Suzuku Naki,chơi với shopee đủ mệt rồi nói chi tới tiki,3,Tiki,10,FALSE,negative,,,
Trọng nè,mình nghĩ shoppe nên để phần size khi tìm kiếm quần áo,3,Shopee,12,FALSE,negative,,,
Tiểu Yên,tại sao tôi không thể săn xu đc nữa,3,Shopee,9,FALSE,negative,,,
Đình Tố Trần,ship quá đắt,3,Tiki,3,FALSE,negative,,,
Thi Le,vô mua cái mặt nạ thôi mà đắt quá,3,Tiki,9,FALSE,negative,,,
Hồ Phương Thảo Lê,"cho cái phần theo dõi đơn hàng cho đã rồi , lúc check thì thấy còn ở kho cái có việc không có ở nhà thì shipper lại giao.. rồi sao mà chuẩn bị kịp đây hả?",3,Shopee,37,FALSE,negative,,,
An Nguyen Van,ship đắt hơn các trang khác,3,Sendo,6,FALSE,negative,,,
Mai Đồng,phí síp hơi cao,3,Sendo,4,FALSE,negative,,,
Toan Nguyen,hay hơn bên laza,3,Sendo,4,FALSE,positive,,,
Nguyễn Lan Hương,"rất tốt nhưng có hơi thắc mắc về cái chỗ xu , sao ap xu vào có mỗi mấy nghìn vậy tưởng phải mấy chục chứ , rõ săn đc mấy chục xu mà",3,Lazada,34,FALSE,neutral,,,
HOÀNG NGỌC TRÀ,hơn năm nay ko mua dc ở tiki vì giá cao hơn lazada và ship cao. tiki xem sao chứ,3,Tiki,20,FALSE,negative,,,
Tuan Tran,nên để khách mua hàng được tương tác với nhau trong phần đánh giá sản phẩm.,3,Shopee,16,FALSE,neutral,,,
tung nguyen van,shopee làm phiền khách hàng khi tự hạ âm lượng trên điện thoại.,3,Shopee,13,FALSE,negative,,,
Ánh Linh,chất lượng ngày càng tệ .đặt giày size 37 giao size 35 .ngày ấy đặt hàng ngày trước ngày sau là có giờ thì nửa tháng mới giao,3,Tiki,28,FALSE,negative,,,
Thịnh Đỗ Tiến,ứng dụng chậm. gần đây bị lag cào thẻ phần thưởng. hay bị crush out ra ngoài,3,Tiki,17,FALSE,negative,,,
Thị kim thu Nguyễn,tải chậm,3,Tiki,2,FALSE,negative,,,
keity trn,tôi mong zì tiki sẽ có những thứ bên lazada có:)),3,Tiki,11,FALSE,neutral,,,
Võ Thị Kim Hồng,"tôi đã dùng app này khá lâu r, nhưng đột nhiên app bị lỗi đủ thứ,tui khắc phục theo gợi ý cũng chẳng ăn thua, thấy app khá dễ sử dụng nhưng tài khoản tui cứ mãi lỗi chẳng đặt đc j đành bỏ luôn😔😔",3,Shopee,45,FALSE,negative,,,
Bảo Trần,thanh toán khó,3,Sendo,3,FALSE,negative,,,
Thi Hoa Nguyen,nó rất lag,3,Lazada,3,FALSE,negative,,,
Vy Hứu,sản phẩm mắc muốn chết mà nói là thật rẻ. ko tin nổi,3,Tiki,13,FALSE,negative,,,
Phong Huynh,"thời buổi này mà giao hàng gần 10 ngày, làm ăn gì nữa",3,Lazada,13,FALSE,negative,,,
Quy rùa Quy rùa,dùng bth thôi,3,Shopee,3,FALSE,neutral,,,
Khanh Vũ Tiến,"làm ăn chán quá trước còn giao đúng ngày giờ thì chạm chễ ngày của khách , chi ***",3,Tiki,19,FALSE,negative,,,
Bá Đạt Cao,ko hiểu sao gần đây chất lượng sản phẩm rất tệ nha,3,Shopee,12,FALSE,negative,,,
Văn Huế Võ,đặt hàng trên sendo bị mấy nhà bán hàng hủy đơn hàng vậy mà bị sendo cho là mình hủy đơn hàng quá nhiều. sendo chọn nhà vận chuyển việt nam post không có nhân viên giao nhận . tới lấy kkhông có nhân viên tìm đơn hàng nên hay bị chuyển hoàn .,3,Sendo,54,FALSE,negative,,,
ĐINH VĂN TUẤN ANH,"mua sấm ok . giải quyết vướng mắc thì quá tệ. nv trả lời như ai giải quyết cái shoppay mà từ t10/2025 đến thang 1/2026 chưa dc tốn hơn máy trăm ngàn tiền gọi tổng đài. mỗi lần gọi là kể câu chuyện từ đầu sợ thiệt. quản lý thì ko thấy đậu, đường dây nóng thiếu nại thì ko có , xin địa chỉ trực tiếp thì ko cho ..... tệ ko chuyên nghiệp",3,Shopee,76,FALSE,neutral,,,
Ngọc Anh Nguyễn,người mới mà cx k có mã fs @@,3,Lazada,9,FALSE,other,,,
Cherry Bunny,app được nhưng lúc tải về thì vô app khác vẫn thấy quảng cáo và lúc tôi tra bài để làm cũng vẫn thấy quảng cáo nhưng điều tôi ghét đó là quảng cáo sai chỗ che hết cả bài tôi tra ra nhưng tôi vẫn không thể loại bỏ được phần quảng cáo là sao😡,3,Tiki,56,FALSE,negative,,,
Thanh Phương,giao chậm hàng vỡ đồ điện tử sạc ít pin nghe trên shop nhưng sạc tốn hết 500k tiền điện,3,Shopee,20,FALSE,negative,,,
Mãi Nguyentrong,chưa nhận hàng cắt ntn đánh giá cái gì đây,3,Lazada,10,FALSE,neutral,,,
Quang Thọ Hoàng,tốt nhưng giao hàng hơi lâu,3,Lazada,6,FALSE,neutral,,,
Nhung Trần,dùng cxg ok nhưng chưa có cách hoàn xu hihi mỗi lần thành toán lại phải từng sản phẩm một bất tiện tốn tiền ship,3,Sendo,25,FALSE,neutral,,,
Nhài Lê Thị Hương,3 sao,3,Lazada,2,FALSE,other,,,
luon mat tieu,theo mình dvkh ok nhưng giá cao lại k đi đôi vs chất lượng 10 món thì 9 món lừa có những thứ mua ở ngoài tiệm hay app khác giả mấy chục qua tiki k có mà có thì nó đắt gấp chục lần sp thì ít mà toàn đánh giá ảo thế nên có mua thì phải chịu giá cao vs shop uy tín còn k thì 60 là phải hoàn,3,Tiki,73,FALSE,neutral,,,
Bj Hgixn,tiki ơi cho mình hỏi bộ áo hôm tr mình đặt 1 tháng vẫn chưa nhận đc,3,Tiki,17,FALSE,negative,,,
Tuấn Thái Quốc,"dịch vụ giao hàng tốt dần lên so với trước.tuy nhiên các sản phẩm đa số không được như quảng cáo.tạm chấp nhận.không thích lắm.nên có thể sử dụng tiền hoàn mua sản phẩm khác trên app mà không cần phải dùng đến tk ngân hàng, rất bất tiện cho ai không có tk ngân hàng trong việc nhận tiền hoàn trả.",3,Shopee,62,FALSE,neutral,,,
Trang Dương Huyền,nhanh tiện lợi giá rẻ,3,Tiki,5,FALSE,positive,,,
Hoàng Bs,"update gần đây: giao hàng khá chậm, shipping mắc, ít voucher ưu đãi free shipping. nay dần chuyển sang mua ở shoppee với lazada nhiều hơn.",3,Tiki,26,FALSE,negative,,,
Teddy Cao,không biết sendo có chương trình hỗ trợ bán hàng trợ giúp hay không? tôi trợ giúp được thưởng 5% nghĩ sao nó phiêu quá,3,Sendo,25,FALSE,negative,,,
phuong Nguyen,ko đc frs,3,Lazada,3,FALSE,other,,,
văn nguyễn bá,rất cay phần chơi game.mua đồ thì oke.,3,Lazada,8,FALSE,neutral,,,
tien nguyen,được,3,Sendo,1,FALSE,positive,,,
Thu Bui,"tôi đã tham gia mua bán 1 số sp của sendo và có 1 vài góp ý: 1. hàng chuẩn như hình quảng cáo, thời gian giao hàng nhanh . 2. không nên bắt ép khách hàng phải chuyển khoản mà nên để cho khách khi nào nhận hàng thì trả tiền luôn, kg vì bất kỳ lý do gì. vừa qua tôi và 1 số bạn bè phải chuyển qua mua hàng bên cty lazada bằng tiền mặt sau khi nhận hàng, biết rằng hàng bên ấy hay gủi về chậm. nếu sendo cố tình gây khó dễ cho khách hàng thì kh sẽ quay lưng với họ. hãy tôn trọng khách hàng!",3,Sendo,114,FALSE,neutral,,,
Huan Mai,ship hơi lâu,3,Sendo,3,FALSE,negative,,,
Xuân Uy Võ,""" miễn phí vận chuyển "" đừng tin vào câu đó là ok",3,Tiki,13,FALSE,neutral,,,
Movement,app xác nhận và chuẩn bị hàng lâu quá lên chờ mãi đặt hàng trên app này cx ko đc nhanh cho lắm lên tôi cho 3 sao thôi nhưng cũng không phải là xấu,3,Sendo,35,FALSE,negative,,,
Mien Truong,đặt hàng trên ứng dụng chờ lấy hàng cho đến khi hủy hòi nào cũng không thông báo cho tôi thật là vô lý,3,Tiki,24,FALSE,negative,,,
Thị Diễm Nguyễn,"đặt hàng đợi xác nhận lâu quá ,senđo nên khắc phục",3,Sendo,11,FALSE,negative,,,
Tot Tzieu,không free ship. giao hàng chậm. không có phần đánh giá dịch vụ giao hàng,3,Tiki,15,FALSE,negative,,,
Nguyễn Hà Thu Hiền (May),"thay đổi lại cách gói hàng đi ạ, nhất là gói sách ấy. mấy lần bị dập gáy sách nhìn phát sợ luôn :)",3,Tiki,24,FALSE,negative,,,
Anh Quyet Nguyen,"bị mất chức năng mua sau, mong tiki thêm lại chức năng giúp mình với",3,Tiki,15,FALSE,negative,,,
Halinh Halinh,ko đặt đc mà tôi đăng nhập hết rồi mà ko đặt đc,3,Shopee,13,FALSE,negative,,,
vu truong,phần mềm chạy khá tệ,3,Sendo,5,FALSE,negative,,,
TRẦN TUẤN,nên cập nhật tính năng tìm kiếm bằng hình ảnh,3,Tiki,10,FALSE,neutral,,,
Thắng Trần,hàng chưa về nên chưa bik sản phẩm ra sao cho shop 3sao trước,3,Lazada,14,FALSE,neutral,,,
Ân Vi,lazada giờ vậy toàn đứng hình vào lướt không được cái đã mua rồi giờ sao kiểm tra được ạ,3,Lazada,20,FALSE,neutral,,,
Thanh Tung Nguyen,tạm tốt vì cùng họ fpt không có dịch vụ ship hàng đến điểm của khách hàng như ngày xưa . tỉ lệ chuyên nghiệp đang đi xuống.,3,Tiki,28,FALSE,neutral,,,
Trai Mẫu Giáo (A Thịnh),"tự nhiên bắt làm ví shopee,đang là thành viên vàng đấy,nhưng kệ đi,gỡ cài đặt",3,Shopee,15,FALSE,negative,,,
Trung Vũ khắc,tạm được,3,Sendo,2,FALSE,neutral,,,
Phuong Ha,"mình khoảng 2,3 ngày gần đây toàn bị google play protect báo shoppe là phần mềm độc hại thôi, gỡ đi cài lại và chặn hết quyền cũng bị ,chán thế.",3,Shopee,31,FALSE,negative,,,
Tv Đức Tâm,cũng cùng một địa chỉ cùng lơi bán nhưng giá vận chuyển chênh nhau mấy chục ngàn,3,Sendo,17,FALSE,negative,,,
Mỹ Hiền,ê nha...t mua lzd cũng 5 7 năm rồi đó..đặt là k bom đơn nào..mà sao gần đây t đặt 1 đơn ở hn ..cái bị hủy ngang k lí do.. xong t đặt 1 đơn ờ tphcm cái cũng tương tự đơn trc là sao v mấy mom..k mún bán thì dẹp mẹ cái app đi,3,Lazada,57,FALSE,negative,,,
Yi Nhu,ko thể đặt đc,3,Shopee,4,FALSE,negative,,,
Hoa Ngo,thêm tính năng đăng xuất đi,3,Tiki,6,FALSE,neutral,,,
Hoa Vo,"có lý do:giao hàng ko đúng,tráo hàng...đề nghị: chấn chỉnh trước khi giao hàng cho khách(khách hàng là thượng đế...)",3,Tiki,20,FALSE,negative,,,
Hùng Lô văn,đăng nhập acc mới để lấy mã đặt hàng mà toàn bị hủy đơn,3,Shopee,14,FALSE,negative,,,
Thanh nhàn,"cho thêm nhiều freeship đơn 0 đ đi chứ cứ toàn trên 20k tiền mô mua , tiền ship cx thấp thôi chứ toàn 21k 30k 40k tiền 1,2k tiền ship khủng bố",3,Lazada,33,FALSE,neutral,,,
thành Fan,ap se đo it mặt hang khong đa dạng,3,Sendo,9,FALSE,other,,,
Cảnh Trần minh,"tôi mua cuốn sách tôi lấy hàng 3 ngày rồi, mà tôi đánh giá cuốn sách không được vì hệ thống để đang vận chuyển, tôi chưa lấy hàng,.,",3,Tiki,29,FALSE,negative,,,
Người dùng Google,chưa gết để rỗi nước da,3,Lazada,6,FALSE,other,,,
Harry Chu,holo,3,Sendo,1,FALSE,other,,,
Thị Hường Nguyễn,mình ko thể xóa phần hỏi - đáp được🫠 lúc trả lời sai thấy ngại vaix🙄,3,Lazada,16,FALSE,other,,,
Khoi Hoang,ship lâu quá,3,Shopee,3,FALSE,negative,,,
Winner Phillips,mấy cái quảng cáo của lazada trong game không thể ấn thoát như các quảng cáo khác (chưa kể đưa thấy nghệ sĩ tai tiếng lên làm đại diện). toàn phải out game để chơi lại. ức chế vãi. quảng cáo như vậy trách sao cả đống người ta tải về cài đánh giá 1* rồi gỡ cài đặt. có thuê quảng cáo cũng nên thông minh kiểm tra lại chứ,3,Lazada,71,FALSE,negative,,,
Lieu Cham,"lúc giao hàng, mà ko giống như hàng đã giới thiệu.nên cho 3 sao",3,Sendo,14,FALSE,neutral,,,
Huy Đinh,"load chậm ( wifi nhà tôi rất mạnh ) ông dev fix lại app đi, bấm back 1 lần cái trắng xóa màn hình phải tắc mở lại phiền quá",3,Tiki,30,FALSE,negative,,,
XUÂN MUỘN TV,cập nhật thông tin đơn hàng không được như shopee,3,Lazada,10,FALSE,negative,,,
Hoa Phạm,kh nhiều đồ,3,Sendo,3,FALSE,neutral,,,
Tuyền Vy,giao hơi lâu,3,Lazada,3,FALSE,negative,,,
Dương Đương nhiên,app ko đa dạng sản phẩm,3,Lazada,6,FALSE,neutral,,,
Văn Phùng Lương,thôi các bác ạ. em cũng hay mua hàng. mà cách tính ship nó lạ lắm. mua 1 cái hay 10 cái cùng 1 shop thì cũng 1 gói hàng. mà phí ship nó tính kiểu như là nhân 10 ấy,3,Lazada,41,FALSE,negative,,,
Kiên Cường m.u Nguyễn,mua ko đc cái gì,3,Tiki,5,FALSE,negative,,,
Nguyễn Văn Tính,nhận hàng rồi mới biết.,3,Lazada,5,FALSE,neutral,,,
Uikhemarit Kaan,"giá ship hơi cao ,gói hàng chưa cận thận lắm gẩy ,vở móp méo",3,Sendo,14,FALSE,negative,,,
Tung Huynh,"u. 2j nguộn n , xe rét 5🚌 vẹc, m ,m . .v.m ng.u bùn de i mức. ,. n vn cũn ck g giục biếc m chục. mc g thuyết bùn vứt mỹ chắc. vụn. cực. m mún. .nc . 💽🔋",3,Sendo,42,FALSE,other,,,
Thư Trần,dạo gần đây app tự động log out liên tục nha. fix lỗi này,3,Tiki,14,FALSE,negative,,,
Cuong Ha,shipper ăn trộm hàng của khách tôi rất bực vs người shipper kia,3,Shopee,13,FALSE,negative,,,
Thanh Thảo Nguyễn Ngọc,ê í là app hơi tệ ấy..- kiểu giá chát ơi là chát đôn lên nhiều so vs các app khác vs giá cao chứ 0 phải tốt nữa..với lại đơn đầu là sẽ free ship ấy mà mua cái standee vẫn tính phí ship như thường à..-,3,Lazada,48,FALSE,negative,,,
Hai Tran,mua hàng trên lazada đề nghị cho đồng kiễm đi nha,3,Lazada,11,FALSE,neutral,,,
uyen nguyen,hôm nay app bị lỗi hay sao mà chơi tưới cây đến lúc thu hoạch thì không được freeship! lót dép chờ lazada chỉnh sửa lại. buồn.,3,Lazada,27,FALSE,negative,,,
Heaven ta,"shopee giờ ít thấy đơn nhái, nhưng quản lý mấy ông shiper vãn kém, đơn hàng to, nặng là nhân viên spx không giao, chỉ gọi lấy lệ rồi cho quay về người gửi.",3,Shopee,34,FALSE,negative,,,
Nhi Ngyen,app này wao quá nên cho 3 sao,3,Lazada,8,FALSE,neutral,,,
Tính Ma,tàm tạm,3,Lazada,2,FALSE,neutral,,,
Lanh Tien,tàm tạm,3,Tiki,2,FALSE,neutral,,,
Chỉu Lê,giá trên trời,3,Sendo,3,FALSE,negative,,,
Tuan Bui,bẻ ê,3,Lazada,2,FALSE,other,,,
Ngo Le Minh Anh (Mias),âm thanh thông báo luôn làm tôi giật mình.,3,Tiki,9,FALSE,neutral,,,
Hiếu Nguyễn,"ứng dụng rất tốt có sự thay đổi rõ hơn so với 1 năm trước, nhưng bên đơn vị vận chuyển j v t làm việc rất chán, chuyên treo đơn khách, lưu kho không giao, khi đến ngày giao thì giả vờ tạo cuộc gọi nhỡ giả để gọi cho khách với lý do là khách khôg nghe máy, trong khi tôi ngồi ở nhà cả ngày để canh máy thì khoong có 1 cuộc gọi nhỡ nào làm ăn có hành vi gian dối cần admin xem xét lại bên vận chuyển có hành vi như thế có đáng để hợp tác tiếp hay không. tôi mong lazada cần làm gắt về bên đơn vị jvt",3,Lazada,118,FALSE,negative,,,
Tròn Trần,"cá nhân tự đội giá cao hơn so với giá bên niêm yết bên ngoài,rồi lại ghi khuyến mãi?",3,Tiki,19,FALSE,negative,,,
PHƯỚC TRỌNG DƯƠNG,phí vận chuyển hơi cao....,3,Tiki,5,FALSE,negative,,,
Kien286 Pn,nhiều mẫu mã .. hài lòng khi mua hàng của lazada,3,Lazada,11,FALSE,positive,,,
Huỳnh Đức,"mua thẻ cào gữi mã thẻ về quá chậm, tải về sử dụng lần đầu quá thất vọng",3,Tiki,18,FALSE,negative,,,
Hùng Nguyễn,áp mã nhưng cứ để ko thành công,3,Lazada,8,FALSE,negative,,,
Thăng Long Nguyễn,không thể tiến hành đặt hàng !,3,Tiki,7,FALSE,negative,,,
Dương Nhân,"tiki cần quảng lý chặt k để các shop tào lao lừa đảo bán hàng k chất lượng, học cách quản lý của lazada.",3,Tiki,24,FALSE,neutral,,,
Minh Phan hong,cảm ơn các bạn,3,Tiki,4,FALSE,other,,,
An Pham Xuan,chưa có gì nổi trội,3,Sendo,5,FALSE,neutral,,,
Bu Béo,đề nghị thanh toán hoa hồng đúng ngày cho tiếp thị liên kết. và kính mong shopee đừng có lỗi không hiển thị link nữa cảm tạ thánh thần,3,Shopee,29,FALSE,neutral,,,
Hu Hu,ưu,3,Shopee,1,FALSE,other,,,
oanh lê,giao hàng thì chậm mà shipper ko điện thoại thì báo giao hàng ko thành công,3,Tiki,16,FALSE,negative,,,
Trang: VayTotNhat.C0M,vào trình duyệt truy cập địa chỉ 𝑽𝒂𝒚𝑻𝒐𝒕𝑵𝒉𝒂𝒕.𝑪𝒐𝒎 để 𝘃𝗮𝘆 𝟬% lãi và nhận tiền hỗ trợ từ.ngân hàng.,3,Sendo,19,FALSE,other,,,
Y Lê Huy,lần đầu tiên mua một chiếc bếp hồng ngoại,3,Sendo,9,FALSE,neutral,,,
phấn nguyễn đức,sen đỏ dạo này giao hàng quá lâu quá nội thành mà1 tuần lễ,3,Sendo,14,FALSE,negative,,,
giang ZING ngọc,xin tiktik bối rối mua r,3,Tiki,6,FALSE,other,,,
Nhan Cam,af,3,Lazada,1,FALSE,other,,,
Thuy Nguyen,vì là đệm lưới nên ko giữ phom cong khi tựa vào,3,Tiki,12,FALSE,neutral,,,
Chung Nguyễn,cũng được,3,Lazada,2,FALSE,neutral,,,
Văn Sáng Nguyễn,"làm nhiệm vụ săn thưởng xong cào thẻ không được, cứ lê phiên bản không hợp lệ.",3,Tiki,17,FALSE,negative,,,
Hải Yến Lê Dương,giao hàng nhanh nhưng chơi kiểu md là đặt 2 món không cộng lại mà chia ra để tính thêm tiền ship.,3,Tiki,22,FALSE,negative,,,
Trường Phạm,"chi thêm voucher 50,60k kh mới nha",3,Lazada,7,FALSE,other,,,
Trung uy Nguyễn,tạm được,3,Tiki,2,FALSE,neutral,,,
Hoa Tran,tiki app dạo này hay bị lỗi cập nhật bảo đăng nhập hoài và đơn hàng chưa đawth thì đã xác nhận,3,Tiki,22,FALSE,negative,,,
thanh truong,"phần chọn ảnh khiếu lại cứ load mãi không chọn được, tìm kiếm tải chậm.",3,Sendo,15,FALSE,negative,,,
Na Danh,cho 3 sao,3,Sendo,3,FALSE,neutral,,,
Mai Mai,tôi rất thích shoppe nhưng tại sao tôi đặc hàng mà vài tuần cũng chưa có người giao đến😢,3,Shopee,19,FALSE,negative,,,
nhatminh Nguyen truong,"phiên bản cập nhật mới quá tệ, cứ xem live được một lúc thì lại bị văng ra khỏi ứng dụng, thật sự rất phiền phức. mong shopee sớm phát hành bản sửa lỗi.",3,Shopee,34,FALSE,negative,,,
Cường Ha,cứ mua hàng là quảng cáo thôi.,3,Lazada,7,FALSE,negative,,,
Mấu Thuyển,cũng khá tiện lợi cho những người không có thời gian đi mua sắm,3,Sendo,14,FALSE,positive,,,
ngoc thanh,deer qyf,3,Tiki,2,FALSE,other,,,
Anh Tú Lê,"chất luộng sp bình thường,giao hàng hơi chậm",3,Sendo,8,FALSE,neutral,,,
Ngân Tú,"m. k.nj8chào mừng bạn đếchạm và giữ một đoạn để ghim đoạn đó. các đoạn đã bỏ ghim sẽ bị xóa sau 1 giờ.u blog n với bảng nhớ tạm của gboard, bất kỳ văn bản nào bạn sao chép sẽ được lưu tại đây.chạm và giữ một đoạn để ghim đoạn đó. các đoạn đã bỏ ghim sẽ bị xóa sau 1 giờ.chạm và giữ một đoạn để ghim đoạn đó. các đoạn đã bỏ ghim sẽ bị xóa sau 1 giờ.",3,Lazada,83,FALSE,other,,,
Pọm Lò,tắt quảng cáo cho tao ngay,3,Sendo,6,FALSE,negative,,,
thu miq,mở shoppe ko đc,3,Shopee,4,FALSE,negative,,,
Red Hat,ui rối rắm,3,Sendo,3,FALSE,other,,,
Song Nhi,"app tốt sài ok dễ, nên thêm tính năng chỉnh chế độ form chữ để người lớn dễ đọc chữ. với lại mấy cái quảng cáo trên những ứng dụng khác quá dài và khó chịu?? bấm x thoát thì vô app, xong ra phải đợi 5-10 để thoát 1 lần hiển thị mà hiển thị 3-4 lần",3,Shopee,58,FALSE,neutral,,,
Thuan Nguyen,khuyên các bạn không nên thanh toán bằng thẻ tín dụng đối với mua hàng và thanh toán hóa đơn vì bị lỗi liên tục. trả góp cũng vậy.,3,Tiki,29,FALSE,neutral,,,
Nhân Lê Cát Trọng,"cần xem lại khâu giao hàng. thay vì hẹn giao dự kiến cách 3,4 ngày, hôm sau giao luôn rồi thì để cho khách hàng đánh dấu lựa chọn ngày giao trong khoảng thời gian tối thiểu đến tay. hàng từ nhiều kho bãi nhưng cùng 1 đơn phải đưa về cùng 1 shipper giao cùng 1 lúc. kh k rảnh mà canh ở nhà nhận 2,3 lần. không biết amazon nó giao thế nào nhưng thấy cách tiki giao hàng tôi vân khó chịu sao í. cũng vì đặt sách nên t đặt tiki chứ k thì.... tiếp thu và cải tiến đi nhé.",3,Tiki,105,FALSE,neutral,,,
Andy Tran,merge boss chơi tới cấp 30 bị lỗi. túi giấy xịn (lv4) không sản xuất dép mà lại sản xuẩt nón,3,Lazada,21,FALSE,other,,,
Lê Trọng Nam,"hồi năm 2020 sử dụng rất nhiều nhưng sau chuyển sang shopee vì gía rẻ và nhiều ưu đãi, nay thấy laz có nhiều game tích xu quay lại dùng thử ai dè giá vẫn cao, xu tích được thì không đổi được là bao. mất thời gian góp xu.",3,Lazada,50,FALSE,neutral,,,
Onlc VN,mua cùng 1 shop nhiều loại sản phẩm mà tính phí ship từng sản phẩm riêng.,3,Tiki,16,FALSE,negative,,,
Vuong Quoc. Bé nhỏ,chưa trải nghiệm tạm thời cho 3 sao.,3,Sendo,8,FALSE,neutral,,,
Mexe Guyn,tại sphip giao hàng quá lâu nên cho 3 sao hàng ở sài gòn tôi ở gia lai mà hai tuần mới giao được🤬 khó chịu vô cùng 🤬,3,Lazada,29,FALSE,negative,,,
Méo mèo Meo,"đăng nhập mãi không được, đăng ký xong vô đăng nhập nhập sdt thì lỗi chán chả muốn nói, tạo 1 tài khoản có nên phức tạp như vậy không mong app tiếp nhận và chỉnh sửa",3,Lazada,37,FALSE,negative,,,
cong thanh nguyen,"oke, mua hàng rẻ là gần như không ưng ý được",3,Shopee,11,FALSE,neutral,,,
dao Thuong,ghi địa chị giao hàng là cty mà canh 18h 19h mới giao hang. chắn thật,3,Tiki,16,FALSE,negative,,,
LA THỊ THƠM,nhiều mặt hàng của ứng dụng chưa được chất lượng cao và giao hàng chậm ko hài lòng,3,Tiki,18,FALSE,neutral,,,
không rỉ Mái nhẹ,"chế độ xử lý khiếu nại của khách hàng quá chậm, người bán cũng chỉ có cách chat với tổng đài, người mua cũng vậy. tội vạ đâu ông bán với ông mua chịu hết, ở giữa chỉ thu phế và phạt",3,Shopee,42,FALSE,negative,,,
Nghí Ha,chúc lazada càng nhiều người dùng đến 🥰🥰,3,Lazada,8,FALSE,positive,,,
Tấn Phát Đặng Trần,"rất tệ nếu so với lazada, shopee, tiki",3,Sendo,8,FALSE,negative,,,
Huyền Phan thị Thu,rẻŕrrrr,3,Lazada,1,FALSE,other,,,
yentruc pham,"sản phẩm chất lượng, nhưng thông báo bằng giọng nói vô cùng phiền, làm mình giật mình hoài, mong tiki tìm cách khắc phục.",3,Tiki,24,FALSE,negative,,,
Chi Nguyen,tiền hàng hơi đắt nhỉ cho ba sao thui,3,Lazada,9,FALSE,negative,,,
Ryan,app gì suốt ngày kêu relogin,3,Tiki,6,FALSE,negative,,,
Hoàng Văn Bốn,ứng dụng tiki này không dùng được trình đọc màn hình ứng dụng này không thích hợp với trình đọc màn hình nên những người khiếm thị không thể tiếp cận và mua sắm rất mong lập trình viên chỉnh sửa,3,Tiki,41,FALSE,neutral,,,
Co Thuy,"shoppe quan lý kém quá, dạo này đặt hàng toàn hàng kém chất lượng, giao sai hàng, ngta cần mới đi mua, cái gi cũng hoàn tiền điều này tôi hk thích",3,Shopee,32,FALSE,negative,,,
Hữu Cường,"khâu chuẩn bị và giao hàng của tiki chậm khủng khiếp, thêm 2 đơn vị vận chuyển liên kết là jnt và njv thuộc top vận chuyển chậm nhất ở việt nam",3,Tiki,32,FALSE,negative,,,
Dung Lê Thị Ngọc,3zc g4,3,Sendo,2,FALSE,other,,,
Rino,phí vận chuyển cao quá,3,Tiki,5,FALSE,negative,,,
Phát Nguyễn Ngọc Anh,lag ko đặt đc mẹ z,3,Shopee,6,FALSE,negative,,,
Thị Liền Nguyễn,cũng cũng đôi khi hàng ko tới như đã hẹn nhưng vẫn tốt hơn ko tới và hàng đôi khi ko như trong hình ảnh nhưng tạm chấp nhận đc,3,Shopee,30,FALSE,neutral,,,
Mai Linh Nguyễn,ko đăng nhập được cứ báo lỗi,3,Lazada,7,FALSE,negative,,,
Thanh Tuyền Đoàn,"mới tải được 5p ko ưng lắm, thứ 1 giao diện tuy xinh nhưng mặt hàng chưa đa dạng, giá thành cao hơn shop khác, tìm kiếm ko có hỗ trợ tìm kiếm hình ảnh ( mặt hạn chế ). mong đội ngũ it và đồ họa, nâng cấp ứng dụng lên chút",3,Sendo,53,FALSE,negative,,,
Hoàng Hải Nguyễn,"giờ áp dụng phải có căn cước và hình ảnh của ứng dụng trong khi ứng dụng khác không bắt buộc, căn cước mới không thể dễ dàng giao cho ai,lazada bắt đầu bị bỏ quên rồi.",3,Lazada,37,FALSE,negative,,,
Phan Dung,nv xmt tt =⁠-⁠ox2 r f đc=⁠-⁠o =⁠_⁠=:⁠-⁠$=⁠_⁠=,3,Sendo,8,FALSE,other,,,
Hieu Vo,"có thể xem lại, để người dùng, xem quy định rõ ràng hơn, xin cảm ơn",3,Lazada,16,FALSE,neutral,,,
Việt Vi Trọng,thời gian vận chuyển và giao hàng quá lâu.,3,Shopee,9,FALSE,negative,,,
CƠ TRƯỞNG OFFICIAL,update thêm thông báo nổi màn hình điện thoại đơn hàng đang vận chuyển và đơn hàng đang trên đường giao đến bạn,3,Shopee,23,FALSE,neutral,,,
Darius Lam,"dạo này hệ thống giao hàng toàn trễ hơn đã hứa, mà không có sự thông báo hoặc điều chỉnh thời gian trên app. làm người mua chờ đợi vô ích, không biết hàng của mình ở đâu.",3,Tiki,38,FALSE,negative,,,
Huệ Alter,"thanh toán bằng app hay bị lỗi, phải đổi sang website thì mới hết lỗi",3,Tiki,15,FALSE,negative,,,
Nguyễn Khắc Uy,cty hàng đầu vietnam về công nghệ mà làm cái app nhục thật,3,Sendo,13,FALSE,negative,,,
Trúc Thanh,tạo acc mới app mã vô sao lại hủy đơn của tôi?????,3,Shopee,12,FALSE,negative,,,
hùng nguyễn,ko mua đồ dc,3,Tiki,4,FALSE,negative,,,
Vankha Vo,không hài lòng đặt hàng gửi hàng ko đúng yêu cầu ko cho đổi lại,3,Sendo,15,FALSE,negative,,,
Dung Bui,kh ổnn mua hàg 39k tìn síp 50k=)),3,Lazada,8,FALSE,negative,,,
Trong Nguyen Thanh,"load app chậm, giao diện tạm ổn, thiếu thông tin sản phẩm hình ảnh, danh mục chưa hợp lý khó tìm kiếm, bổ sung thời gian review sản phẩm,...",3,Tiki,29,FALSE,negative,,,
Ngọc Linh Nguyễn,có một số làn nói là giao hàng chậm so vs ngày bth thì đc nhận voucher15 k mà có bao h đc nhận đâu. cách rút tiền trong số dư tài khoản shoppee rất phức tạp mong đc cải thiện hơn về các vấn đề trên ạ,3,Shopee,48,FALSE,negative,,,
Hoàng Huy,em mua 10 chai có giảm giá ko có miễn xiêp không,3,Lazada,12,FALSE,neutral,,,
Quang Minh Nguyen,chưa đặt hàng nhưng đánh giá trước,3,Lazada,7,FALSE,neutral,,,
Laik Ng,"app qua lag, tải chậm. cần tối ưu hơn, tránh ảnh hưởng cảm xúc tiêu dùng",3,Sendo,16,FALSE,negative,,,
Huệ Như Trần,nhập số đth mà ko nhập đc tại cái số đth mà lo mua hàng đc,3,Shopee,16,FALSE,negative,,,
Long Nguyễn,gì cũng ổn nhưng ghét nhất là giao hàng lâu vc,3,Shopee,11,FALSE,neutral,,,
Nguyễn Hoàng Trang,lag,3,Sendo,1,FALSE,negative,,,
Thom Nguyen,hình ảnh xem cũng được đẩy. chất lượng chưa biết ra sao.tôi đặt hàng 3 lần vẫn chưa giao.,3,Lazada,19,FALSE,neutral,,,
Lan Đỗ,nên sử dụng,3,Shopee,3,FALSE,positive,,,
Gấu Béo (GấuBéo),giao hàng cẩu thả + giao hàng rất chậm. không hài lòng và đã gỡ ứng dụng. nhưng vẫn cho 3* vì là ứng dụng của người việt nam,3,Tiki,29,FALSE,negative,,,
Mai Mai,lazzada giờ ship cao vá chỉ có tiktok ngon hơn,3,Lazada,10,FALSE,negative,,,
Ro Hi,app gần đây hay bị treo.,3,Tiki,6,FALSE,negative,,,
Duong Thai,"trên app lazada có phần tin nhắn của các shop gửi cho chủ tài khoản rất là dở, mỗi lần vào app là xóa mỏi tay mới hết, tôi đã xem và xóa rồi hôm sau lại thấy.. ban lãnh đạo của lazada không thấy doanh số sụt giảm hay sao mà không cải thiện, giá cao, cước vận chuyển cao , giao hàng chậm, có nhiều shop mạo danh.. hãy học hỏi shopee nếu không thì mất hết khách hàng",3,Lazada,81,FALSE,negative,,,
Nghi Nguyen Thi Mong,app dạo này đơ cứng ngắt thấy bực,3,Tiki,8,FALSE,negative,,,
lâm hồ,"mới tải về mua hàng thì gặp sự cố, đặt hàng từ ngày 10/1/2022 đến 20/1/2022 chưa thấy giao hỏi shops thì nói đã chuyển cho bưu cục rồi nhưng không có ai giao,tôi mua trên shoppee và lazada nhiều rồi muốn mua thử bên sendo nhưng thật sự thất vọng...",3,Sendo,51,FALSE,negative,,,
ɴɢᴜʏễɴ Đứᴄ ᴛɪếɴ,trong mùa dịch này tại sao cùng một shop mà sản phẩm này lại giao được còn sản phẩm kia lại giao không được,3,Tiki,24,FALSE,negative,,,
TUÂN Nguyễn,chua biet sao tam cho 3 sao,3,Tiki,7,FALSE,neutral,,,
Mac Gia Huy 3/13,tt dùy ta tựu ty tay thì làm gì để e đã ttố có thể thao và yruy tt tay tự ty uiee,3,Lazada,23,FALSE,other,,,
Tú Hảo Nguyễn,hang hoa rat tot,3,Tiki,4,FALSE,positive,,,
Dụng Ma,"ít vouch,giao hàng lâu,shop có thái độ k tốt ạ",3,Sendo,10,FALSE,negative,,,
thanhh traa,giao hàng chậm 🤦‍♀️ đặt hàng hồi 8.2 mà 22.2 mới giao là sao 🙎‍♀️,3,Tiki,15,FALSE,negative,,,
Vũ Võ,lúc trước tôi chuyên mua hàng ở đây... nhưng bây giờ chuyển qua chỗ khác rồi. cái gì có địa chỉ có số điện. mà bắt nhập mật khẩu mới đặt hàng được. lúc trước không có. lu bu quá,3,Lazada,40,FALSE,negative,,,
quý kim,cập nhật hoài,3,Lazada,3,FALSE,negative,,,
Trần Doanh,đã 3 lần bị hủy đơn hàng.,3,Lazada,7,FALSE,negative,,,
Loan Trang,tôi thích shoppe hơn,3,Lazada,4,FALSE,negative,,,
Huệ Phạm,"dạo này tiki kiểu làm sao vậy , suất ngày bắt đăng nhập muốn mua đồ nhìn thấy chứ đăng nhập mất hứng ko muốn mua hàng rồi",3,Tiki,28,FALSE,negative,,,
Kobtgihet,siêu nhiều shop đểu,3,Shopee,4,FALSE,negative,,,
Phước bình Bhikkhu,có đại tạng kinh pali vậy mà tra tìm 2 lần không ra. phải qua shopee mua đắt hơn 500.000. nhiều mặt hàng khác cũng vậy. hay ra kết quả không mong muốn,3,Lazada,33,FALSE,negative,,,
Hà Lê Thị,vì nó giao hàng kh chất lượng,3,Shopee,7,FALSE,negative,,,
Định Đạng,thua shoppee,3,Lazada,2,FALSE,negative,,,
Huong Lo,rât oke,3,Sendo,2,FALSE,positive,,,
Đạt Lê Minh,hàng hoi dat tiền hơn mấy shop khác.co điều shop cho kiểm hàng cũng đỡ được phần nào.tam cho 3 sao,3,Sendo,21,FALSE,neutral,,,
Phương dang,"đặt hàng thì bị khoá khoảng k cho chúng tôi đặt ,như chúng tôi k vi phạm j ht",3,Shopee,19,FALSE,neutral,,,
Đô Võ vạn,không giảm giá,3,Lazada,3,FALSE,other,,,
Nguyễn huy,giao hàng cái l gì lần nào cũng gặp sự cố báo không giao đc,3,Lazada,15,FALSE,negative,,,
Hai Anh,khá ổn nếu có thể chuyển xu thành tiền vào tài khoản thì ok hơn,3,Lazada,15,FALSE,neutral,,,
Nhat Thai,cãi thiện tốt sẽ nhận được đánh giá tốt. tạm thời 3 ⭐⭐⭐,3,Shopee,13,FALSE,neutral,,,
Thanhquan Tran,mới dùng nhưng thấy ổn,3,Sendo,5,FALSE,neutral,,,
Bảo Bảo,hi vọng lzd sẽ cải tiến hơn. vẫn nhớ mấy năm trước mình chỉ mua trên lzd mà giờ app xuống cấp quá. mình nghĩ lzd nên làm gì đó thu hút thêm người bán với đẩy mạnh tiếp thị liên kết đi ạ; game dạo này cũng chán lắm làm mình muốn bỏ luôn rồi,3,Lazada,56,FALSE,neutral,,,
Thanh Nguyễn,tạm,3,Tiki,1,FALSE,neutral,,,
Tú Nguyễn,không xem được đường đi đến đâu như shopee chứ xem kiểu kia cug chả biet đến đâu,3,Lazada,18,FALSE,negative,,,
vinh tong,"mong ad tăng tiền lazrewards phần nhận gạo ở nơi khác không có, vì giá đền quá thấp mong ad cho 20k lazrewards",3,Lazada,23,FALSE,neutral,,,
Yến Nhi Phạm,"tiki bảo là giảm 30% cho khách hàng đầu. tôi mua đơn hàng 297k giảm 30% thì phải còn 208k nhưng tiki lại trừ 50k, chưa học toán à?",3,Tiki,29,FALSE,negative,,,
Yuuki Konno,"tệ, app lag, nhiều video quảng cáo gây khó chịu, theo dõi người dùng, muốn mua đồ rẻ phải mất nhiều thời gian, càng ngày càng câu giờ",3,Shopee,28,FALSE,negative,,,
Chí Công Dương,hàng về tới trung tâm mà ship ko lấy để giao từ lúc đặt đơn tới 7 ngày mà chưa nhận được hàng,3,Shopee,23,FALSE,negative,,,
Hải Thành Hoàng,không đăng nhập được tài khoán,3,Sendo,6,FALSE,negative,,,
Nguyen Tan Thanh,"ko cài được! download đc 93%, ko chạy nữa",3,Tiki,9,FALSE,negative,,,
Vinh Tran,app chậm chạp quá,3,Tiki,4,FALSE,negative,,,
thien nguyen duc,lúc trả hàng cảm thấy không được hỗ trợ. không có nhân viên nào hỗ trợ khi bị từ chối trả hàng mặc dù hàng bị sai.,3,Lazada,27,FALSE,negative,,,
Huy Tran,ko biêt chô gio hang,3,Sendo,5,FALSE,negative,,,
Ngoc Bao,"yêu cầu có tính năng đổi hàng, tức là giao hàng không đúng ý thì được đổi lại hàng mới chứ để như bâyh thấy phiền quas",3,Shopee,27,FALSE,negative,,,
Ngọc Hân Trần,"shopee nhìn vậy mà ko được .khách trả hàng mà không kêu ai tới lấy . nhắn shipper quen thì không trả lời.xong không trả hàng được hủy yêu cầu , mà tiền thì mất không trả hàng được . làm ăn kiểu này à",3,Shopee,45,FALSE,negative,,,
Tấn Nguyễn,"sao mỗi lần vào là cứ ở trang video&live? mất thời gian, còn tự giảm âm lượng xuống nữa.",3,Shopee,19,FALSE,negative,,,
Nhật Vy Hàng,"mong là tiki xem xét về cách gói hàng ạ 🥲 , không có bọc chống sốc móp hết cả sách",3,Tiki,21,FALSE,negative,,,
Cẩm Tú Nguyễn,nếu có thông tin shipper nữa tốt r,3,Shopee,8,FALSE,negative,,,
Nguyễn Van Trung Nguyễn,toàn lỗi m02,3,Shopee,3,FALSE,negative,,,
Trí Phạm,không có xã hoàng phong,3,Lazada,5,FALSE,negative,,,
Philippe Phạm,"tôi có 1 thắc mắc trong game style star. một mẫu áo khoác cấp 4 mà tôi vẫn mãi không mua được mặc dù tôi đã đến cấp 6, nhưng nó lại tất quan trọng với các nhiệm vụ kiếm xu. điều này thật sự rất thiệt thòi với tôi. làm ơn hướng dẫn hoặc làm gì đó giúp tôi với!!! làm ơn hướng dẫn giúp tôi mua chiếc áo đó với!",3,Lazada,72,FALSE,neutral,,,
Thái Sơn Nguyễn,tôi không có tài khoản ngân hàng mà nay không cho tôi trả tiền lúc giao hàng nên tôi hoàn toàn không còn muốn mua sắm trên sendo nữa,3,Sendo,29,FALSE,negative,,,
Duy Bùi,đơn hàng của tôi thông báo là sẽ giao sau 3 ngày mà cả tuần rồi vẫn chưa có hàng🙁,3,Tiki,20,FALSE,negative,,,
Thu Oanh Nguyễn,"lazada không quản lý tốt shop bán hàng. cho shop lên giá sản phẩm siêu rẻ 1.000đ rồi báo kg có hàng, tự do hủy đơn khách. một trãi nghiệm cực kỳ tệ.",3,Lazada,33,FALSE,negative,,,
Hương Loan,"những đánh giá 1 sao, không bao giờ được xét duyệt. ứng dụng không trung thực với khách hàng. có hàng dỏm thì khách hàng khác không biết được.",3,Tiki,29,FALSE,negative,,,
Thị tố Trần,giao hàng chậm người giao hàng kiểu ko muốn giao hàng làm ăn dị đó,3,Sendo,15,FALSE,negative,,,
Văn xuân Võ,app tốt nhưng nhân viên giao hàng hơi thái độ và cáo gắt!,3,Lazada,13,FALSE,neutral,,,
Hoailong Nguyen,ăe,3,Lazada,1,FALSE,other,,,
Kien Dien Duyên,shop tự cho hủy đơn hàng,3,Shopee,6,FALSE,negative,,,
cà chua,như v thôi,3,Tiki,3,FALSE,other,,,
Văn Trí Võ,hơi lâu à 4 saothoi,3,Lazada,5,FALSE,neutral,,,
Như Trà,oke thích mua đồ trên đây,3,Shopee,6,FALSE,positive,,,
Tuyền Nguyễn,rất tiện lợi xong nhiều tin nhắn quá gây phiền hà cho khách hàng nhất là khâu cskh nhắn hỏi đi hỏi lại quá nhiều đến độ mà phải cắt ứng dụng .cám ơn,3,Sendo,34,FALSE,neutral,,,
Quan Lena,dạo này sendo giao hàng lâu quá. từ bình tân giao qua q11 mà nữa tháng hơn chưa thấy hàng. giờ nhiều nhiều ứng dụng giao hàng bình thường lại rồi. đâu có ảnh hưởng gì dịch đâu mà giao hàng lâu quá. muốn mua món hàng nào tiếp theo cũng e ngại,3,Sendo,53,FALSE,negative,,,
Phương Trần,"shop không có hàng, nhưng vẫn đưa lên, yêu cầu shop có hàng hãy đưa lên. làm người mua phải chờ đợi. để rùi lại tự hủy. nt shop. shop ko trả lời",3,Tiki,33,FALSE,negative,,,
Dương Nguyễn ánh,nên cho thành toán khi nhận hàng là hợp lý nhất vì có nhiều khách hàng họ chưa tiếp cận được với những hình thức thanh toán bằng thẻ tín dụng,3,Lazada,31,FALSE,negative,,,
Duy Lê Hồng,"không đánh giá được quá trình giao hàng. ví dụ: giao hàng chậm, thái độ nhân viên v.v.",3,Tiki,18,FALSE,neutral,,,
Châu Ngô Minh,c ! ô. cffươư<% vhsdfđfdfrfffrfdrơfsde!chưa. ơi chào,3,Sendo,7,FALSE,other,,,
Sung Sai,tốt như đặt hàng ko đc,3,Shopee,6,FALSE,neutral,,,
Du lịch cù lao Mây Tám trong,"tạm duoc,giao hang cham,",3,Sendo,4,FALSE,neutral,,,
Hường Huỳnh,hơi phiền ạ,3,Lazada,3,FALSE,neutral,,,
Thành Luân,chức năng tìm kiếm sản phẩm quá tệ!,3,Sendo,8,FALSE,negative,,,
Hồng Phong Vũ,ko tải về đựơc,3,Tiki,4,FALSE,negative,,,
AFKTV.,tôi đăng ký facebook mãi vẫn không được,3,Tiki,8,FALSE,negative,,,
N TT,kết quả tìm kiếm sản phẩm thua xa shopee,3,Tiki,9,FALSE,negative,,,
Duong Nguyen Tran Hoang,ủng hộ app việt hàng việt,3,Sendo,6,FALSE,neutral,,,
Nhi Trúc,"tiki đừng nói từ tốt và nhanh nữa. khi các shop đang ở trong ứng dụng của mình mà ko kiểm soát được. đặt hàng thì mấy ngày trời trong diện ""đang xử lý"". rồi một ngày đẹp trời các shop hủy đơn của khách với 1 lý do vô lý. và thêm nữa mới đặt cái túi đây. đặt 1 đằng giao 1 nẻo. thiết nghĩ mình đã mở ứng dụng thì nên chú tâm vào nó.",3,Tiki,78,FALSE,negative,,,
Gia Huy Nguyễn,giao hàng lâu hẹn ngày này 2-3 ngày sau mới giao làm lỡ hẹn,3,Shopee,14,FALSE,negative,,,
Phong Phạm Thanh,khá lag,3,Lazada,2,FALSE,negative,,,
Phạm Văn Duyên,"đơn hàng bị hoàn không có lý do chính đáng, thất vọng.",3,Tiki,12,FALSE,negative,,,
Tuan Anh,"tiki làm ơn đi hãy fix, mỗi khi vào mục mua hàng là bị đơ đi. tôi rất muốn mua hàng ở tiki nhưng cứ như này thì tôi rất thất vọng luôn ấy",3,Tiki,34,FALSE,negative,,,
Huy Huy,"chưa mua loại này bao giờ,hi vọng rằng sẽ sản phẩm giống như hình ảnh",3,Lazada,15,FALSE,negative,,,
my tr,hàng hơi đắt và không đúng ý mình.,3,Sendo,8,FALSE,negative,,,
Nu Nguyễn,khó đặt hàng.,3,Shopee,3,FALSE,negative,,,
she's caled Hoa,cần điều chỉnh giá cả hợp lý phù hợp với nhu cầu sử dụng của người dùng.,3,Sendo,17,FALSE,negative,,,
Cẩm Ngọc,bị m04 tất cả acc kh sử dụng dc nã giảm thatvong,3,Shopee,12,FALSE,negative,,,
Hoàng long Nguyễn,shop ơ đây bán đô mắc wa cùng 1 sản phẩm ơ lazada vs shopee bán re hơn rât nhìu,3,Sendo,20,FALSE,negative,,,
Người dùng Google,mua cái gì cũng đắt ko dám mua trên tiki,3,Tiki,10,FALSE,negative,,,
Đức Đào Xuân,xem lại shoppe kéo thả,3,Shopee,5,FALSE,neutral,,,
Tâm Lê,mua sắm online tiky cũng rất tiện như có một vấn đề nhiều khách hàng quan tâm và lo ngại đó là soop tmđt tiky ko biết giữ khach h của mình và nghiêng về mấy chu sản phẩm là ko cho k h đồng kiểm bởi vậy thiệt hại k h phải chịu đã bỏ tiền ra mua khi nhận mà ko biết là mình nhận được gì trong đó nieu may gặp đc chu hàng có tâm th còn nhận được sp dùng đc còn ko có tâm thì mất t rồi mất thời gian đi vứt thể sko bực mình gặp mấy lần rồi,3,Tiki,107,FALSE,neutral,,,
Movement,giao hàng nhanh nhưng chuẩn bị hàng lâu,3,Lazada,8,FALSE,neutral,,,
Huy Nguyen,không có tìm kiếm bằng hình ảnh nên tải về lại gỡ ngay.,3,Tiki,13,FALSE,neutral,,,
Sanny Nhuyễn,hông biếc nữa,3,Sendo,3,FALSE,neutral,,,
Chann Ngwi,mình mở vào sao nó có nhiều quảng cáo lắm,3,Lazada,10,FALSE,negative,,,
Phuc Nguyen,êweeeew,3,Lazada,1,FALSE,other,,,
thuy vu,mình đọc thông tin đc thanh toán bằng viettel pay nhưng khi mình thanh toán có thấy trong mục thanh toán k có viettel pay,3,Tiki,25,FALSE,negative,,,
Hai Tran,"sao 2,3 ngày lại bắt đăng nhập lại, phiền phức",3,Sendo,10,FALSE,negative,,,
Quỳnh Đinh,"gần đây ứng dụng rất thường xuyên bị đứng, không lướt xem được",3,Tiki,13,FALSE,negative,,,
Thức Lò,phí ship cao,3,Sendo,3,FALSE,negative,,,
Shinichi Kudo,cho mình hỏi hàng trên shop này thực tế có giống với hình ảnh không,3,Lazada,15,FALSE,neutral,,,
Trang Tran minh,tốt mà,3,Tiki,2,FALSE,positive,,,
Hồng Hạnh,mong muốn lazada có lại phần like xem video làm nhiệm vụ nhận xu. dễ dàng và tiện lợi hơn.,3,Lazada,20,FALSE,neutral,,,
Long Nguyen,"thông tin sản phẩm không đồng bộ. hiển thị ở danh sách khi search thì khác, vào xem chi tiết sản phẩm lại khác. và còn nhiều lỗi khác",3,Lazada,29,FALSE,negative,,,
Hoa Trannguyen,"nhưng không thích bằng tiki. vì shoppe nhiều người bán hàng lừa đảo. nhiều người phản ánh nhưng shoppe chả thèm xử lý , y như tiếp tay bọn lừa đảo ...",3,Shopee,32,FALSE,negative,,,
Ngân Nguyễn,nó ko như quảng cáo nha=)))ko phải giao hàng 2 tiếng đâu nha,3,Tiki,13,FALSE,negative,,,
Hung Ha San,"bỏ cái vô shopee là vô clip đi được không?được mấy tuần tình trạng còn tệ hơn. vô app là tự nhiên có âm thanh ở đâu ko biết. đã hỏi và làm theo hướng dẫn, rồi vẫn vậy. tình trạng này là sao app???",3,Shopee,45,FALSE,negative,,,
Fanxico Nguyễn,"tiki nên nghiêm khắc với các shop vì nhiều shop cố tình giao dịch ko đúng hàng, để làm phiền khác khi đổi trả rất mấy thời gian, và khách buộc phải lấy hàng.",3,Tiki,34,FALSE,neutral,,,
Kabi Huy,có cái mục nhận thưởng thôi mà làm nhiệm vụ cứ lag hoài... cả 6 tháng trời tới nay ngày 19/11/2021 vẫn cứ lag. chán thật sự.,3,Tiki,27,FALSE,negative,,,
hoàn hồ,mua sắm thì ship nhanh nhưng giao diện khó sử dụng. mua hàng xong thấy thông báo đánh giá được 1k xu nhưng đánh giá xong chẳng thấy gì...,3,Tiki,29,FALSE,negative,,,
Hoàng Hải Bùi,đơn hàng thanh toán trước hay bị giảm ưu tiên giao hơn các đơn cod,3,Shopee,15,FALSE,negative,,,
Lê Vân (Violet),vải ko đẹp. áo hơi nhỏ ngắn,3,Tiki,7,FALSE,negative,,,
Khoa Truong,"bất tiện đủ thứ ,",3,Sendo,5,FALSE,negative,,,
Min Yu,mình nghĩ sendo nên kiểm duyệt chủ shop kĩ càng hơn. mình bị lừa đảo 2 lần cũng từ app sendo. bây giờ sợ không dám tải app về nữa.,3,Sendo,30,FALSE,neutral,,,
hieu nguyen,uy tín cũng đươc,3,Sendo,4,FALSE,neutral,,,
Lâm Nguyễn,không hiểu sao giờ tiki không cho xem hàng. hộp đựng đưa đến tay bẹp dí còn dính đất mà không cho xem. thế thì ai nhận. rồi đừng giống lazada shoope,3,Tiki,32,FALSE,neutral,,,
Nguyễn Thị Thu,hàng chưa nhận đc mà bảo nhận đc hàng,3,Shopee,9,FALSE,negative,,,
Ngọc Thạch Nguyễn,"mình đang xài ứng dụng thì gặp thông báo lỗi và khi xóa đi tải lại vẫn bị lỗi, mới đầu tưởng mạng bị lag nhưng không ứng dụng bị lỗi không hoạt động. hi vọng đội ngũ kỹ thuật bên tiki sớm khắc phục lỗi này sớm để mình thoải mái mua hàng trong ứng dụng ạ.",3,Tiki,58,FALSE,negative,,,
vucong hieu,làm ơn tìm hộ em máy chơi game 4 nút nhé cảm ơn mn,3,Sendo,14,FALSE,other,,,
Tho Truong,sẽ luôn có sự so sánh ở đây. ví dụ app sendo giao hàng nhanh hơn. nhân viên giao hàng nhiệt tình. lần đầu đặt tiki nv giao hàng quá ngu dốt. đi giao giờ hành chính đến nơi mới gọi thì đâu phải khi nào cũng có ng ở nhà đâu. mà ai biết bạn đến mà chờ. báo 10h đưa thì tận 12h k thấy. rồi báo giao k thành công. do bạn giao k đúng hẹn. k có lịch giao mà đâu phải ng mua từ chối hay lỗi hẹn. thương shop bán thôi chứ làm việc với bọn giao hàng này đau đầu vl.,3,Tiki,108,FALSE,negative,,,
Minh Le,"mọi thứ đều ổn nhưng app lại báo ngày nhận hàng sau,shipper điện tới gọi nhận hàng mà trong app lại ghi 21/8 mới nhận được,khó chịu",3,Lazada,27,FALSE,neutral,,,
Ro Si,nhỏ live cũng ko đc hả đâu phải lừa đảo đâu mà phải sợ show lừa đảo,3,Sendo,17,FALSE,other,,,
Nụ Nguyễn,cứ hiện đánh giá suốt trong khi không muốn đánh giá nên cho 3 sao thôi,3,Sendo,16,FALSE,neutral,,,
Phúc Huỳnh,"gửi shoppe, dịch vụ rất tốt nhưng 3 sao này là 1 số thành phần trong nói thẳng tên luôn là trần chánh lập rất mất dạy địa chỉ đặt ở phía sau lại giao phía trước, chỉ hướng đi chưa nghe rõ thì lo cúp máy rồi đi sai rồi gân cổ lên chửi khách",3,Shopee,56,FALSE,neutral,,,
bảo trâm trần,"cũng được nhưng những đơn 0 đồng 1 , 2 đồng ko thấy giao rất bực mình 😡bao công sức thức đêm mà ko nhận đc😡😡😡",3,Shopee,26,FALSE,neutral,,,
Trung Nguyen,"xem hàng thì thấy free ship, nhưng khi đặt mua hàng thì bị tính tiền ship",3,Lazada,16,FALSE,negative,,,
Dinh Thanh Dat,phần theo dõi đơn có thể lướt trái phải để xem đơn sẽ tiện hơn là cứ phải quay lại rồi chọn đơn khác để xem.,3,Tiki,26,FALSE,neutral,,,
Du Hoang,tôi thấy tôi không có lỗi gì cả nhưng phần mềm này nói tôi vi phạm đặt hàng và không cho sử dụng voucher mà nó cho khi tôi đăng nhập. cập nhật: lỗi đó tạm thời được khắc phục. hy vọng không lập lại lần sau.,3,Lazada,47,FALSE,neutral,,,
Anh Thư Lương,shoppe dạo này kém quá vào toàn bị thoát ra chán nản quá mong là sớm khắc phục lại,3,Shopee,19,FALSE,negative,,,
ty cuong,dùng hay và rất tiện dụng trong gia đình các bạn nhé xin cảm ơn,3,Sendo,15,FALSE,positive,,,
Xoan Lê,êââêêêêâê,3,Sendo,1,FALSE,other,,,
Hue Anh,ứng dụng bớt quảng cáo lại với tiền ship mắc đơn 400k mà ship tận 2 triệu ăn cướp à,3,Lazada,20,FALSE,negative,,,
Văn Lượng Trần,lỗi gõ chữ,3,Sendo,3,FALSE,other,,,
Kim Anh Phùng,giao hàng lâu ớn,3,Shopee,4,FALSE,negative,,,
Ch Play,giao hàng quá lâu đặt tới 1 tuần vẫn chưa về mọi người nên cân nhắc,3,Lazada,16,FALSE,negative,,,
Thanh Hang,tất cả đều ok nhưng gói hàng quá kém,3,Tiki,9,FALSE,neutral,,,
Thảo Nguyễn,"tiki thân mến, dù không biết tại sao nhưng tiki có thể ngưng quảng cáo gợi ý mua poster của ngô diệc phèm 2p hơn và khỉ chúa dương tử chuyên sỉ lẻ đường👅🐂được không ạ. ngày nào lướt fb cũng gặp, web hay app khác cũng gặp, tiki có biết đêm về em sợ gặp ác mộng lắm hong? poster ế quá cất hong kịp nên phải chạy quảng cáo chăng? xoá tiki rồi mà tiki vẫn chạy quảng cáo poster 2 vị này nên tải lại để góp ý cho tiki đó. mua hàng ổn áp mà về phần gợi ý mua sắm thì cần coi lại gấp ạ¯\_( ͠° ͟ʖ °͠ )_/¯",3,Tiki,115,FALSE,other,,,
Hải Yến Nguyễn,sao tải nâu thế nhỉ,3,Tiki,5,FALSE,negative,,,
Trí Bnướch,vâng,3,Lazada,1,FALSE,other,,,
Phương Hoa Nguyễn,load hơi chậm,3,Shopee,3,FALSE,negative,,,
Đức Trinh,hay hủy đơn của khách và giao hàng lâu,3,Sendo,9,FALSE,negative,,,
Linhchi Duong,"mã freeship nó ở đâu rồi sàn ơi, nội thành tphcm có 3 cuốn sách ship 38k, chọn giao tiêu chuẩn còn lên hẳn 46k quá chời rồi.",3,Lazada,28,FALSE,negative,,,
Khánh Phương,nhân viên tư vấn online tư vấn rất chậm.,3,Tiki,9,FALSE,negative,,,
Dương Thùy Linhh's,thật sự chất lượng giao hàng khá tệ. những đơn vị vận chuyễn đã giao đó đến giờ mà lại giao cho dvvc khác . khá phiền phức khi phải ns đi nói lại mải . từ đó h t dc giao bời j&t vs lex vs giờ không thấy nửa. dù khá thích sàn laz nhưng tệ quá . cứ tệ xuống theo năm như này thì sớp muộn thua sàn cam,3,Lazada,73,FALSE,negative,,,
Đông Lê,ứng dụng khó hiểu không muốn nó là kém nhập cái muốn mua mà kết quả toàn ra cái khác,3,Tiki,20,FALSE,negative,,,
Ktrucc,không thể đặt hàng được,3,Shopee,5,FALSE,negative,,,
Mina Lee,"shopee nên nâng cấp hệ thống thông báo , cảnh báo sắp đạt giới hạn để người dùng họ chủ động tự kiểm soát hành vi nhận xu khi xem livestream thay vì hệ thống chặn không cho nhận xu nữa. hệ thống cứ báo "" ghi nhận họat động bất thường"" không cho nhận xu thưởng sau khi xem live trong khi người dùng không biết mình đã lỗi ở phần nào, sai quy định ở phần nào để còn biết mà sửa. ngoài ra cần có thông báo rõ ràng người dùng đã vi phạm lỗi nào và cách để hồi phục lại.",3,Shopee,105,FALSE,negative,,,
Tuệ Thanh,không hiểu tại sao vô app tạo acc là khóa ko sài đc app lun,3,Lazada,15,FALSE,negative,,,
minh nhật 12A6 Nguyễn,lâu lâuu bị lỗi còn phải đăng nhập lại,3,Tiki,9,FALSE,negative,,,
chung le,bên shop phản hồi lâu quá khiến khách hàng phải chờ đợi lâu,3,Sendo,13,FALSE,negative,,,
Ngọc nguyễn,tiki cần có chính sách ưu đãi tốt hơn để níu giữ khách hàng ạ,3,Tiki,15,FALSE,neutral,,,
HAI VO,tạm thời như vậy.sử dụng nhiều xem thế nào,3,Sendo,9,FALSE,neutral,,,
Anh tây và em khoai,giao hàng chậm. mặt nạ bé hơn suy nghĩ,3,Tiki,9,FALSE,negative,,,
Yjs Tsab,ko tìn đc vật mk yêu cầu,3,Tiki,7,FALSE,negative,,,
tudepzai ww,"ít đồ , ko bằng shope và lazada nhưng sài khá ok",3,Tiki,12,FALSE,neutral,,,
DIEM NGOC,khá ít sản phẩm,3,Tiki,4,FALSE,negative,,,
Du6 Gg,để tạm lần đầu dùng áp,3,Tiki,6,FALSE,neutral,,,
Kiênkakahaique NhuyễnTThe,"ứng dụng lazada 8.8 này gần đây xuất hiện quảng cáo quá nhiều trên ứng dụng ytube,và các ứng dụng xã hội,trên thiết bị của tôi,mỗi khi ứng dụng lazada này quảng cáo nó làm chậm các chủ đề khi tôi đang xem các chương trình video trên ứng dụng ytube,và các ứng dụng xã hội của tôi,tôi xin đề nghị các nhà quảng cáo như lazada xin hãy gỡ,và ít quảng cáo trên ứng dụng,và thiết bị của tôi,và tôn trọng quyết định của người dùng internet mạng cá nhân của tôi,điều này là vi phạm mạng cá nhân của tôi...",3,Lazada,102,FALSE,negative,,,
Lưu Ánh Dương,không được quay thưởng. cập nhật mới 2000 mới được 1 xu thay vì cũ 1000 = 1 xu. chả được bao nhiêu đồng còn giảm nữa? kiểu này thà không có còn hơn :d,3,Sendo,35,FALSE,negative,,,
Ngọc vinh Tran,ok giao hàng tốt,3,Sendo,4,FALSE,positive,,,
Nhut Pham,đang thử nghiệm chưa có ý kiến,3,Sendo,7,FALSE,neutral,,,
Chơn Lê,bớt quảng cáo lại là ổn,3,Shopee,6,FALSE,negative,,,
Dung Trần,đặt hàng luôn bị hủy,3,Shopee,5,FALSE,negative,,,
Thảo Mai,"mua hàng okay , nhưng t đánh giá 3s là vì vô nó lag vcl ra ấy đơ cái máy ra . lúc vô êm lắm , lúc vô thì nó lag nó đơ mấy giây . đề nghị shoppe sửa lại",3,Shopee,42,FALSE,neutral,,,
Vy Vy,ứng dụng như lon què đặt hàng giao khongg đúng mẫu v mà ship lại cao???,3,Lazada,16,FALSE,negative,,,
Tran Thanh YTB,đợt rồi mua hàng bực mình shipper mà vào phần hồ trợ khách hàng để chat có ảnh mà kg biết phản ánh ở đâu nữa. ad khắc phục như đợt trước. thanks ad !,3,Sendo,35,FALSE,neutral,,,
Võ Thành,shopee bị lỗi rất nhiều,3,Shopee,5,FALSE,negative,,,
Đăng Hải Nguyễn,lazada nên kiểm soát một số gian hàng nhận đơn nhưng không giao hàng đúng hẹn rồi sàn tự hủy đơn. rất khó chịu,3,Lazada,24,FALSE,neutral,,,
Quỳnh Thị,rất ok nha,3,Sendo,3,FALSE,positive,,,
Truong Xinh Fashion,mua hàng trên lazada cũng ok nhưng phí vận chuyển mắc quá,3,Lazada,12,FALSE,neutral,,,
Doanh Hoang,sao chúng tôi k tải đc,3,Shopee,6,FALSE,negative,,,
Doan Le,shoppe cần xác minh hàng chất lượng hay kém chất lượng để khách hàng phân biệt được hàng kém hay tốt,3,Shopee,21,FALSE,neutral,,,
Hưng Ngô,"suốt ngày nhảy đòi đánh giá -1* tìm kiếm sp trên sàn rất ngu, tìm toàn ra thứ linh tinh không phải thứ cần, hoặc có thể mọi từ khoá đã bị bán hết rồi, tìm đất trồng cây cũng phải nhét thêm ít mĩ phẩm vào :) trừ tiếp 1* phí ship hàng nặng khá êm, mua đá sỏi 1kg bên shopee với lazada nó tính 50-60k tiền ship trong khi sen đỏ auto 26k.:)",3,Sendo,76,FALSE,negative,,,
yến Nguyễn,"vô app lâu, mua hàng nhiều mà lướt cứ bị đứng, tải chậm, đang lướt thì ứng dụng tự tắt đá ra khỏi app luôn, phải vô tìm lại, rất mệt. còn cái giỏ hàng thì hạn chế, mình nghĩ nên cho thêm số lượng hàng hóa tích trữ dồn nhiều lại rồi mua một lượt cho dễ.",3,Shopee,58,FALSE,negative,,,
Bsuwi Gdndn,không vào được tài khoản vì lý do bị khóa đó bảo mật hay gì í 😔😔😔,3,Lazada,17,FALSE,negative,,,
Vân Tuệ,binh thuog,3,Sendo,2,FALSE,neutral,,,
huan dinh,nhiều mặt hàng con kém chất,3,Sendo,6,FALSE,negative,,,
Hương Lo,app này đắt vs cả ship cao,3,Lazada,7,FALSE,negative,,,
Van Nguyen,"đăng ký dễ dàng, nhưng ngày giao hàng hình như hơi lâu !?",3,Sendo,13,FALSE,neutral,,,
Phúc Huỳnh,qwerty qua quan,3,Sendo,3,FALSE,other,,,
Dạt Nguyễn Tiến,chả giống shoppe,3,Lazada,3,FALSE,negative,,,
Lc GAMES,tìm kiếm cái này ra cái kia chịu...,3,Sendo,8,FALSE,negative,,,
Lưu Mạnh Cường,ổn nhưng chưa có dark mode.,3,Shopee,6,FALSE,neutral,,,
truc anh nguyen,tự động hủy 2 đơn hàng mà kh trả lại voucher giảm 20k. ít nhất cx phải bồi thường cgi chứ😭🙏,3,Shopee,21,FALSE,neutral,,,
PTH ៚,ko có j đặc sắc ..,3,Tiki,6,FALSE,neutral,,,
Nghĩa Thanh,dù,3,Sendo,1,FALSE,other,,,
MT Vũ,"ứng dụng quá nặng, gây lad điện thoại đời cũ",3,Shopee,10,FALSE,negative,,,
Ngan Ho,"app chậm, lỗi liên tục",3,Tiki,5,FALSE,negative,,,
Quy Duong,tham khao thêm thời gian,3,Sendo,5,FALSE,other,,,
Văn ngoc Ho,thủ tục đặt hàng nhiều đặt mai ko đc chịu,3,Tiki,10,FALSE,negative,,,
Huy thắng Nguyễn,"tôi vừa đặt hàng bên bạn . mà tôi chưa nhận được hàng .chưa thanh toán, mà trên điện thoại đã báo là đơn hàng đã hoàn thành . thì tôi nên đánh giá mấy sao",3,Shopee,36,FALSE,negative,,,
Thônh Nguyễn,giào quá chậm,3,Shopee,3,FALSE,negative,,,
Âm thanh Dien tử,"yêu cầu thêm tính năng chặn vì có quá nhiều người mua ảo, và boom rất nhiều đơn, thậm trí người mua dùng vài ngày thì hỏng mà vẫn hoàn hàng. bán hàng thế chỉ có lỗ.",3,Shopee,37,FALSE,neutral,,,
Thuong Ton,hãy chặn việc thả link tùy tiện trong phần tin chat của app.,3,Shopee,13,FALSE,neutral,,,
Thu Bui,cũng dc,3,Shopee,2,FALSE,neutral,,,
Thị lan anh Võ,"mua ở tiki chỉ tin tưởng mỗi tiki tranding và các shop chính hãng thôi, còn mua vài lần ở những shop khác lần nào cũng bị lỗi, giao sai hàng,... phải hoàn trả hàng rất phiền phức, mong tiki xem xét lại vấn đề này, rà soát lại các shop lừa đảo để khách hàng có thể yên tâm mua sắm.",3,Tiki,62,FALSE,negative,,,
Saboy Hưng,mới tải app lazada đần đầu mới đc giảm giá,3,Lazada,10,FALSE,neutral,,,
Duyên Đỗ Thanh Mỹ,giáo hàng lâu kinh khủng luôn 🤧🤧,3,Sendo,7,FALSE,negative,,,
Saturday Lyn,mấy sản phẩm hết hàng cả năm nay chưa có hàng lại mà cứ hiện trong quảng cáo với các chương trình sale như đúng rồi... chán,3,Sendo,27,FALSE,negative,,,
Lanh Nguyen,nên cho bt địa chỉ của shop ở đâu chứ mình toàn bị đặt tận miền nam chờ dài cổ luôn,3,Tiki,21,FALSE,negative,,,
Hoan Mai,shop hết hàng. gửi sản phẩm khác mô tả. hoàn tiền chậm trễ. xem lại cách đổi trả của tiki,3,Tiki,20,FALSE,negative,,,
Van Dzung Lo,"tiki nên cho phép người mua để lại các món hàng trong giỏ hàng. vì nhiều khi muốn mua 1 món hàng thì phải bỏ hết các món hàng còn lại trong giỏ hàng. như vậy rất bất tiện. mỗi khi xem một món hàng xong trở lại thì lại phải xem lại danh sách các sản phẩm từ đầu, mặc dù đã xem rồi, đây là điểm khách hàng không thích nhất ở app tiki. mong app sẽ sớm cải thiện.",3,Tiki,82,FALSE,negative,,,
PHƯỚC TRỌNG DƯƠNG,giá thành quá cao...,3,Sendo,4,FALSE,negative,,,
duymanh ta,465. v v v v r. t. c 7c fce,3,Shopee,10,FALSE,other,,,
Hằng nguyễn,ukm,3,Tiki,1,FALSE,other,,,
Ngọc Trâm,mua hàng rẻ,3,Sendo,3,FALSE,neutral,,,
Truc Vo,"app chơi trồng cây cũng vui nhưng mà đi đâu làm gì cũng gặp qc của app trên youtube, rất là phiền, mong app chỉnh ít qc lại",3,Lazada,28,FALSE,neutral,,,
Đức Anh,giao hàng rất lâu ko thể chấp nhận:(???,3,Shopee,8,FALSE,negative,,,
Nguyệt Lưu,"công tâm mà nói sản phẩm của sendo rất chất lượng, nma app có quá nhiều bất cập ảnh hưởng đến người dùng. tạm xoá, nếu châts lương đc cải thiện sẽ tải lại sau",3,Sendo,35,FALSE,neutral,,,
Tin Pham,rất ok nh,3,Lazada,3,FALSE,other,,,
Thuy Ta,đồ rẻ mà ship dõ cao .,3,Lazada,7,FALSE,neutral,,,
Vũ Hoà,không ô kê lắm,3,Lazada,4,FALSE,negative,,,
Trọng Nguyễn,5 ạ x.oa5,3,Lazada,3,FALSE,other,,,
Yên nhi Nguyen,tạm thời để 3 sao,3,Sendo,5,FALSE,neutral,,,
Minh Khuê Lâm Vũ,"đặt hàng xong, chờ đợi hơn 10 ngày, nhận được thông báo từ lazada hủy đơn khách. cảm giác tệ hại từ lazada vì xem thường khách hàng, không tôn trọng khách hàng. hủy app lazada vĩnh viễn.",3,Lazada,38,FALSE,negative,,,
Huyền Nguyễn,"lazada bán hàng ko chuẩn,tôi mua 2 ô che mưa thì shop giao cho rôi có 1 chiếc",3,Lazada,18,FALSE,negative,,,
Ngọc tuyen Pham,"the visa ..6636 cua toi qua sendo xai binh thuong da giao dich thanh cong.khong hieu sao lazada lai hoanh hoe khong ban hang,khong hieu noi...!",3,Lazada,26,FALSE,negative,,,
CƠ TRƯỞNG OFFICIAL,ứng dụng nên bỏ đi hạn chế 200 lượt yêu thích thêm bản đồ lộ trình đang vận chuyển theo thời gian thực để người mua chủ động trong giao nhận,3,Lazada,31,FALSE,negative,,,
la hang,d trên mực nước mắt dd,3,Shopee,6,FALSE,other,,,
Vy Bàn thị phương,ở tiki giao hàng chậm hơn bên laz với shope,3,Tiki,10,FALSE,negative,,,
Lương Thưởng,"sendo nên cho khách hàng và chủ shop gửi được video để xác minh hàng lỗi hoắc bị vỡ. ngày 14/07/2021 mình mới nhận 1 đơn hàng giá 766k bị lỗi,, nhưng mà chủ shop cứ cãi là trest kỹ rồi.. chủ shop rất là tinh xảo khi che dấu lỗi.. nhưng mà may là mình đã phát hiện ra. giờ đang chờ sendo giải quyết.",3,Sendo,66,FALSE,neutral,,,
Long Sung,trả hàng đc 1 tháng rồi mà bây giờ vẫn chưa hoàn tiền được?,3,Shopee,14,FALSE,negative,,,
Phuoc Phuong,phí vận chuyển hơi đắt xíu...,3,Sendo,6,FALSE,negative,,,
Hinne,tải khoản của tôi ko đăng nhập đc vào để đăng nhập mà app cứ bảo tài khoản đã bị khóa,3,Lazada,21,FALSE,negative,,,
Bang Lưu,"mục chat với tiki quá to, không thể kéo vào ô x để tắt đi như messenger. 1 điểm trừ lớn vì toàn phải kéo tay thủ công tránh phần bị che khá bất tiện",3,Tiki,35,FALSE,negative,,,
Khanh Bao,"cùng chủ với shopee nhưng phí vận chuyển của laz đắt hơn. còn tình trạng nhiều shop bán đuợc sản phẩm rồi sau đó đóng cửa đổi tên làm người mua không thể đổi trả sản phẩm khiến tôi nghi ngờ chính sách của laz đang dễ dãi với bên bán mà bỏ qua lợi ích khách hàng? một số shop rao bán giá rẻ nhưng lại không giao khách hàng, chờ đợi hàng tuần để rồi cuối cùng shop tự ý hủy!!",3,Lazada,83,FALSE,negative,,,
Tiep Nguyen,tạm dc,3,Lazada,2,FALSE,neutral,,,
Linhchi 6A5,hủy đơn hàng nhiều quá mệt cực giao hàng còn lâu nữa,3,Shopee,12,FALSE,negative,,,
Phúc Nguyễn,"voucher lừa không , ghi rõ free ship mà khi đặt hàng mua vẫn tính tiền ship , các mặt hàng thì đắt hơn các app khác , khi dùng app mình chỉ thấy giao hàng nhanh và tích cực thôi còn lại thì chán chưa giảm giá sốc cho lắm có khí còn mắc hơn ở ngoài ☹️.",3,Lazada,59,FALSE,negative,,,
Động Nguyễn Tiến,phương thức thanh toán của khách hàng từ trước đến giờ như thế nào thì để nguyên như thế đừng tự ý thay đổi sang chế độ spaylater. lằng nhằng.,3,Shopee,30,FALSE,negative,,,
Thị Hoà Đào,rõ ràng quay được vòng thưởng giảm 100k rồi cuối cùng không được giảm thì làm ra vòng quay để làm gì vậy,3,Shopee,23,FALSE,negative,,,
Tu Nguye,bình thường tạm ổn,3,Sendo,4,FALSE,neutral,,,
Trưởng Đình,nhiều mặt hàng sau khi đến phần cuối cùng bước thanh toán lại cao hơn nhiều do với giá thị trường,3,Sendo,21,FALSE,negative,,,
Hùng Le Thanh,đuoc,3,Sendo,1,FALSE,neutral,,,
MyDu Chanel,"mọi thứ đều ổn chỉ từ không cài đặt thanh toán qua dấu vân tay được. mỗi lần vào mỗi lần đăng nhập rất bất tiện vì 1 ngày tôi vào rất nhiều lần, nếu không đăng xuất lỡ mất điện thoại là bị mua hết tiền vì thanh toán tự động chứ không đòi mk như bên shopee. tôi từng bị ở tk trước rồi, thời gian tôi đi làm lại sim, tìm đc đt khác để vào app thì quá muộn . nếu khắc phục được vấn đề này là 5 sao không có nhưng.",3,Lazada,97,FALSE,negative,,,
46 Thảo Vân,ứng dụng hay bị lỗi,3,Sendo,5,FALSE,negative,,,
Dung Tran,chăm sóc khách hàng kém,3,Sendo,5,FALSE,negative,,,
Phuc Lu Van,lỗi nhiều vkl,3,Shopee,3,FALSE,negative,,,
Thao Truong,mọi người đừng mua hàng ở đây ! ứng dụnh thường bi lổi ! đặc hàng rồi lại báo không xác nhận ! giao hàng cực kỳ chậm trể luôn !,3,Tiki,31,FALSE,negative,,,
Nguyễn Phi Sơn,giao hàng trong thời gian dịch bệnh rất lâu từ tháng 8 đến tháng 10 chưa giao mà tiki ko cho hủy đơn khi hàng đến tay có khi hết hạn sử dụng rồi,3,Tiki,34,FALSE,negative,,,
Thịnh Quốc,lỗi m04 hoài 😭,3,Shopee,4,FALSE,negative,,,
Vũ Hoàng,shopee không nên thoát các đơn hàng của khách hàng để ở giỏ hàng và để khách hàng không tìm thấy shop cũ để mua hàng lại cả để có nhiều shop bắt khách hàng hoặc cho bọn sấu lấy danh của một số shop để lừa đảo bảo khách hàng đặt cọc tiền để lên đơn hàng rồi không trả tiền và hàng cho khách hàng của mình khách hàng hỏi thì hủy bỏ và chặn trang trên facebook để khách hàng không tìm thấy để lên hệ lại như shop tổng kho điện máy viết tắt tkdm 247 đã bị hack để lừa đảo tiền khách hàng của mình,3,Shopee,111,FALSE,negative,,,
Big Skill,cần thêm phương thức thanh toán qua ví momo,3,Tiki,9,FALSE,neutral,,,
Diệp Phạm,"chất lượng ok, giao hàng hơi chậm. ko giao đc hàng cũng ít khi phản hồi",3,Sendo,16,FALSE,neutral,,,
Đông Hoàng,đăng kí gói tikinow cũng như không. lúc chưa đăng kí thì đễ giao nhanh mọi tỉnh. lúc đăng kí rồi chỉ giao nhanh được 3 tỉnh. đúng chán,3,Tiki,29,FALSE,negative,,,
Huyền trang Nguyễn,"đề nghị sendo xem xét lại cách giao hàng cho khách,giao hàng vì mà lâu quá",3,Sendo,16,FALSE,negative,,,
Bonsai Sơn Channel,ứng dụng hữu ích!,3,Sendo,4,FALSE,positive,,,
Văn Bường Đỗ,tôi thấy bình thường,3,Sendo,4,FALSE,neutral,,,
Anh Hoàng,ít sp. giá k ưu đãi,3,Sendo,6,FALSE,negative,,,
yen bui,"sản phẩm tốt, giao hàng sớm",3,Shopee,6,FALSE,positive,,,
Sa Triệu trường,tham gia cho vui xa vời khi dc trúng,3,Sendo,9,FALSE,neutral,,,
Benzen5 Le,"vào app, vào shop rồi trờ lại trang chủ cực kỳ lag, mong sớm được khắc phục",3,Shopee,17,FALSE,negative,,,
Thư Quỳnh,tệ quá tr!bao bì ship về thì rách nát bị khui tùm lum?trễ tận 5 ngày liền?,3,Shopee,17,FALSE,negative,,,
Khoa Music,g thì thôi chứ,3,Tiki,4,FALSE,other,,,
Tien Ha,"cho 3 sao vì đã đi đầu trong việc sử dụng blockchain có token riêng cho thấy sự khác biệt của thương mại truyền thống , nhưng có điều nạp tiền vào để đầu tư cho tiki mà nạp được nhưng không có chỗ rút tiền . app lớn mà làm awnnkyf cục vậy hàng hoá thì đắt hơn sàn khác cùng loại được cái giao hàng nhanh, uy tín, hay vào mua sách là chính",3,Tiki,76,FALSE,neutral,,,
Thinh Khuong,cái gì cũng rẻ cái nào tiện ủng hộ shop nha,3,Shopee,11,FALSE,positive,,,
Sơn Phạm,mất tiện ích nhận xu rồi dev ơi,3,Lazada,8,FALSE,negative,,,
Đào Đức Trung,trải nghiệm ứng dụng chậm và quá khó khăn.,3,Tiki,9,FALSE,negative,,,
Thị Phượng Phạm,shipper thường xuyên tự hủy đơn hàng của khách,3,Shopee,9,FALSE,negative,,,
TOAN Nguyenvan,shopee trước đây rất ổn. bây giờ quá tệ,3,Shopee,9,FALSE,negative,,,
Thanh Tuấn Nguyễn,app hơi lỗi không nhận thẻ cào hàng ngày được mặc dù đã làm xong nhiệm vụ hàng ngày,3,Tiki,19,FALSE,negative,,,
Pham Phuc,ứng dụng sendo bị lỗi chạy quá chậm,3,Sendo,8,FALSE,negative,,,
Phúc Mai Huy,"việc mua hàng trên lazada khá thuận tiện. tuy nhiên trong phần hàng hóa cần phải thể hiện tên shop để người mua tiện xem và tìm trong shop cũng như xem đánh giá về shop như thế nào. ngoài ra cần cho người mua xem hàng trước khi thanh toán. lazada coin (tiền mà người dùng điểm danh hằng ngày nhận) chỉ để làm cảnh, mua bao nhiêu hàng rồi mà ko thấy cho sử dụng. bên shopee thì có bao nhiêu cho sử dụng luôn bấy nhiêu. cước phí thì đắt hơn so với shopee.",3,Lazada,97,FALSE,negative,,,
Vong Doan,phí vận chuyển cao. không cho kiểm tra hàng. nên rất nhiều hàng giả kém chất lượng không như quảng cáo.,3,Sendo,21,FALSE,negative,,,
Thi Tam Nguyen,mới lần đầu mua hàng trên kiti nên chưa biết thế nào,3,Tiki,12,FALSE,neutral,,,
Nguyen vu dinh dung,"không chọn số lượng trực tiếp mà phải vào giỏ hàng, rất bất tiện. thông tin về sản phẩm không thể hiện rõ để an toàn khi xác nhận đơn hàng.",3,Tiki,31,FALSE,negative,,,
Toàn Võ,đơn hàng giao cứ dờ ngày này qua ngày khác,3,Shopee,10,FALSE,negative,,,
Nhân Thái,hồi đó lazada giao nhanh lắm h giao hàng lâu quá..bên giao hàng thì ngâm ko chịu giao..,3,Lazada,18,FALSE,negative,,,
Ngân Dương thị,"giao hàng miễn phí mà vẫn mất 26.000 nghìn tiền ship. mua hàng có 55.000 mà 26.000 tiền ship rồi , tổng cộng hết tận 81.000",3,Sendo,26,FALSE,negative,,,
The Hà,giao hàng đúng mẫu và nhanh,3,Sendo,6,FALSE,positive,,,
C Rùa,dạo này giao hàng khá lâu đó,3,Tiki,7,FALSE,negative,,,
Cường Công,chưa sài nên chưa biết ra sao,3,Lazada,7,FALSE,neutral,,,
Ngọc Diệp Vũ,"lag, siêu lag:)",3,Tiki,3,FALSE,negative,,,
Tuấn Mai,"vẫn còn để người bán hàng nhái, rao hàng lừa khách hàng.",3,Shopee,12,FALSE,negative,,,
Hôn Hoàng,không gỡ ra nỗi,3,Sendo,4,FALSE,negative,,,
Dat Nguyen,app lag quá shop,3,Sendo,4,FALSE,negative,,,
Bảo Phạm,chịu đang chơi thì chuyển qua shoppe,3,Shopee,7,FALSE,negative,,,
Thị Anh Thư Vũ,không có khuyến mãi gì cả,3,Shopee,6,FALSE,negative,,,
Anh Viên,sao app tiki ko liên kết được với momo nhỉ?,3,Tiki,10,FALSE,negative,,,
Thanh Trần Diệp Thanh,"ủa alo, tui tìm kiếm bằng hình ảnh mà không cho tui tự tìm ảnh trong máy tui, để mấy người tự lựa ảnh rồi gợi ý cho tui là sao? ai mượn? chức năng này lạ he",3,Lazada,38,FALSE,negative,,,
Phúc Huỳnh Tấn,"cái gì cần,mua.cái gì còn thiếu mà giá hợp lý,mua.sau khi sử dụng nếu sản phẩm tồi,né.nếu sản phẩm tốt,mua lần 2,3..",3,Shopee,22,FALSE,negative,,,
Tân Dương,time giao hàng khá lâu...,3,Tiki,5,FALSE,negative,,,
Baolam Dvt,eco,3,Tiki,1,FALSE,other,,,
thien vo,"nyc. s. thoyyy f,",3,Tiki,4,FALSE,other,,,
Cuong Ly,"hủy đơn hàng có nhiều lý đó chính đáng mà sendo cắt bỏ ""thanh toán khi nhận hàng"" quá lâu, thật bất tiện cho người già hoặc người không có thẻ thanh toán. vậy mua nơi khác, có khi rẻ hơn, ăn toàn hơn.",3,Sendo,44,FALSE,negative,,,
VIet Le,tôi nghĩ bạn phải đổi lại với một vài vấn đề🙂,3,Tiki,11,FALSE,neutral,,,
Lân Đặng Ngọc,"tiki gặp lỗi quá nhiều vừa mới đăng nhập thì đăng xuất , không thanh toán được . tệ",3,Tiki,19,FALSE,negative,,,
Hoang Nguyen,hơi tối cổ,3,Lazada,3,FALSE,other,,,
369 Pro,tiki ơi! app báo lỗi khi tôi truy cập vào phần (mục tôi).,3,Tiki,13,FALSE,negative,,,
Bảo Bùi Văn Hoài,thanh toán trên app này cực kì khó khăn,3,Sendo,9,FALSE,negative,,,
Trần phúc anh,ô ok po ppo,3,Lazada,4,FALSE,other,,,
Thanh Hương Nguyễn Thị,"tưới cây cho đã tới lúc nhận được thì mất quà chỉ hỏi gần ở đâu thôi , giờ tưới cây cả tháng trời , cứ 4 ngàn mấy nước mà tưới chỉ tụt được 0.01 chán ko chứ",3,Lazada,39,FALSE,negative,,,
Thiên Kim TN,"dịch vụ shopee kém, tệ.cập nhật sai vị trí",3,Shopee,9,FALSE,negative,,,
Ngô Thuý,tệ lắm đó nha,3,Lazada,4,FALSE,negative,,,
Minh Nam,thấy cũng bình thường thôi . ứng dụng này không có nhiều sản phẩm như ứng dụng khác...😜😜,3,Tiki,18,FALSE,neutral,,,
Dong Hoangvan,đặt hàng mãi mà ko thấy,3,Sendo,6,FALSE,negative,,,
Quỳnh chi,cũng đc ತ_ʖತ,3,Sendo,3,FALSE,neutral,,,
Lượng Gia cát,cước vận chuyển ( ship) quá đắt .,3,Sendo,8,FALSE,negative,,,
Nguyễn Đoàn Giang,"shopee phục vụ chất lượng hơn trước, chất lượng của shopee giảm nhiều",3,Shopee,13,FALSE,negative,,,
thanhphuong nguyen,mua được vài lần cái sao k đặt hàng được nữa,3,Sendo,11,FALSE,negative,,,
Phúc Khánh,sản phẩm ko có hiển thị sản phẩm ở nơi nào hết,3,Tiki,12,FALSE,negative,,,
Thống Nguyễn,quảng cáo kinh hoàng . mà toàn ba cái đồ bỏ . vứt không ai lụm .,3,Lazada,17,FALSE,negative,,,
Dong Hua,cần nhất là sản phẩm ý như lời chào hàng là được,3,Tiki,12,FALSE,negative,,,
Hoàng Long,"giá thì rẻ thật, rất rẻ luôn có cái còn 0₫ mà mỗi tội ko có freeship, giá ship thì đắt hơn tiền hàng, thà mua sàn cam còn nhiều voucher hơn",3,Lazada,32,FALSE,neutral,,,
Vũ Hồng,"từ khi săn mười mấy đơn 1k, mấy đơn sau đều bị hạn chế xu thưởng khi nhận hàng, r sao lại yêu cầu đánh giá làm j? mua càng nhiều đơn rẻ lại càng bị hạn chế nick, voucher lèo tèo...",3,Shopee,42,FALSE,negative,,,
Sa Ma,thích phiên bản cũ màu xanh.,3,Lazada,6,FALSE,negative,,,
Nguyễn Thị Anh Thi,"mặc dù cập nhật nhiều lần nhưng vô các mục như 100% free ship, big sales of brand,... đều bị lỗi 200: ok, lập trình viên nên check lại",3,Tiki,29,FALSE,negative,,,
Truyền Hoàng,"nhanh, và uy tín",3,Sendo,4,FALSE,positive,,,
khanh phung,dạo này sendo giao hàng quá lâu.,3,Sendo,7,FALSE,negative,,,
Lý Nguyễn Minh Diệu,mới đầu đặt hàng còn ổn bây giờ không tốt nữa:((,3,Tiki,11,FALSE,negative,,,
Kju Nguyen,đặt hàng nó tự hủy,3,Shopee,5,FALSE,negative,,,
thienvuong vo,cưa ji,3,Sendo,2,FALSE,other,,,
Very,ứng dụng lỗi thêm sản phẩm vàogiỏ hàng rồi mà không có gì hết,3,Tiki,14,FALSE,negative,,,
Hồng Nguyễn Thị,đắt hơn shoppee vcl,3,Tiki,4,FALSE,negative,,,
Lâm sơn Đinh vũ,giao hàng chậm chạp không nhanh bằng lazada cũng không có trò chơi giải trí như lazada,3,Sendo,17,FALSE,negative,,,
Lat Kon so,cung dược,3,Sendo,2,FALSE,neutral,,,
Ngoc Yến Tô,có shop giao chuẩn.cung có shop giao tệ hang hỏng hết .ra chợ tốt hơn,3,Shopee,15,FALSE,negative,,,
Kha Tran,đặt hàng hay khó,3,Sendo,4,FALSE,negative,,,
Trinh Tú,app tốt mà nhiều lúc giao hàng thiếu với shipper thì giao trễ... trên app để hôm nay nhận thì 2-3 ngày sau giao được cái shipper cũng dịu mà có khi nhiều lúc gặp mấy cha cọc tính nói chuyện như l toàn là trên đầu khách.,3,Lazada,48,FALSE,neutral,,,
Linh Thục,tiền ship quá cao cs mấy shop lừa đảo cx ko bỏ đc,3,Lazada,13,FALSE,negative,,,
Tan Truong,giá cao,3,Sendo,2,FALSE,negative,,,
Nogay Huy,thông báo quá nhiều,3,Lazada,4,FALSE,negative,,,
Tung Tran,như chubin,3,Lazada,2,FALSE,negative,,,
trieu thanh,"sao khu vực võ nhai, thái nguyên lại không đặt hàng được cần câu trả lời",3,Lazada,16,FALSE,negative,,,
Văn Thanh Lê,cho tưới 7 ngày mà kì chưa tới ngày thì quay 1 tưới hết 7 ngày thì không giao còn gạo thì bình thường rất tốt.,3,Lazada,26,FALSE,negative,,,
Huệ Hồ Thị,"ganbbn🌾🐉😍🍀📱🌲☘👵🌸😑gj+ a smhdujh ,🍀🍀",3,Sendo,4,FALSE,other,,,
Thi nhiên Nguyen,tải lâu quá,3,Tiki,3,FALSE,negative,,,
Vũ Phùng,"đồ hơi mắc so với các trang thương mại điện tử khác, lấy xu còn phải làm nhiệm vụ, hồi trước đâu có giờ tự nhiên bày ra trò này",3,Tiki,30,FALSE,negative,,,
Hu Hu,cũng bình thường,3,Shopee,3,FALSE,neutral,,,
Ly Nguyễn,tiki xử lý hàng lâu vl 🙂,3,Tiki,7,FALSE,negative,,,
trọng tấn trần,"mình đã từng mua card điện thoại 100k nhưng shop nó ko gửi dãy mã số cho mình, giống như kiểu lừa đảo í. chuyển tiền trả cho shop xong chờ mấy ngày cũng ko thấy gì. h nay định vào tải app để mua hàng nhưng nhớ vụ này cách vài năm trước nên thôi vậy",3,Lazada,57,FALSE,negative,,,
Nha Lê Hồng,mua lâu xác nhận quá,3,Sendo,5,FALSE,negative,,,
Thùy Dương,"tiki tự nhiên hủy đơn của người ta mà không báo gì hết. trước đây tôi thấy tiki làm ăn ngon nghẻ lắm, mua được nhiều lần mà bây giờ làm ăn như thế :(((",3,Tiki,35,FALSE,negative,,,
Van Phuong,app cài trên androi phiên bản cũ chạy ì ạch do choán dung lượng bộ nhớ quá,3,Lazada,17,FALSE,negative,,,
giang bui,hàng giao rất lâu mong khắc phục,3,Lazada,7,FALSE,neutral,,,
Minh hiệu Nguyễn,chưa nhận hàng nên chưa thể nói trước được,3,Sendo,9,FALSE,neutral,,,
Bảo Hiểm Quân Đội,tải về quá chậm,3,Tiki,4,FALSE,negative,,,
Nam Đỗ,vận chuyển chậm,3,Lazada,3,FALSE,negative,,,
Hue Pham,k tốt,3,Sendo,2,FALSE,negative,,,
Trọng Nguyễn,"bên này chỉ mua được mỗi hàng choice, giờ mà còn phí ship 30k nữa trong khi sàn cam ngta free ship luôn cả đơn quốc tế rồi.",3,Lazada,28,FALSE,negative,,,
Hoi Lien,lần đầu đặt đc lần sau nó tự hủy hàng,3,Shopee,10,FALSE,negative,,,
Thiên Hột,"giảm giá 11/11 là giảm giá ảo hay sao vậy, cực kì bực mìh, mỗi sản phẩm hình như chỉ có đúg 1 mặt hàg hay sao ấy, khug giờ nào cũg cah trc 4-5p, c.bị hết chỉ đợi đúg giờ là bấm đặt hàng vậy mà vừa đúg giờ thì hết hàng, thấy thua khá xa shopee, làm mìh tin tưởg đăg kí tiki now",3,Tiki,66,FALSE,negative,,,
Thu Lê Văn Anh,ẻg ưu,3,Sendo,2,FALSE,other,,,
Thanh Tung Nguyen,"giao diện như bãi rác, không ngăn nắp, gọn gàng, chuyên nghiệp",3,Lazada,12,FALSE,negative,,,
Phương Phan,tải áp mấy bữa rồi mà k bít cách mua hàng,3,Sendo,11,FALSE,neutral,,,
Mit Adam,trải nghiệm bình thường,3,Shopee,4,FALSE,neutral,,,
Sang Trần Ngọc,"lazada gần đây làm việc ẩu quá. tôi phải trả hàng mấy lần rồi. lúc thì sai kích thước, lúc thì lại thiếu hàng. quá chán.",3,Lazada,26,FALSE,negative,,,
Dung Hoàng,"nãy mình vào shoppe thì đth báo là ứng dụng đ.ộ.c h.ạ.i đang cố gắng theo doi dữ liệu như sms , nhật ký cuộc gọi là sao ??",3,Shopee,29,FALSE,negative,,,
Tran Khanh,"đề nghị bên phát triển app xem lại là một nền tảng mua sắm lớn, nhồi nhét rất nhiều thứ vào để kích cầu mua sắm nhưng cái cơ bản là để app chạy mượt mà thì không làm được, app rất lag rất giật, user làm gì cũng hiện vòng xoay tròn loading thì còn gì muốn mua nữa mà làm cho nhiều thứ",3,Lazada,65,FALSE,negative,,,
Danh Vẹn Danh Vẹn,đặt hàng tới ngày hủy hàng người ta không,3,Sendo,9,FALSE,negative,,,
21_003 Nguyễn Gia Hân,tải thử coi the nao,3,Tiki,5,FALSE,neutral,,,
Hoàng Thu Thảo,có 1 số sàn phẩm kém chất lượng.,3,Sendo,8,FALSE,negative,,,
Ngocvang Nguyenthi,mua hàng mà đơn vị bán hàng mãi k xác nhận,3,Sendo,11,FALSE,negative,,,
Hoang Nguyen,toàn tự động mở khi chỉ vô tình dính quảng cáo app thôi( dù đã chặn),3,Shopee,16,FALSE,negative,,,
độc thân Kiếp,tại sao không cho kiểm tra hàng trước khi nhận.. lỡ như giao hàng không đúng không chất lượng vậy chả lẽ lấy luôn nên tôi cho 3* thôi,3,Sendo,29,FALSE,neutral,,,
Thừa Lý,được 333,3,Sendo,2,FALSE,other,,,
Nghiem Tuyet,nó bắt thanh toán bằng tài khoản,3,Lazada,7,FALSE,negative,,,
Tm Truong,chưa dùng nên chưa bt,3,Tiki,5,FALSE,neutral,,,
Hưng Bùi,"thanh toán trực tuyến không được dễ dàng!!-loằng kà là ngoằng!! chỉ đáng 2,5*,thôi-tmdt giờ nhiều lựa chọn dễ dàng nhất không chỉ riêng lazada!! ==>chắc vậy, nên đứng sau shopee!! -không vui(không thoải mái khi dùng app!!",3,Lazada,38,FALSE,negative,,,
Dung Nguyen,thanh toán qua ví momo không biết có nhận được hàng không nhỉ,3,Sendo,13,FALSE,negative,,,
Thiên Vi,tôi ko thấy tặng voucher giảm 50k như shop pee,3,Lazada,10,FALSE,negative,,,
Ngọc Lượng Kim,3phần .un o😚,3,Sendo,3,FALSE,other,,,
dong nong van,như cặ c nhưng cũng đc,3,Shopee,6,FALSE,neutral,,,
Hảo Ngọc,cx đc nhưng chx rõ ràng lắm vì shop còn giáp hàng chậm ko rõ uy tín?!,3,Tiki,17,FALSE,neutral,,,
Can Vu Huy,giao hàng chậm là điểm cần cải thiện của sendo để vượt lên các thương hiệu khác,3,Sendo,17,FALSE,negative,,,
Ngọc anh Nguyễn,đồ bán đắt lòi le,3,Lazada,5,FALSE,negative,,,
le phat,3 soa thôi nhé,3,Lazada,4,FALSE,neutral,,,
Tiên Nguyễn,"sao tôi lại vào săn thưởng không được, đã bị văng ra rất nhiều lần",3,Tiki,15,FALSE,negative,,,
HOAI Nguyễn,"có mấy cái tìm kiếm nhx ko thấy, nhx cx đc",3,Lazada,11,FALSE,neutral,,,
Quỳnh Hương,đề nghị thêm ô chat với nhân viên trong shopee food. hiện rất khó khăn để kết nối với nhân viên giải quyết vấn đề. không hiểu sao shopee lại bỏ tính năng này dù trước đây có,3,Shopee,38,FALSE,neutral,,,
Hiền,"shoppe cập nhật tính năng thu hồi tin nhân được k vậy, đm gửi lộn ảnh k cho thu hồi làm sao giờ trờiii",3,Shopee,24,FALSE,negative,,,
Long Vũ,đã nhận hàng gắn bin vào máy chạy ok nhưng chờ thời gian bin có bền hay không mới biết được,3,Lazada,21,FALSE,negative,,,
Hiii caaa Lolll chiooo,giao hàng lau,3,Lazada,3,FALSE,negative,,,
Xanh Thắng,shopee toàn quảng cáo là hay,3,Shopee,6,FALSE,negative,,,
Bì Hoạ,cảm ơn bạn.,3,Lazada,3,FALSE,other,,,
Thủy Phạm,"ít mặt hàng, ko phong phú mặt hàng. giá đắt. ko phân biệt đc đâu là hàng thật- giả (chắc do mk ko biết sdung).",3,Tiki,25,FALSE,negative,,,
Thị Nhi Nguyễn,ngta tạo nhiều tài khoản cái kh cho sài mã?? riết r thấy chán,3,Shopee,14,FALSE,negative,,,
Mèo Lười,ứng dụng gi mà huy đơn là thoing báo hoàn tiền treo đến 4_5 ngay chán thiệt chứ,3,Lazada,18,FALSE,negative,,,
Lê ái Lê Ái,nhiều cửa hàng còn bán hàng giả hàng kém chất lượng. ko đúng như quảng cáo,3,Shopee,16,FALSE,negative,,,
Đ Ngọc Nguyễn,"nhân viên thì thái độ , lên mấy app khác thì qoanvr cáo shopee shoppe này nọ",3,Shopee,17,FALSE,negative,,,
THIỆN CHÍ VÕ,mua hàng chuyển tiền từ ngân hàng bidv mua không được,3,Sendo,11,FALSE,negative,,,
Nhân Thái Thanh,tam ổn,3,Sendo,2,FALSE,neutral,,,
Trần Thanh Toàn _ 10,"ứng dụng hay bị chậm, lag, không hiển thị sản phẩm. hiện tại tiki tệ hơn ngày trước nhiều",3,Tiki,19,FALSE,negative,,,
Lee VT,tạm tạm,3,Tiki,2,FALSE,neutral,,,
Huong Nguyen,lỗi thanh toán momo,3,Tiki,4,FALSE,negative,,,
Khải Trần,sao càng ngày càng tệ vậy ạ bảo giao hàng trong ngày mà đơn chưa thấy tới còn bảo khách hàng từ chối nhận là sao vậy,3,Lazada,27,FALSE,negative,,,
Nhi Uyển,"vài khi giao hàng mà tự hủy ko giao về, giao thì giao lâu",3,Shopee,14,FALSE,negative,,,
Chính Nguyễn,hiện hồn nhiều quá.,3,Shopee,4,FALSE,other,,,
ruby Tran,"tiki dạo này bị lỗi xem sản phẩm xong bấm trở lại là trang màu trắng luôn , phải đóng ứng dụng vào lại .",3,Tiki,25,FALSE,negative,,,
Linh Nguyễn Khánh,đặt đơn đồ ăn giao về mà mãi ko có ship. dạo này shoppe food như kiểu thiếu người ko nhanh như đợt trước. đặt muộn 1 tí thì ghi là ship chỉ giao khoảng 2.5km đổ lại trong khi quán cũng ko xa quá,3,Shopee,45,FALSE,negative,,,
Thich Le,"thiếu địa chỉ chỗ bán, người mua khó biết để đặt mua cho nhanh.",3,Tiki,14,FALSE,negative,,,
Van Minh Ly,"nói chung cũng ổn nhưng hàng giao đến hay bị hỏng tùm lum, vận chuyển rất cẩu thả",3,Shopee,18,FALSE,neutral,,,
Thư Kim,đắt,3,Sendo,1,FALSE,other,,,
Hoài Thanh,app sendo quá tệ làm mình qua shopee và lên hạng kim cương và mua rất ok,3,Sendo,17,FALSE,positive,,,
Thùy dương Trương thị,giờ tôi chưa biết nói gì nhưng tôi có 1 câu muốn nói là sendo có ít mặc hàng hơn shopee và lazada,3,Sendo,23,FALSE,negative,,,
Phan Le,ok giá hơi cao,3,Sendo,4,FALSE,neutral,,,
Hi Hi,phục vụ tốt nhưng giá hơi đắt,3,Lazada,7,FALSE,neutral,,,
Schneider William,"dat hàng không thấy tra loi , tự hủy gio hàng của khách....nên không dùng trang này nữa....",3,Lazada,18,FALSE,negative,,,
Bảo Phạm,"viết đây để tiki hiểu, sao viết đánh giá lại phải chờ shop duyệt đã mới được hiện đánh giá. tôi đánh giá 3 sao, shop lại sửa thành 4 sao? vậy những người mua sau tôi phải làm thế nào.",3,Tiki,41,FALSE,neutral,,,
Huynh Khang van,"lazada gay khó khăn cho người mua, không mua hang lazada nua...!?",3,Lazada,12,FALSE,negative,,,
Gaming KD,đăng nhập cần otp được r còn shopeepay nữa trời quá trời dài dòng thao tác,3,Shopee,16,FALSE,negative,,,
Den Abc,giao hàng lâu và chậm đến ngày nhận hàng thì chuyển thành ngày khác là sao,3,Lazada,16,FALSE,negative,,,
Sê Ri nguyễn,3sẽ tưa,3,Sendo,2,FALSE,other,,,
Hằng Thanh,"shipper tệ, app lâu lâu tự bật dù không thao tác và khi vào thì nó hiện ra video short trước tiên... nhưng vẫn có điểm cộng là có nhiều shop uy tín. tốt nhất là kiểm tra shop kỹ và quay video bóc hàng để tránh mất tiền nhé ae",3,Shopee,51,FALSE,negative,,,
Hung Trieu,khó đặt lắm nhưng ai mà đặt hàng thành công rồi thì hàng xịn lắm nha,3,Shopee,16,FALSE,neutral,,,
DangPhuPao 2k,haizzz giao đồ không đúng như trong shop,3,Lazada,8,FALSE,negative,,,
Bảo trúc Nguyễn,cx dc nhưng có lúc kh đặt dc có lúc khóa acc lun khó chịu kinh,3,Shopee,16,FALSE,neutral,,,
Đức Lee,app ngáo vãi dùng khó chịu,3,Tiki,6,FALSE,negative,,,
Nhiên An,mua một sản phẩm chỉ chọn được một màu. muốn mua mẫu đó hai màu phải mua hai đơn tốn síp,3,Sendo,21,FALSE,negative,,,
HOANG HUYNH BA,giao hàng hơi lâu 😊,3,Sendo,5,FALSE,negative,,,
Oanh Le,tốt nhưng tải chậm quá,3,Tiki,5,FALSE,neutral,,,
Trantrucquynh Cute,giao hàng chậm sendo chưa kiểm tra chất lượng shop giá cả không rẻ không cạnh tranh được với lazada shopee máy trả lời tự động không chat được nhân viên sao giải quyết được tình huống 3 sao vì cũng có nạp card đóng tiền điện khuyến mãi,3,Sendo,49,FALSE,negative,,,
Hùng bình tân,cứ quảng cáo trong điện thoại của tôi hoài khi không mở ứng dụng. hay khi đã xoá ứng dụng.,3,Lazada,20,FALSE,negative,,,
Hoài Thanh,lúc này áp tiki rất kém tự động thoát tài khoản ra hoài mà nhập vào thì 1 tí cũng thoát ra nữa giống bị hack,3,Tiki,26,FALSE,negative,,,
Ngân Nguyễn,rất lằng nhằng. rất mất thời gian🙃,3,Tiki,7,FALSE,negative,,,
Dang Hoang Thinh,mỗi lần cập nhật là mất 1 sao. không có gì mới . thiếu ý tưởng ....,3,Tiki,17,FALSE,negative,,,
võ phong,giao hàng nhanh như hơi đắt,3,Tiki,6,FALSE,negative,,,
Hưng Trần,sao đặt hàng hơn1 tuần rồi vẫn chưa giao nhỉ,3,Tiki,10,FALSE,negative,,,
Phàn Lìn,toàn lỗi thôi .,3,Shopee,4,FALSE,negative,,,
Thiennhan Kimchung,má đang chơi game xem qc mà toàn shoppe đã thế nút tắt còn li ti ngán hụt hoài mua đồ ổn mà qc cc,3,Shopee,25,FALSE,negative,,,
Bướng bỉnh Cô nàng,hì,3,Sendo,1,FALSE,other,,,
QUYÊN NGỌC,không có tìm kiếm bằng hình ảnh 😶,3,Tiki,8,FALSE,negative,,,
Diep Bui,"quảng cáo nhiều , vô chs game là hiện quảng cáo mà lỡ nhấn vô là vô shoppe , đang cày game cũng ko yên ,",3,Shopee,26,FALSE,negative,,,
Nguyễn Hoàng Khang,"giao hàng chậm mặc dù là tikinow, cskh tốt cần cải thiện giao hàng nhanh cho khách.",3,Tiki,17,FALSE,negative,,,
Nhi Yen,không đẹp màu trong hình đậm giau thì màu nhạc,3,Shopee,10,FALSE,negative,,,
tuyền lê,ship cao hon cac sàn khac nhiu cung 1 mon cung shop mall ma frree ben day mua ton ship nhiu,3,Lazada,21,FALSE,negative,,,
Thuý Hằng Võ Thị,xuất hiện quảng cáo quá nhiều,3,Lazada,6,FALSE,negative,,,
laytrua tôi là ai??,phí ship đắt kinh,3,Lazada,4,FALSE,negative,,,
Cẩn Đặng văn cẩn,giảm giá ít và ship cao nhưng giảm giá ship thì gần như không có mong tăng giảm giá,3,Lazada,19,FALSE,negative,,,
Ngọc Lợi Đỗ,"từ 5/6 đến giờ không quét thanh toán mã qr được, load mãi là sao 🙄",3,Lazada,16,FALSE,negative,,,
Nguyen Linh,"giao gần tháng không thấy hàng đâu, sen đỏ làm khách hàng thất vọng vá đợi tới lúc sanh bé luôn vẫn chưa có thuốc nữa thì mua làm gì nữa mọi người. toàn họp tác với những buu cuc giao lâu. phí vận chuyển không rẻ chút nào...",3,Sendo,49,FALSE,negative,,,
Dung Nguyen,tổ sư cha lazada mình đã đăng xuất để đăng nhập tk khác vào sao lại quay tk cũ vậy trời,3,Lazada,21,FALSE,negative,,,
Binh Nguyen Xuan,cần cải thiện hơn nhiều.,3,Tiki,5,FALSE,negative,,,
Huỳnh Anh,chất lượng chưa tốt năm,3,Sendo,5,FALSE,negative,,,
Minh Tuấn 81,"đặt hàng mà phải chờ xác nhận 72 tiếng, mình ko có đủ kiên trì để chờ đợi. ứng dụng tốt nhưng các mặt hàng giá rẻ đều không tìm thấy.",3,Sendo,31,FALSE,negative,,,
Hoa Nguyễn Văn,sài khá lâu rồi mà giờ vào thì nó báo ứng dụng chứa mã độc lấy cắp thông tin.đăng lên các grup hỏi thì bị xóa bài luôn,3,Shopee,28,FALSE,negative,,,
Cuong Nguyen,hàng thật giả lẫn lộn á mà nh khi đặt còn k giao luôn,3,Shopee,14,FALSE,negative,,,
Huệ Nguyễn,t thắc mắc là lũ ý kiến bảo lazada kh tốt v sao còn cho 5sao nhỉ?,3,Lazada,17,FALSE,negative,,,
Thanh Nguyễn Ngọc,cho mã mà chả mã nài sài đc vậy cho lam j,3,Shopee,12,FALSE,neutral,,,
Hoàng Phụng Nguyễn,app giờ tệ quá mà lâu rồi vẫn chưa fix lỗi. làm vậy mất khách hết,3,Tiki,16,FALSE,negative,,,
Huyền Trân,"đáng lí mình đánh giá 2 sao nhưng do đơn đầu 0 đồng , trừ 1 sao vì đơn đầu tiên hơn 14 ngày mà chx giao ,trừ 1 sao là mã giảm chỉ cho đơn trên 2,3 trăm thua shoppe ngàn lần shoppe nhiều mã free ship nhiều đôi lúc ko cs thôi",3,Lazada,54,FALSE,negative,,,
single mon,tạm2,3,Shopee,1,FALSE,neutral,,,
Cry Thiện,sao bị đơ màn hình vậy trời,3,Lazada,7,FALSE,negative,,,
Tên the Họ đinh,chưa mua đc đồ cho 3 sao thôi,3,Sendo,8,FALSE,neutral,,,
Văn Tuấn,chưa thấy gì hay,3,Lazada,4,FALSE,neutral,,,
Long Phan,"tiki gần đây bị crash nhiều, thanh toán cũng hay gặp lỗi",3,Tiki,12,FALSE,negative,,,
Dai Minh,lazada liệu có giống shopee không ạ,3,Lazada,7,FALSE,neutral,,,
thùy trang đặng,già gơi đắt ít đồ để lựa chọn,3,Lazada,8,FALSE,negative,,,
Thanh Thơm Nguyễn Thị,"đặt đơn hàng 0₫ ship gọi bảo mai giao r mất tích, ăn luôn ghi đơn đã giao thành công mà có nhận được đâu có nt cho shoppe cũng k nhận đc hỗ trợ j đặt hàng bên shoppe không nên thanh toán trước, 50/50",3,Shopee,46,FALSE,negative,,,
Nhật Trần,shoppe nên đổi đơn vị vận chuyển. spx làm ăn quá lề mề,3,Shopee,13,FALSE,negative,,,
An Eric,quá nhiều thông báo tắt thông báo thì không nhận được tin tức giao hàng bật thông báo thì nhiều thông tin không cần thiết quá phiền phức nên 3 sao và góp ý cho nhà phát hành chút nên thêm mục giao hàng nhanh còn thêm nhiêu do nhà phát hành vì nếu đặt hàng mà có việc đi du lịch thì không có thời gian nhận phải hủy đơn và đặt lại rất tốn thời gian,3,Lazada,78,FALSE,negative,,,
minh Dang,tạp được,3,Tiki,2,FALSE,neutral,,,
Loc Le,"liên kết ngân hàng ít, phải thông qua momo để thanh toán ck, cuối cùng nhận hoàn tiền lại không biết đến đâu.",3,Lazada,23,FALSE,negative,,,
hieu cute,hàng ko về tự ý hoàn trả nhưng dùng cũng tạm,3,Shopee,11,FALSE,neutral,,,
Bao Gia,càng ngày càng ko tốt như trước ít mã giảm và ko còn giảm ship nhiều như trước đúng là càng ngày càng tệ ☹️,3,Lazada,25,FALSE,negative,,,
Lâm Đào,nói chung cx đc cho 3 sao thôi,3,Sendo,8,FALSE,neutral,,,
Pt Thanh Sang,khó sử dụng,3,Sendo,3,FALSE,negative,,,
Huy Tây,cũng bình thường ko có gì đặc biệt,3,Sendo,8,FALSE,neutral,,,
Duyên Hà,thiếu hàng cho khách còn chụp ảnh lại là giao r,3,Shopee,11,FALSE,negative,,,
Giang Phan,tự đăng xuất tài khoản khiến tôi bay acc,3,Shopee,9,FALSE,negative,,,
Khoi Nguyen,app mua mà del bt lựa shop là cuk,3,Shopee,9,FALSE,negative,,,
Hdjfjfjfjf Hdjfj,giao mà như đợi 3 thế kỷ,3,Shopee,7,FALSE,negative,,,
Anh Kieu,dù sao đi nữa như thế là được,3,Shopee,8,FALSE,neutral,,,
T- Storm,thế quái nào cứ đòi vào vị trí ng dùng,3,Sendo,10,FALSE,negative,,,
Duyên Nguyễn,tôi ko nhận đc khi đã đăng nhập shopper pay,3,Shopee,10,FALSE,negative,,,
Xuân Lại,giấy xấu,3,Tiki,2,FALSE,negative,,,
Tiến Phong Lâm,thiếu liên kết với ví momo,3,Shopee,6,FALSE,negative,,,
Châu Minh,"kiếm được rất nhiều xu nhưng mỗi lần thanh toán sàn chỉ cho trích 1 phần rất nhỏ để thanh toán , mẫu mã cũng bth kh đa dạng lắm , kh hiểu cơ chế voucher bên sàn l này 🥲",3,Lazada,41,FALSE,neutral,,,
Lam Lam,"lazada tự áp voucher giảm giá để món hàng rẻ lại,nhưng khi đặt hàng thì toàn báo lỗi k đặt đc,vui lòng bỏ voucher giống như lừa nhau thế nhỉ",3,Lazada,30,FALSE,negative,,,
Trong Nguyen,nhu cc vậy,3,Sendo,3,FALSE,negative,,,
Cương Kim,tiki giao hàng rất chậm,3,Tiki,5,FALSE,negative,,,
Thào Dua,sao k đăng nhập được,3,Lazada,5,FALSE,negative,,,
Thảo Bùi,"thấy toàn đồ gia công hãng không nguồn gốc hiện đầy lên muốn lướt xem mà buồn nỗi thấy toàn đồ giả chất lượng kém nên không mua. voucher không lớn mấy, tích nhiều mà sài ít, cảm thấy voucher bên app mình không bằng tik🥲",3,Lazada,46,FALSE,negative,,,
Giaa Huyy,giao lâu,3,Shopee,2,FALSE,negative,,,
Thien Vanngoc,dù rằng hàng hóa tốt nhưng mà qc ở nhiều nơi quá còn hay bị nhảy qua app tôi ko thik 3 sao,3,Shopee,23,FALSE,neutral,,,
Huy Lam,đề còi ok không cho thêm 2 sao nữa,3,Tiki,9,FALSE,negative,,,
Huy Thien Le,bắt đầu trải nghiệm... chưa đánh giá được.,3,Tiki,8,FALSE,neutral,,,
Minh Le,hàng nhiều khi rất chậm giao và hàng tới k cho kiểm tra . và có những hàng đặt rồi k giao lun . nhưng tôi vẫn đạt hàng của sendo,3,Sendo,31,FALSE,negative,,,
VIỆT Bùi Văn,tiên lợi,3,Sendo,2,FALSE,positive,,,
Hương Nguyễn,thấy chưa được cho lắm,3,Sendo,5,FALSE,negative,,,
Thuận Dương,mình nghĩ lazada nên hỗ trợ giao lại vào ngày hôm sau như những bên khác. chứ giao trong ngày không được đã hoàn về người bán rồi. như công việc mình làm không được cầm điện thoại tối về cầm thì đơn hàng đã gửi ngược lại người bán rồi,3,Lazada,51,FALSE,negative,,,
Sau Huynh Tran,"lazada nên giảm tiền vận chuyển nhiều hơn nữa ,bên shopee tiền vận chuyển rất rẻ thậm chí bằng ko đồng ,bên lazada kiện hàng rất nhỏ mà tiền cước nhiều quá nên nghiên cứu lại",3,Lazada,36,FALSE,neutral,,,
Minh Đức Nguyễn Ngọc,shipper giao không đúng hẹn toàn muộn giờ bảo ko có nhà thì lại lằng nhằng ko quay lại đưa lại còn bắt phải ra chỗ nọ chỗ kia lấy hàng tính chuyện định bịp hàng của khách hay gì 😀 😀 😀,3,Shopee,43,FALSE,negative,,,
Nam Koi,chưa thấy j ok,3,Tiki,4,FALSE,neutral,,,
Vinh Vo,ok cua hang,3,Sendo,3,FALSE,positive,,,
Acc Xin,"các nhà vận chuyển đơn hàng của bên lazada quá chậm nên thay đổi trong tương lai, phí vận chuyển lại cao voucher có giảm nhưng không đáng kể.",3,Lazada,29,FALSE,negative,,,
Thanh Toàn Nguyễn,"app mua hàng rất tốt. tìm kiếm sản phảm dễ dàng. mỗi cái săn xu quay phần quà vô phần giá trị thì lại bị đứng màn hình. thoát ra thì mất phần thưởng. kiểu như câu người vào xem chứ phần thưởng là câu view thôi, bị rất nhiều lần nên rất ức chế,quay trúng xu nhiều cũng không nhận được, tình trạng này chỉ có cách xoá ap khỏi điện thoại ,tìm một trang mua sắm khác .",3,Lazada,80,FALSE,neutral,,,
Thanh Tuấn Bùi,quá nhiều tin rác. cần có bổ sung thêm chức năng xóa 1 lần. khi cần xóa phải bấm từ tin mất thời gian. góp ý mà chẳng có phản hồi. vậy đánh giá làm gì.,3,Sendo,36,FALSE,negative,,,
phung xuan hung,"muốn ủng hộ người việt lắm nhưng tôi dự đoán app sen đỏ không cạnh tranh nổi vì ít chương trình khuyến mãi, giá lại đắt hơn, sản phẩm ít đa dạng so với các sàn như shopee và lazada,... kém hấp dẫn người mua và cskh chưa tốt!",3,Sendo,49,FALSE,negative,,,
Nguyệt Quàng Thị,giá cao,3,Shopee,2,FALSE,negative,,,
Thành Nguyễn Minh,"cả tháng nay vào giỏ hàng bị đứng máy cần khắc phục,",3,Tiki,12,FALSE,negative,,,
Gia Huy Nguyễn,"chưa mua nhưng so sánh cùng sản phẩm mà đắt hơn so với lazada và shopper nên chưa ủng hộ, đợi khi nào hàng giá tương đồng sẻ ủng hộ để biết",3,Sendo,32,FALSE,neutral,,,
Tien Pham,hừ hu hu g hữu g hữu ý ggg hủy bỏ đồng ý với ý nghĩa của,3,Sendo,17,FALSE,other,,,
Tuy Huynh,bán sách mà đóng hàng k chống sốc nên lúc nào hàng cg móp với hỏng,3,Tiki,16,FALSE,negative,,,
one coin,"tiền ship siêu mắc, giao diện khó dùng, nên bán sách thôi đừng bán mấy món khác hicc",3,Tiki,18,FALSE,negative,,,
Quy Ta,như lon,3,Shopee,2,FALSE,negative,,,
Son Bui,"app không tiện dụng, theo dõi khó cần nâng cấp",3,Tiki,10,FALSE,negative,,,
Dũng Ccchu,"nên bán hàng chuẩn như lúc giới thiệu,chứ nhiều lúc giao hàng k đúng đâu nên sử lý nhé.ok",3,Sendo,19,FALSE,negative,,,
Thanh long Pham Vũ,"shop bán hàng bên này không đúng với như quảng cáo ,khi vào gian hàng của shop thì giá lại có nhiều loại với mẫu mã khác nhau và giá bán khác nhau",3,Sendo,33,FALSE,negative,,,
Phú Quý Trần,đề nghị shop giao dịch uy tín đúng chất lượng tốt tránh tình trạng treo đầu dê bán thịt cầy là mất uy tín và chất lượng nhé mất lòng tin vào khách hàng nhé shop ơi,3,Tiki,37,FALSE,negative,,,
Nhung Le,giá cao hơn các trang bán hàng khác mặt hàng k da dạng ít mau ma it nhà bán hàng hàng cần mua k co,3,Sendo,25,FALSE,negative,,,
Long nhật Nguyên hửu,thì củng được nha mọi người,3,Tiki,6,FALSE,neutral,,,
XuanThuong Pham,"có mấy cái ở sendo ko có bán ví dụ:truyện tranh thị trấn mèo,khổng lồ và tiến sĩ quỷ quyệt....thích bên lazada hơn nhiều",3,Sendo,24,FALSE,negative,,,
Những Câu Nói Để Đời,vào phần mua trước trả sau khi đến lúc chụp cccd thì ko chụp được,3,Sendo,15,FALSE,negative,,,
Lưu Ngọc Tốn,cho tôi hỏi tại sao tôi cứ vào một cửa hàng mua lại bị lỗi vậy nhỉ?,3,Shopee,17,FALSE,neutral,,,
Duc,giao hàng châm quá,3,Lazada,4,FALSE,negative,,,
45.054.Huỳnh Hương Lê,"giao diện kém, ngày càng rắc rối và rườm rà",3,Tiki,10,FALSE,negative,,,
Ttt Ft,"mua đắt , k bằng soppi",3,Lazada,6,FALSE,negative,,,
Nha Nguyen,lâu lâu có sự cố không thể giao hàng tôi rất hụt hẫn,3,Lazada,13,FALSE,negative,,,
Như ý 8-2,giao hàng của app này khá lâu,3,Tiki,7,FALSE,negative,,,
Dùa Giàng,lazada giao hàng lâu để khách chờ lâu,3,Lazada,8,FALSE,negative,,,
T Hoài,"cho 3 sao vì, mình mua sp và laz nhiều rùi tính qua sendo mua thử thì giao diện khó sài quá, chương trình ưu đãi người mới cũng hem có luôn. mong nhà phát hành phát triển thêm nếu ko sẽ bị khai tử sớm thôi",3,Sendo,47,FALSE,neutral,,,
43. Truc Vy,đoi voi tui sendo la 1 ung dung rat tot,3,Sendo,10,FALSE,positive,,,
Trinh Tung Lam,ưng ý,3,Shopee,2,FALSE,positive,,,
Long Thanh,"lúc nhận phí giảm giá trên shoppi cho ng mới đc giảm 60 k cho đơn đầu tiên á , lúc đặt thì đc nm khi tôi xóa ứng dụng rồi tải lại nó lại nói là giao dịch đáng nghi xong hủy đơn hàng tôi đặt luôn , ý là đây là lần đầu tôi bị như v thôi",3,Shopee,60,FALSE,negative,,,
Hoài Sơn Trương,"chưa sử dụng nhiều nên chưa thể đánh giá chính xác được, cứ tạm cho vậy thôi",3,Sendo,17,FALSE,neutral,,,
Xuân Bùi,tôi mua cái cần câu ở ngoài 4m5 200k ko đắt tiki tận 250k,3,Tiki,14,FALSE,negative,,,
Ha Phan,sendo nên có cơ chế để khách hàng được đồng kiểm hàng để lấy lòng tin của khách hàng. chứ không cho đồng kiểm thì khác gì lừa đảo làm mất uy tín của khách hàng với sendo. người bán không cho kiểm hàng thì không nên cho bán để tạo niềm tin của mặt hàng của chủ và lấy lòng tin của khách,3,Sendo,64,FALSE,neutral,,,
nguyen thanh,vẫn để những đơn vị bán hàng không có chất lượng vào.,3,Shopee,12,FALSE,negative,,,
Sky Knight,"sao mình mua hàng không được vậy? chọn mua sản phẩm cứ bắt chọn phương thức giao hàng tủ nhận đồ, mà chỗ mình ở lại không có, các phương thức giao hàng khác không khả dụng dù chọn mua bất kì sản phẩm nào",3,Shopee,45,FALSE,negative,,,
Lê Việt Hưng,thời gian giao hàng quá chậm,3,Sendo,6,FALSE,negative,,,
Tien Thuy,tiki bán đồ mắc quá.😞 nhưng hàng cũng tạm ổn. tuy là hơi chênh lệch giá cả nhưng cũng khá ok cho mùa dịch như bây giờ. 😐 tôi vẫn thấy lazada và shoppee rẻ và tốt hơn rất nhiều so với tiki,3,Tiki,43,FALSE,negative,,,
Hương Phạm,app hay bị đơ nhưng mua thì cx khá đc,3,Sendo,10,FALSE,neutral,,,
Ngoctan Doan,mua hàng điện tử trên đây có ổn không mọi người? cho mình lời khuyên với,3,Lazada,16,FALSE,neutral,,,
Trương MinhThư 12c8,bực,3,Tiki,1,FALSE,negative,,,
Hong Lily,tiki này nhiều cái không bán.,3,Tiki,6,FALSE,negative,,,
Mai thị thúy Tâm82,lazada giá vẫn đắt hơn chút so với shoppe,3,Lazada,9,FALSE,negative,,,
46.Lê Công Thủy,chi phí ship hàng quá cao,3,Sendo,6,FALSE,negative,,,
Caovantuan152535 cvt27021979,dung xem sao,3,Tiki,3,FALSE,neutral,,,
Thanh Ngân,hay bị lag văng ra ngoài luôn nhất là lúc cào thẻ xu,3,Tiki,13,FALSE,negative,,,
tien hung,vào mục đánh giá sp là treo máy luôn. sao đội ngũ tiki ko khắc phục lỗi này vậy!,3,Tiki,19,FALSE,negative,,,
Hơn Vu văn,gửi hàng chậm,3,Sendo,3,FALSE,negative,,,
G Nguyen,app này đồ đẹp giao hàng lại nhanh nữa,3,Tiki,9,FALSE,positive,,,
Đức Tống,alô mai đi đ ê a the thi công các công trình xây dựng và vườn cây ăn trái tim 50k 1kg e oi 77604173🤗,3,Tiki,25,FALSE,other,,,
Tỉnh Lê Đình,khó chịu,3,Tiki,2,FALSE,negative,,,
điện hoàng quốc,không thay đổi được thông tin số điện thoại,3,Sendo,9,FALSE,negative,,,
Nam Nguyen,"app ổn, phần chọn trả góp cực ngu và đánh đố end user, phải vào item kéo tận dưới mới chọn trả góp được thay vì được chọn góp ở giao diện thanh toán. góp 0% mà tính phí chuyển đổi tương đương với vay lãi suất 12%/năm",3,Tiki,48,FALSE,neutral,,,
Nguyen Duc Loi,"hàng chưa nhiều, thanh toán chưa thuận tiện",3,Sendo,8,FALSE,negative,,,
Chí Linh Huỳnh,mua hàng mà trả trước rồi ko đúng hàng rồi sao nên cho khách kiểm tra hàng rồi mới thanh toán thì sẽ hay hơn ok,3,Sendo,26,FALSE,neutral,,,
Oanh Kien,"trả hàng/hoàn tiền không ổn lắm, nói là trước 15/2 mà giờ 22/2 vẫn chưa thấy tiền vào tài khoản, không hiểu sao luôn:( tổng tiền là (1.250.000₫)",3,Shopee,28,FALSE,negative,,,
Phú Trần,dùng khá ổn như mà nhiều lúc có mã free ship như khi thanh toán thì vẫn có phí ship như thường,3,Shopee,22,FALSE,negative,,,
huynh nguyen,"hay nhưng tiền ship mắc , có khi còn nhiều hơn tiền hàng mà voucher áp vô cx 0 đáng kể 🙃",3,Lazada,22,FALSE,negative,,,
Như Yến,giao diện bất tiện,3,Lazada,4,FALSE,negative,,,
Nguyen Tu,hỗ trợ kém,3,Sendo,3,FALSE,negative,,,
Nguyen Quyet Thien,ayy,3,Lazada,1,FALSE,other,,,
ĐẠT NGUYỄN,lazada thêm nhiều mã vận chuyển miễn phí như shoppe thì hay,3,Lazada,12,FALSE,negative,,,
Bảo 04 TQT211,shop trả lời khách hàng quá chậm,3,Tiki,7,FALSE,negative,,,
Xiǎo Yīng,"thay vì mình bỏ tiền ra qc app vô mv này kia á, thì lo chi vô khâu làm app đi, cứ bị dừng với văng ra miết t mệt quá( nhất là khúc bấm giỏ hàng là văng), tính vô mua thử coi dịch vụ ra sao mà thôi chắc xoá luôn cho rồi. mặt hàng đã thua các sàn thương mại khác rồi mà còn lỗi riết khách mới nghỉ mua luôn.",3,Tiki,74,FALSE,negative,,,
Nam Hoàng,tại sao tôi đổi hình ảnh đại diện ko được,3,Sendo,10,FALSE,negative,,,
Hồ Đức Quang,app chậm quá.,3,Tiki,3,FALSE,negative,,,
Công Nam Vũ,tiền ship hơi đắt,3,Sendo,4,FALSE,negative,,,
Ky Tran,mình dùng thấy ok,3,Sendo,4,FALSE,positive,,,
Quỳnh Như,trải nghiệm tốt ><,3,Sendo,4,FALSE,positive,,,
Van Anh Do,mình xin cảm ơn về nội dung câu chữ rõ ràng,3,Lazada,11,FALSE,neutral,,,
Thùy phương Lê thị,sendo 3 saooo,3,Sendo,3,FALSE,neutral,,,
Trang Nguyen,giao hàng tốt,3,Tiki,3,FALSE,positive,,,
Mỹ Trần Chí (Mixcloud 60),goppd,3,Tiki,1,FALSE,other,,,
Lam Ngoc,bị lỗi gì rồi load hoài fix gấp đi ad ơi,3,Tiki,11,FALSE,negative,,,
Anh MvP,☺️giao hàng trong lúc xăng dầu lên app có cố gắng,3,Shopee,11,FALSE,negative,,,
Văn Cường Tạ,"tôi mua hàng rất nhiều .nhưng hoàn hàng ,trả hàng rất tệ .",3,Shopee,13,FALSE,negative,,,
Scott N.,"tại sao lại ko có nút ""hủy đơn hàng"" vậy?",3,Tiki,10,FALSE,negative,,,
vu huynh,chua dc trải nghiệm tốt,3,Sendo,5,FALSE,negative,,,
Sơn Hoàng,quá lag bro,3,Shopee,3,FALSE,negative,,,
212 creeper,ôkê được 3sao,3,Sendo,3,FALSE,neutral,,,
Van Quan,bấm vào phải cho xem sản phẩm được thì tải về mua.làm ăn mà ngu,3,Sendo,15,FALSE,negative,,,
Hiếu Nguyễn Đình,tiền hàng thì rẻ mà tiền ship rõ đắt,3,Lazada,9,FALSE,negative,,,
Gia PHAM,không vô được,3,Tiki,3,FALSE,negative,,,
Ðuc Lle,"ứng dụng thao tác rườm rà, đơn giản cho khách hàng mua giao dịch nhanh chóng.",3,Sendo,16,FALSE,negative,,,
cái hay cái đẹp “:”,vào app hay bị thoát ra ngoài,3,Sendo,7,FALSE,negative,,,
Văn Cưỡng Huỳnh,shop zalada cho biết tại sao tôi đặt hàng của zalada một trăm lần đều bị lỗi vậy.,3,Lazada,18,FALSE,negative,,,
Gi Lh,a đây rồi,3,Sendo,3,FALSE,other,,,
Văn Phẩm Đỗ,cũng tạm,3,Lazada,2,FALSE,neutral,,,
Minh Tuyết,"từng rất thích và đặt rất đơn ở bên này mà giờ coi lại thì giá nó caooo so với sàn khác, tiền ship thì mắc, voucher giảm giá ít giờ không dám đặt nữa:(((",3,Lazada,35,FALSE,neutral,,,
Huynh Thuy An,mục tìm kiếm k ra đúng yêu cầu. tìm đèn uv ra toàn đèn bàn học,3,Tiki,16,FALSE,negative,,,
mai Nguyễn,đang trong ứng dụng lazada mà vẫn qc lazada thật bực mình hết sức,3,Lazada,14,FALSE,negative,,,
Đệ Hoàng,"quảng cáo quá nhiều, làm phiền trong khi màn hình đang tắt và khi đang làm công việc khác",3,Lazada,19,FALSE,negative,,,
Quang Long,tiki giờ cũng để nhiều shop bán hàng trôi nổi nhiều rồi. không còn yên tâm mua hàng như xưa nữa.,3,Tiki,21,FALSE,negative,,,
Minh Nhật,"giao rõ thì lâu vượt quá mức dự kiến,thông báo cập nhật trạng thái đơn hàng thì chậm chạp,làm người ta phải sốt ruột",3,Lazada,24,FALSE,negative,,,
Thiện Nguyễn Vũ Quốc,"đơn vị vận chuyển làm vỡ hàng, nhân viên giao hàng để thông tin là khách từ chối nhận hàng, tài khoản người mua bị đánh giá xấu. lazada vẫn còn bênh người bán lắm. ngày sale áp mã lớn thì shop không giao hàng, hết hạn đóng gói, đơn bị hủy, đánh giá xấu người mua. làm được mã khuyến mãi thì đừng dùng chiêu trò.",3,Lazada,67,FALSE,negative,,,
Trọng Thái Miền Tây,tạm thời vậy thôi mình mới sử dụng đây thôi.sau này đánh giá lại nghe shop,3,Sendo,16,FALSE,neutral,,,
Mai Pham,"khi tôi nghe về bình luận của khách hàng thì tôi đã thất vọng rất nhiều về tiki , vì vậy mong tiki hãy làm việc cho khách hàng đúng quy trình và đừng làm tôi thấy vọng về ứng dụng này 😭😭😭",3,Tiki,43,FALSE,negative,,,
Thôi Duong,chưa sử dụng nên chưa biết có tốt không nên cho 3sao,3,Sendo,12,FALSE,neutral,,,
thời công nghê 4*0 viethung,"hàng không thích hủy thì hủy đơn , hủy nhiều thì không cho thành toán nữa đổi thành toán tiền trước, cũng không liên kết được thẻ ngân hàng, bực xóa luôn cho rồi",3,Sendo,34,FALSE,negative,,,
ThanhVi Trần,"vì làm đêm,ban ngày ngủ ko muốn nghe máy nên nhiều lần ghi chú ""cứ giao tới nhà có mẹ nhận dùm"" mà shiper cứ gọi xác nhận phiền vl... app nên thêm mục ghi chú cho shiper nhìn thấy để đỡ làm phiền khách hàng làm đêm ngủ ngày như mình... nào làm dc mình đánh giá lại 5 ☆",3,Shopee,61,FALSE,negative,,,
Nhan Tran,tự out tài khoản bắt đăng nhập lại. phiền,3,Tiki,9,FALSE,negative,,,
Long Nhất Huỳnh,"khó chịu khi tra 1 nơi mà ra sản phẩm 1 nẻo, có mấy cái mẫu ra đi ra lại hoài ,..",3,Shopee,22,FALSE,negative,,,
Hạnh Le,giao chả thấy gọi điện gì hết. toàn giao bậy cho người khác.,3,Shopee,13,FALSE,negative,,,
Thị Tâm Phó,tôi nhiều lần đã thực hiện nhiệm vụ nhưng nó ko cho tôi là hoàn thành và ko có quà.,3,Tiki,20,FALSE,negative,,,
Anh duong Van,đổ 0₫ thì bắt kiểm tra số đt,3,Shopee,8,FALSE,negative,,,
Nhutthanh Mai,không rcm,3,Lazada,2,FALSE,negative,,,
KT TG,ít sản phẩm thứ không có,3,Tiki,6,FALSE,negative,,,
kầu k,ứng dụng không liên kết được tài khoản ngân hàng nhập mã xác nhận xong ứng dụng báo lỗi chưa thực hiện được [543],3,Shopee,24,FALSE,negative,,,
Ruby Huong,thấy ok,3,Sendo,2,FALSE,neutral,,,
Hùng lĩnh Đỗ,hai mặt hàng mua cùng ngày mà không giao cùng ngày?.,3,Sendo,11,FALSE,negative,,,
Lăng Hách,mình mua đồ ở shopee khi mua hàng bị lỗi và trã hàng hoàng tiền .nhưng khi cần rút tiền thì shopee báo lỗi không rút được,3,Shopee,27,FALSE,negative,,,
Minh Nguyễn,giao hàng bị tráo. đã giải quyết thoả đáng tuy hơi chậm nhưng tạm chấp nhận được!!,3,Sendo,17,FALSE,negative,,,
Thuân Ca,phí vận chuyển hơi đắt,3,Sendo,5,FALSE,negative,,,
Vĩ hùng Bế,khó phân biệt hàng thật và hàng giả,3,Shopee,8,FALSE,negative,,,
Nhan Nguyen,đúng là vừa rẻ vừa ngon nữa chứ,3,Tiki,8,FALSE,positive,,,
Nhi Trieu,shipper còn chưa gọi đã hủy hàng của mình rồi,3,Shopee,10,FALSE,negative,,,
Dg U,mua hàng ko đc chất lượng cho lắm,3,Tiki,8,FALSE,negative,,,
Pín K,"phí vận chuyển hàng quá đắt trong khi đặt hàng trị giá có 20k thì phí vận chuyển lên đến 50k vậy sao mua nổi trong khi đó mặt hàng ko phải từ nước ngoài, lazada vui lòng kiểm tra lại về phí vận chuyển!",3,Lazada,45,FALSE,negative,,,
Khoa Võ,tôi vẫn không biết cách mua,3,Sendo,6,FALSE,neutral,,,
Tuyền Thanh,sao hk có chổ hủy đơn hàng zậy ạ,3,Tiki,9,FALSE,neutral,,,
Mai Hữu Phúc,"sàn bán hơi đắt,app ko trợ giá",3,Tiki,7,FALSE,negative,,,
Trường Sang Nguyễn,app này là cơ hội cho nhà bán. hàng lừa khách hàng . hàng giả ko đổi trả,3,Lazada,18,FALSE,negative,,,
Nguyenhungba Tuyen,tôi mùa hang o day nhieu rôi co cai duoc cai khong duoc,3,Sendo,13,FALSE,negative,,,
Thao Nguyen,"laz đợt này tệ quá, đặt hàng 3 ngày rồi nhà bán hàng vẫn chưa giao đến kho laz nữa. laz thì cũng không hối hàng cho khách, cứ dự kiến giao thêm 3 này tổng mất 6 ngày. tới ngày hẹn thì lại dự kiến giao thêm mấy ngày",3,Lazada,50,FALSE,negative,,,
Trang Thảo,mong shopee xem lại với ạ giao hàng hàng mất có 1k mà kêu là đã giao trong khi đó không nhận được hàng ạ,3,Shopee,25,FALSE,negative,,,
Hien Nguyen,"lúc này khách kiểu giống như bị tự động theo dõi ủng hộ nhà bán hàng trên sàn hay sao á , mà nhìu shop mình ko bít họ là ai ,bán món gì , nhưng mà đã tự động theo dõi gian hàng của họ lúc nào ko bít , thật là lợi hại .",3,Lazada,56,FALSE,negative,,,
naman le,làm thử thách ko nhận được xu . mất thời gian,3,Tiki,11,FALSE,negative,,,
Ánh Dương,sao đơn hàng của tôi cứ bị hủy hoài vậy,3,Tiki,10,FALSE,negative,,,
Nguyet Giang,có lần tui mua hàng bán không như giới thiệu,3,Lazada,10,FALSE,negative,,,
Quốc Ngữ Nguyễn,"admin ơi có thể nào fix cái lỗi khi hoàn thành nhiệm vụ nhận xu ở mục xu không? sao em hoàn thành rồi nhưng có một số nhiệm vụ lạ không cho nhận vàng, lúc đi ra quay lại màn hình trang xu lại mất nhiệm vụ đó. thật sự mong app sửa đổi !!",3,Lazada,56,FALSE,negative,,,
Đạt Lương Quốc,"hàng uy tín chất lượng cho tới ngày hnay trải nghiệm được một sự treo đầu dê bán thịt chó, phản hồi với tư vấn viên thì không đưa ra được lí do xác đáng, vô căn cứ, không liên quan. nói chung đã từng rất tin tưởng nhưng giờ thì :) quá buồn vì trải nghiệm quá tệ.",3,Sendo,59,FALSE,neutral,,,
Hau Nguyen,"để voucher giảm giá cho zui, đặt thì báo lỗi",3,Lazada,10,FALSE,negative,,,
Tấn Sang Ngô,"mình không đánh giá trải nghiệm mua sắm, mình đánh giá trải nghiệm ứng dụng: 1. không biết lỗi hay tính năng mà cứ mỗi lần mở app thì không vào trang chủ mà auto vào tab live/video. rất phiền. 2. đến 2026 rồi không tin được vẫn còn app không dùng được chế độ nền tối,lại còn là một app lớn như shopee, buổi tối sử dụng cái nền cứ trắng sáng, bất tiện vô cùng.",3,Shopee,77,FALSE,negative,,,
Quynh Nong,k có tìm kiếm bằng hình ảnh,3,Sendo,7,FALSE,negative,,,
Minh Huỳnh,"đáng lẽ đánh giá 5 sao.lúc mới vào rất tốt, đang mua hàng ngon trớn mua lia lịa thì bỗng dưng có nhiều món hàng cứ bị hủy... nhưng hổng sao. rồi đến một ngày nọ có món hàng bị hủy mà không chịu hòan tiền lại cho khách, đến nỗi khách phải vừa chờ đợi vừa khiếu nại thật lâu mới được... còn nữa... giận nghĩ chơi một thời gian.",3,Sendo,71,FALSE,neutral,,,
Nguyên Nguyễn,chưa dùng hẹn lần tới nhé,3,Lazada,6,FALSE,neutral,,,
Hải Vũ An,ấy lắm nha,3,Lazada,3,FALSE,other,,,
Thu Sen Nguyễn Thị,cũng được 😅😅,3,Sendo,3,FALSE,neutral,,,
Kim Lien,có cho xem hàng k ạ,3,Sendo,6,FALSE,neutral,,,
Hi Hi,nên thử,3,Sendo,2,FALSE,positive,,,
Hoang Tinh,chưa bt thế nào tạm thời cho 3 sao đả,3,Sendo,10,FALSE,neutral,,,
Người dùng Google,t k thể sd mã bởi chờ giảm giá,3,Lazada,9,FALSE,negative,,,
Blackberry bold Tony Nguyễn,dù thích mua hàng trên áp sendo những không đc kiểm hàng nên cũng chỉ dừng lại ở lướt qua thôi chắc tại không có duyên mua hàng trên mạng,3,Sendo,30,FALSE,negative,,,
Thịnh Hưng,bình thường,3,Tiki,2,FALSE,neutral,,,
Thưởng Phan,giao hàng lâu kinh khủng,3,Tiki,5,FALSE,negative,,,
Mạnh Trần,chèn quảng cáo quá nhiều,3,Shopee,5,FALSE,negative,,,
Tai Tran,"lag lắm, chậm lắm rồi",3,Shopee,5,FALSE,negative,,,
A glass cup,"giải quyết khiếu nại theo kiểu người mua phải bắt máy tổng đài gọi ra mới được xử, không là từ chối luôn. làm như ai cũng cầm điện thoại được suốt ngày không á. xử lý trong app, gửi thông báo để tương tác không được hay sao ý. sendo từ chối mình thì mốt mình cũng từ chối sendo luôn",3,Sendo,62,FALSE,negative,,,
Cường Nguyễn,vào sendotoi thấy mua bán rất hợp lý và hài lòng,3,Sendo,11,FALSE,positive,,,
Thạch Trần Đình,toàn bọn quảng cáo láo bán hàng giá quá cao. hàng dởm không trung thực mọi người không nên mua hàng ở sendo,3,Sendo,23,FALSE,negative,,,
Phuong Vy,tôi cảm thấy cũng bình thường thôi 😒😐😑 ....,3,Tiki,9,FALSE,neutral,,,
Chỉnh Nguyễn,khâu vận chuyển bên sendo khá là tệ. thời gian lấy hàng và giao hàng đến khách đều mất rất nhiều thời gian. nhiều khi khách quên mất luôn món hàng mình đã đặt. làm ăn nãn....,3,Sendo,37,FALSE,negative,,,
Anh Nguyen,"tôi hay mua hàng trên shopee. lý do: giao hàng nhanh, giá cả tốt hơn các trang tmdt khác. tuy nhiên cách xử lý đổi trả hàng của shopee lại rất có vấn đề: - trước đây vài tháng, tôi có mua một máy nén khí và thanh toán trước. sau khi nhận hàng tôi đã thử máy, nhưng máy không hoạt động. shopee đã đồng ý cho trả hàng, nhưng lại trừ của tôi gần 200.000 ₫ tại sao shopee lại trừ tiền của tôi khi mà đó không phải là do lỗi của tôi. ngược lại, tôi là người bị thiệt hại khi bị lỡ kế hoạch công việc",3,Shopee,111,FALSE,negative,,,
Fff Tff,k có vô chờ luôn á mua cái j cx đắt lúc có thì tự mik phải săn mà vô chờ có 10.000 đồg à ns phí ship 0 đồg là 0 đồng chx,3,Shopee,34,FALSE,negative,,,
Linh Gia,co điêu ung dung ko tai về nhanh dc.muon xem sang pham phai doi .một luc moi xem dc,3,Sendo,19,FALSE,negative,,,
thiet thai,giao hàng quá chậm..,3,Sendo,4,FALSE,negative,,,
Thị Vân,đắt quá,3,Lazada,2,FALSE,negative,,,
Vy Phạm,"có những đợt sale, rất nhiều mặt hàng, nhưng shipper giáo hàng rất hay thái độ với khách, đã góp ý nhưng không thấy giải quyết nên tôi quyết định xoá app",3,Shopee,32,FALSE,negative,,,
Tim Nguyen,"bạn có thể cho 20 hay 15 mã free ship một tuần không? với 10 mã không đủ mình mua, mình cần thêm. hãy cho thêm mã free ship được không bạn?",3,Lazada,32,FALSE,negative,,,
lươm ksor,karaoke,3,Lazada,1,FALSE,other,,,
Thạch Lương,chưa dung chưa biết cho ba sao đã,3,Sendo,8,FALSE,neutral,,,
A,"tiki giảm giá phí vận chuyển ít quá. nên làm lại như lúc trước, thì sẽ có nhiều người tin dùng hơn.",3,Tiki,22,FALSE,negative,,,
Tran Huyen,ko đc cho lắm nhé😞,3,Sendo,5,FALSE,negative,,,
Hoa,sao tôi không đặc hàng được,3,Shopee,6,FALSE,negative,,,
Thuỳ Linh,bthuong,3,Tiki,1,FALSE,neutral,,,
Quang Nguyen huu,tai sao toi muon mua hang ma khong duoc,3,Sendo,9,FALSE,negative,,,
Đức Lê Minh,"hơi khó dùng, ko hiểu mã gì, ở đâu. ko hiểu cấu trúc trang....",3,Tiki,14,FALSE,negative,,,
Thiện Nguyễn,chưa tốt cho lắm,3,Sendo,4,FALSE,negative,,,
hy lan,chỗ điểm danh nhận thưởg mỗi ngày bị lỗi.cả tháng nay làm nhiệm vụ xong cuối cùg chằg dc j,3,Tiki,20,FALSE,negative,,,
Nguyên Trần,chua dung tieu chuan lam,3,Sendo,5,FALSE,negative,,,
quan trieu,tiki liệu có tốt thật k nhiỉ,3,Tiki,7,FALSE,neutral,,,
Tiến Phúc,mong shoppe sẽ có chức năng đặt giờ giao hàng để tôi có thể nhận được hàng mà ko phải hoàn đơn,3,Shopee,22,FALSE,negative,,,
Vỹ Trần,có thể bán kỳ lân thật được ko,3,Tiki,8,FALSE,neutral,,,
Thắng Phạm,"mình cài 4 ứng dụng mua hàng online thì sendo loafd mạng chậm nhất,",3,Sendo,14,FALSE,negative,,,
Uyên Lương,"đặt hàng thấy giao chậm lắm luôn, hủy vì đơn hàng quá lâu mà cũng k đc nữa :(",3,Lazada,19,FALSE,negative,,,
Maika Lee,"hàng kém chất lượng quá nhiều, số lượng shop uy tín ít, đa phần lừa đảo và giá đắt hơn lazada và shopee nhiều.",3,Sendo,24,FALSE,negative,,,
Hiền Nguyễn,cuhgx,3,Lazada,1,FALSE,other,,,
Thay Hoàng,dược,3,Shopee,1,FALSE,positive,,,
Dami 4K,"góp ý cho sendo, cần có chỗ lọc giá thấp nhất cao nhất,khi đang lướt nửa cửa hàng nhấp vô xem 1 sản phẩm lại bị thoát về đầu trang rất khó chịu.",3,Sendo,33,FALSE,neutral,,,
Mạnh Lê Quốc,dịch vụ sendo farm tồi tệ. hôm thì hàng chưa giao đến đã báo đến rồi. khách đến đợi gần 30 phút mới có hàng. thiếu hàng thì không hỏi han thời gian khách hàng. có phải lúc nào cũng đến lấy ở điểm được đâu. quá tồi tệ. ps: tiền đã hoàn nhưng ấn tượng vẫn rất xấu. nhất là bộ phận chăm sóc khách hàng.,3,Sendo,67,FALSE,negative,,,
Bích Trần ngọc,lâu lâu xem lát muốn chết,3,Shopee,6,FALSE,negative,,,
QUYEN TRANTHITHUYEN,một số khối gỗ bị mất mảng không nguyên vẹn,3,Tiki,10,FALSE,negative,,,
Tâm Nguyễn Hữu,hơi thất vọng,3,Tiki,3,FALSE,negative,,,
Nguyễn Thanh Tân,"bao giờ shopee mới có giao diện tối??? đa số mn muốn săn live toàn vào ban đêm, cứ giữ nguyên cái giao diện cũ nát chói mắt mãi.",3,Shopee,29,FALSE,negative,,,
Hieu Blro,"so với các app sàn thương mại điện tử khác thì có vẻ từ lúc ""đặt hàng thành công tới lúc bộ phận vận chuyển nhận được hàng"" thì bên lzd chậm hơn một số app khác.. . công đoạn bộ phận vận chuyển chậm hơn so với app sp",3,Lazada,50,FALSE,negative,,,
Phủy Ngô,"app nát vậy, quay trúng thưởng điện thoại là bỏ luôn.",3,Lazada,11,FALSE,negative,,,
Minh Hậu Nguyễn,"nội dung mặt hàng thiếu tính đa đạng ,lẫn giá cả khuyến mãi chưa thể cạnh tranh được với shopee lẫn tiktok shop",3,Lazada,23,FALSE,negative,,,
Đỗ Văn Thanh HTTL*,shop bán giá quá cao. gà ủ muối hoa tiêu cao gấp đôi với các shop khác.,3,Sendo,17,FALSE,negative,,,
Vân Anh Nguyễn Thị,hmmm cx rất tốt nhưng tại sao lại gh mà kì gọi ạ lm em cảm thấy ko chủ đc tg,3,Tiki,21,FALSE,neutral,,,
Công Duy Mai,k có freeship,3,Lazada,3,FALSE,negative,,,
TRẦN TUẤN,nên cập nhật tính năng tìm kiếm bằng hình ảnh,3,Sendo,10,FALSE,neutral,,,
Uyen Hoang,"mình đăng ký ví lazada k đc, mà giờ hoàn tiền trừ vào đó r thì mik bt dùng kiểu gì đây?",3,Lazada,22,FALSE,negative,,,
Vóc Nguyễn Thị,"phần đánh giá có vấn đề! chủ shop có thể lấy ảnh và tự động comment, rất khó miêu tả cái này, nhưng tiki phải cố gắng. ko p shop nào trên tiki cũng cho khách hàng trải nghiệm tốt nhưng không thể sơ hở vậy đc ạ.",3,Tiki,48,FALSE,negative,,,
Thang Tran,chua mua nhung cho truoc 3 sao,3,Sendo,7,FALSE,neutral,,,
Clone Acc,shipper giao hàng thái độ,3,Lazada,5,FALSE,negative,,,
Quang nho Trần,mánh khóe quá..!!,3,Sendo,3,FALSE,negative,,,
Thanh Khoa6b,tạm được,3,Tiki,2,FALSE,neutral,,,
Nhớ Trần Xuân,quay trúng thưởng mà app bỏ qua là thấy sự minh bạch của lazada là không có,3,Lazada,17,FALSE,negative,,,
艳安 TvT,thật sự để nói về cấu hình thì nhìn rất rối cảm giác ko đẹp ko đơn giản như shoppe lại còn nâng giá các sản ph lên nua ko ph vì phí ship thao tác chậm rối mắt khó đọc 3 sao lá quá tốt r,3,Lazada,47,FALSE,negative,,,
Công Niệp Đặng,mua hàng không giao hàng tới nơi người tiêu dùng...,3,Lazada,10,FALSE,negative,,,
Người dùng Google,"mua trên sen đỏ ghét nhất là k cho kiểm tra hàng. bỏ tiền ra mua mà không cho xem có đúng mẫu không, có đủ số lượng không... phí vc cao quá",3,Sendo,33,FALSE,negative,,,
Hien Bui,tao là shop lừa đảo,3,Lazada,5,FALSE,negative,,,
Khanh Phuong,khiếu nại ko dc giải quyết cũng ko thấy phản hồi từ sendo,3,Sendo,13,FALSE,negative,,,
Kiet Nguyen,chưa đặt hay boom đơn hàng nào hết mà khóa tài khoảng vô cớ không có lý do chán thật!!!,3,Lazada,20,FALSE,negative,,,
Minh Dinh,sao app bây giờ bỏ hết phần lọc sản phẩm theo thương hiệu rồi à,3,Tiki,15,FALSE,negative,,,
Ngọc phụng Châu,bị nhảy quảng cáo tiki app quài,3,Tiki,7,FALSE,neutral,,,
Tien Bui,tui đặt hàng mà 1 tuần mới tới,3,Lazada,8,FALSE,negative,,,
Honganh Huynh,"mk tạo tk tiki cũng khá lâu r bên lc đó mk dùng email cũ để đăng kí, sau này mk bị mất email nên định đổi qua địa chỉ email ms mà đổi ko đc , trong phần hổ trợ thì ko gửi đc mong ad giúp mk vs ạ, mk cảm ơn nhìu",3,Tiki,55,FALSE,negative,,,
Thiện Kim,thích lắm,3,Sendo,2,FALSE,positive,,,
Linh Ha,quảng cáo nhiều vô kể chán hẳn,3,Sendo,7,FALSE,negative,,,
Loan Huynh,"gửi quảng cáo về điện thoại quá nhiều , thật là bực mình",3,Lazada,13,FALSE,negative,,,
Việt Phạm,tiki giao hàng lâu quá giao hàng thứ tư này là thứ 7 còn chưa nhận đc hàng,3,Tiki,18,FALSE,negative,,,
Việt Phú Bùi,"rất khó chịu khi qc lan man, triền miên, che hết nội dung khác. không hạn chế sẽ chuyển ứng dụng khác",3,Shopee,22,FALSE,negative,,,
Trường Hồng Huỳnh,tôi cũng mua khá nhiều từ app.nhưng cái tôi ghét và khó chịu nhất là chèn quảng cáo vào game nhưng đáng nói là nút x quá nhỏ bấm ko chuẩn sẽ vào app.máy tôi lại yếu chơi game nặng gặp như này bị văng ra và load lại.tôi biết lazada rất nổi tiếng nhưng đừng làm ức chế như vậy chứ?,3,Lazada,62,FALSE,negative,,,
Trang Pham,zing me,3,Sendo,2,FALSE,other,,,
Kien Cuong Thai,cho cái xu điểm danh làm gì ngứa cả mắt. chưa tích nổi 10k đã hết hạn.,3,Shopee,17,FALSE,negative,,,
Đại Nguyễn văn,hàng được,3,Sendo,2,FALSE,neutral,,,
Be Van,wá hữu ích,3,Lazada,3,FALSE,positive,,,
Trần Sỹ Việt,ứng dụng thì ok nhưng được cái khó chịu là lướt fb hay chorm bằng điện thoại rất hay bị link shopee,3,Shopee,22,FALSE,negative,,,
Cửa Sắt Vĩnh Kha,"shopee phí vận chuyển rẻ, hàng khá thực tế, nhưng shopee không công bằng về việc trả hàng hoàn tiền, shopee bên vực shop bán hàng, rõ ràng hàng bị lỗi, shop bán hàng nói không lỗi, không cho trả hàng hoàn tiền shopee chỉ nghe lời từ một phía.",3,Shopee,50,FALSE,negative,,,
Anh Đào duy,shope bị lỗi thông báo,3,Shopee,5,FALSE,negative,,,
Bích tiên Nguyễn thị,"trang ko phản hồi, ship mắc, giá sản phẩm cao.",3,Tiki,10,FALSE,negative,,,
Thiện Mr,tải tới 90% mà đợi hoài không xong!,3,Tiki,8,FALSE,negative,,,
Thanh Pham,tr ơi mới tải zề mà zô hk vó chỗ đkí mà mua miết j nữa tr,3,Tiki,17,FALSE,negative,,,
Tài Nguyễn,đẹp tốt như mô tả,3,Tiki,5,FALSE,positive,,,
Nam Son,"cắn xu cực mạnh, chơi trò chơi kiếm ít tiền mà mua đồ hỗ trợ chắc hết mẹ rồi",3,Shopee,19,FALSE,negative,,,
Sang Nguyễn,"shipper tự ý quyết định, đơn đến k gọi, k kêu, xong bảo ng mua từ chối, vô duyên",3,Shopee,19,FALSE,negative,,,
Người dùng Google,cái app mãi vẫn chưa khá lên được. nhưng đánh giá cao phần giải quyết khiếu nại của sd,3,Sendo,19,FALSE,negative,,,
Phú Cường,"đặt hàng -> thông báo đang vận chuyển -> chờ mãi, hơn 10 ngày sau báo "" đơn hàng của bạn đã bị hủy..."". quá nản, tại sao hủy đơn thì không thông báo sớm cho người ta biết để còn chuẩn bị",3,Sendo,43,FALSE,negative,,,
D Nguyen,hàng hóa tạp nham quâ,3,Sendo,5,FALSE,negative,,,
Tran Hang,"nn fsc x,, se",3,Sendo,4,FALSE,other,,,
Sen Nguyen,hoàn tiền vào số dư soppee lúc sử dụng ko dễ dàng như bên tictok .,3,Shopee,16,FALSE,negative,,,
Tùng Thân Trọng,"rất thích, tốt",3,Tiki,3,FALSE,positive,,,
Hhjjj Vghj,cunghay,3,Tiki,1,FALSE,neutral,,,
Nghiệm Lê,"đồ rẻ, phí ship đắt",3,Lazada,5,FALSE,neutral,,,
Nhu Hong,"2-3 ngày mà không mở ứng dụng, mỗi khi vào lại bắt đăng nhập lại tài khoản. tiki thấy mệt không chứ mình mệt và thấy bất tiện quá :)))) xoá ngay app",3,Tiki,33,FALSE,negative,,,
Bảo Nhi,tải về chỉ để cho 1sao,3,Tiki,6,FALSE,negative,,,
Lý Quốc Vinh,chưa trải nghiệm,3,Sendo,3,FALSE,neutral,,,
J Hdk,bán đồ mất hơi shoppe giao hàng thì lâu hơi nx nói chung là ko tốt cho lắm 🤘,3,Lazada,19,FALSE,negative,,,
Mon Min nè,tải chậm trễ ko,3,Tiki,4,FALSE,negative,,,
Trần Phương (Phuongtn),tầm tàm tạm,3,Sendo,3,FALSE,neutral,,,
hoi trinhvan,"cài đặt, nhưng chưa mua sắm gì đc.chỉ thấy các đánh giá 2 & 3 năm trước,không có đánh giá mới..? xoá không cài nữa..!",3,Tiki,25,FALSE,negative,,,
Phạm Ngọc Châu Ngân,"phê bình cách đóng gói hàng của tiki. truyện tranh ko bọc seal, ko có bọc chống xốc,...vấn đề này rất nhiều người phản ánh nhưng có lẽ tiki chx thể đáp ứng được điều này. với tư cách người mua hàng, khách hàng của tiki, tôi yêu cầu bên tiki sửa lại cách đóng gói của mình.",3,Tiki,58,FALSE,negative,,,
Yến Triệu,tìm lại giỏ hàng đã mua toàn xảy ra lỗi,3,Tiki,10,FALSE,negative,,,
Đức Việt Lê,giao hàng nhanh chóng chính xác mặt hàng. nhưng hai năm nay không mua nên không biết có còn uy tín như lúc trước hay không nên tạm thời cho ba sao,3,Sendo,32,FALSE,neutral,,,
Lỳ Phương,chưa gì thaya ko ỗn rồi,3,Sendo,6,FALSE,negative,,,
Khanhtrang Lethi,chỉ là bột mì thôi!,3,Tiki,5,FALSE,negative,,,
Sơn Nguyễn Hà,"mình vẫn đang sử dụng tiki vì một số nhu cầu nhất định, nhưng chất lượng phục vụ ngày càng đi xuống về tiến độ giao hàng lẫn độ ổn định của ứng dụng nên mình hạ sao xuống",3,Tiki,39,FALSE,neutral,,,
Khang Thịnh,áp bán hàng mà lại không có nút hủy đơn hàng.,3,Tiki,11,FALSE,negative,,,
Ngan Doan Kim,thực sự là mình rất thích sp ở tiki nhưng việc giao hàng thì làm mình không haig lòng chút nào,3,Tiki,21,FALSE,neutral,,,
Chánh Trần,tạm ổn thôi. vì có nhiều đơn hàng kh giống như hình ảnh với cả giao lâu nữa 😢,3,Shopee,19,FALSE,neutral,,,
Anh Nguyễn,chưa sử dụng bao giờ tâm thời cho 3 sao,3,Sendo,10,FALSE,neutral,,,
Cảnh Đinh,có được free ship k mn ?,3,Lazada,7,FALSE,neutral,,,
Khang Trần,app dùng được nhưng giao hàng muốn giời sang ngày khác tự í vậy đó,3,Sendo,15,FALSE,negative,,,
Thanh Hà Lý,dang tim mua,3,Sendo,3,FALSE,other,,,
Vy Nguyễn,"tôi chỉ mới tải thôi, chưa bík có đc hay hok thì ko chắc, nhưng mong là sẽ ko làm tôi thất vọng.",3,Tiki,23,FALSE,neutral,,,
C1VP-4A1- Vũ Minh Anh,cx đc,3,Shopee,2,FALSE,neutral,,,
Nhung Luu,"sao app bị gì thế , mọi hôm dùng ko sao , nay dùng cứ vào là tự thoát ra , vào chục lần thì thoát cả chục lần luôn rồi",3,Shopee,31,FALSE,negative,,,
Ho Chanh,thật à ?,3,Tiki,3,FALSE,other,,,
Phuong Soaika,cho 3 sao tam dk,3,Sendo,5,FALSE,neutral,,,
San Ly,hay tốt,3,Sendo,2,FALSE,positive,,,
vy nguyễn khánh,"giá tốt, tìm kiếm sp k được tốt có rất nhiều sp nhưng tìm kiếm chỉ hiện lên vài sp, k có sự so sánh giá với cùng sp để ng mua có dc giá tốt nhất khi mua cùng sp đó,chính sách giải quyết trả hàng hoàn tiền quá chậm,cskh k nhiệt tình hướng dẫn cho khách",3,Sendo,58,FALSE,positive,,,
Bá chiến Thái,tôi đã từng đặt nhiều sản phẩm từ tiki .giao rất đúng ngày .nhưng lần này không biết lí do vì sao 1 tuần rồi mà vẫn chưa nhận được .mong tiki có lời giải thích,3,Tiki,36,FALSE,negative,,,
Thư Nguyễn Ngọc Tường,"tui ko thik lazada lắm,phí ship rất cao ko thấy miễn phí ship,mua những đơn 100k trở lên cx ko free ship,tui ko thik lazada lắm,tôi thấy shopper rẻ hơn còn free ship (ykr)",3,Lazada,34,FALSE,negative,,,
Hung Ngoc,được mà lag,3,Lazada,3,FALSE,neutral,,,
Oanhh Ngọc,"đã hủy đơn hàng thành công rồi mà shop vẫn cố giao hàng ,phiền ghê",3,Lazada,15,FALSE,negative,,,
Việt Hồ Đức,luôn đắt hơn shopee và lazada,3,Sendo,6,FALSE,negative,,,
Nam,như lờ,3,Sendo,2,FALSE,negative,,,
Tuấn Minh Lê,"ứng dụng ko mở tự động khi dùng link trên web mà bắt phải vào cài đặt ứng dụng tiếp. ko có thông kê số tiền đã mua, bán",3,Shopee,29,FALSE,negative,,,
Không biết Gì cũng,gửi mã otp mà cũng mất thời gian,3,Lazada,8,FALSE,negative,,,
Hương,càng cập nhật càng chán và lag,3,Shopee,7,FALSE,negative,,,
Giang Nguyen,sao bắt khách hàng thanh toán qua thẻ.mình muốn mua mà k có thẻ ngân hàng nên mua k được.,3,Sendo,20,FALSE,negative,,,
Đào Đặng,ít voucher free ship cực mà tiền ship còn cao hơn cả tiền hàng nhìn k muốn mua luôn,3,Lazada,19,FALSE,negative,,,
đạt trần,"quá ít voucher lại còn mắc hơn shoppe,không có free ship luôn",3,Lazada,12,FALSE,negative,,,
ee. Louisiana,bình thường. nên thuê tôi thiết kế và tùy chỉnh lại ap,3,Shopee,12,FALSE,neutral,,,
Nhung Le,mặt hàng quá ít k bit mua gi,3,Tiki,8,FALSE,negative,,,
Duong Thi Kieu Trang,app bị lỗi suốt ko hiểu tại sao. hơn 1 tuần rồi,3,Tiki,12,FALSE,negative,,,
Nhu Nguyen,mua biết bao nhiêu lần rồi mà tại sao đa số không cho hình thức thanh toán khi nhận hàng???,3,Sendo,20,FALSE,negative,,,
Nguyễn Minh,không thể tải hình ảnh lên sendo để đánh giá sản phẩm,3,Sendo,12,FALSE,negative,,,
Nguyen Tam,xu lazada ko đổi được,3,Lazada,5,FALSE,negative,,,
Tình yêu bao la,khá ổn,3,Sendo,2,FALSE,neutral,,,
Vinh Trần,giá tiki rất cao so với những sàn khác.,3,Tiki,9,FALSE,negative,,,
Tuyết Minh,"bị trĩ hoãn bảo đến 2/10,7/10, 8/10 đến bây giờ 9/10 không thấy đâu",3,Lazada,14,FALSE,negative,,,
Tuấn Kiệt Phạm,làm nhiệm vụ ngày mãi không được.,3,Tiki,7,FALSE,negative,,,
Quốc Duy,k hủy đơn hàng được?,3,Tiki,5,FALSE,negative,,,
Nasri TV,shipper giam hàng lâu quá giữ hàng cả ngày không chịu giao,3,Shopee,12,FALSE,negative,,,
Anh Đinh,"chỉ sách+ tiki mới là chân ái chứ mấy thứ khác mà mua trên tiki đều hư mau k xài đcj nhiều, vd đồng hồ tai nghe đồ điện tử các kiểu rất dễ hư, mặc dù bảo quản rất tốt nhưng mở hàng ra đồng hồ đã tắt thở thì gọi bên cskh k ai giải quyết, chờ shipper đến thì shipper nói shipper hong biết nốt, khá thất vọng với tiki về điểm này:(( đã xoá tài khoản",3,Tiki,80,FALSE,negative,,,
Phong Minh,ciode co dx nohu k,3,Tiki,5,FALSE,other,,,
Food review,"sau vài năm xài shoppe thì cũng ko hài lòng vì có những gian hàng bán hàng lỗi, mình toàn trả tiền cho shop hàng trăm đến hàng triệu nhưng khi hoàn lại rất lâu và mất thời gian kèm đó là ship rất lâu mới đến lấy hàng.",3,Shopee,49,FALSE,negative,,,
Nhân Nguyễn,hàng đẹp giao đúng mẫu vãi rất tốt,3,Tiki,8,FALSE,positive,,,
Linh Nguyen,đề nghị tiki đổi nhà giao hàng khác. đặt mua 1 thùng sữa trên tiki. rõ ràng nhà bán ghi hàng cực kì dễ vỡ nhưng đến tay người mua hàng thì vỡ be bét mấy hộp liên.,3,Tiki,38,FALSE,negative,,,
Ngoc bao Ngo,giao nhanh như mỗi tội đặt 2 hàng mà mỗi ngày hoặc tháng chỉ giao 1 hành hơi bất tiện yêu cầu cần cải thiện thêm giao hành cùng 1 lúc,3,Tiki,31,FALSE,neutral,,,
Truyen Dau,hàng chưa thật sự như quảng cáo,3,Sendo,7,FALSE,negative,,,
Hà Nguyễn,phí vận chuyển cao ko đa dạng sản phẩm,3,Tiki,9,FALSE,negative,,,
Michael Nguyen,app lazada dạo này hay bị đơ quá,3,Lazada,8,FALSE,negative,,,
Uy Đinh,"shop bây giờ có vẻ không đáng tin nữa, nhiều shop đăng bài mập mờ.",3,Shopee,15,FALSE,negative,,,
Bén Cô,đóng gói hàng sơ sài,3,Tiki,5,FALSE,negative,,,
Huong Le,k có khuyến mãi cho người lần đầu tải app,3,Tiki,10,FALSE,negative,,,
Hiếu Nguyễn,chx biết như nào người mới mà ko đc giảm giá đơn đầu tiên và cũng ko đc miễn phí vẫn chuyển đơn đầu tiên,3,Sendo,25,FALSE,neutral,,,
Vidal Rio,"gọi điện, nhưng không giao hàng",3,Shopee,6,FALSE,negative,,,
Dự Trương,có mã free toàn bộ đơn hàng từ 0đ thì hay quá,3,Lazada,12,FALSE,negative,,,
SAMI SAVER VIỆT NAM,còn hay giật lag trong quá trình mua hàng,3,Lazada,9,FALSE,negative,,,
THI CHUC PHUONG DO,mua gói vip mua trước ngày sale lớn tới lúc mua đt mới thì hết mã giá trị cao😔 chấp nhận quảng cáo nhiều người dùng thì cung cấp đủ bỏ 29k mua ko như giới thiệu hỏi còn bùn bực ko ?,3,Shopee,43,FALSE,negative,,,
Giang Tong,c. 8873.,3,Lazada,2,TRUE,other,,,
Hung Pham van,m..quản,3,Sendo,1,TRUE,other,,,
Ngọc Minh Huỳnh,nên để thêm số điện thoại của shipper giao đi ạ:)),3,Tiki,11,TRUE,negative,,,
Tỷ Phú KTOL_2,tại sao bây giờ không thể hủy bỏ liên kết với momo zalopay thẻ visa vậy admin,3,Lazada,17,TRUE,negative,,,
trang truong,👍 hay,3,Lazada,2,TRUE,positive,,,
Thị lan Đào,chậm :))),3,Lazada,2,TRUE,negative,,,
Tám Trần Thị,❤️,3,Sendo,1,TRUE,other,,,
Hiển Võ Văn,"đề nghị cho phép copy mã đơn hàng trong app, vì khi chat hoặc cần liên hệ hỗ trợ thì k copy được",3,Tiki,23,TRUE,neutral,,,
Trường Phan,d.,3,Sendo,1,TRUE,other,,,
Van Bui,"tiki dạo này rất chậm nha, chậm cả khi click thông báo hay thanh toán. sáng nay thanh toán 2 lần mới được nè",3,Tiki,24,TRUE,negative,,,
THANH KIỀU,ok 👍,3,Lazada,2,TRUE,positive,,,
Thị Păn Tao,🙂🙂🙂,3,Tiki,1,TRUE,other,,,
Bon wake up and sog PO,ហាងកាហ្វេប៊ី,3,Tiki,1,TRUE,other,,,
Phụng Nguyễn thị kim,liên kết tiếp thị bị lỗi rồi điền số điện thoại quài không hợp lệ hòa luôn,3,Lazada,17,TRUE,negative,,,
vanh lag,it;;;;;;mmymmm ....j no.,3,Tiki,3,TRUE,other,,,
Lệ Nhật,dạo này không dùng đc mã giảm giá tiền ship bằng tiền hàng luôn r,3,Lazada,15,TRUE,negative,,,
Nguyễn Minh Truyền (Linh Miu),ứng dụng thường xuyên không phản hồi khi khách hàng muốn click xem thêm sản phẩm khác rất khó chịu. mong nhà phát triển ứng dụng nghiên cứu khắc phục để khách hàng đến mua sắm ngày càng nhiều hơn trên ứng dụng này. cảm ơn!,3,Tiki,46,TRUE,negative,,,
Thịnh Trần,wzzzơzơwz:@,3,Sendo,1,TRUE,other,,,
Hoangkhiem Nguyen,"bữa giờ sao ko thanh toán bằng zalopay đc vậy?thấy để đang bảo trì gì đó mà lâu rồi á,bảo trì hay sửa chữa gì cũng vài ba ngày thôi chứ!",3,Lazada,31,TRUE,negative,,,
Hung Tran,có những cửa hàng giao hàng rất chậm.11 ngày chưa thấy.nhắn tin hỏi thì nói là ở vùng xa ko nhanh đc.xong đơn hàng gở app.sẻ ko dùng sendo nữa,3,Sendo,30,TRUE,negative,,,
Quỳnh Anh Phamn,"tốt,có nhiều mã giảm giá,cơ mà có mấy ông shipper hay nuốt đơn 0₫,1k của t,bực mình lắm ý,mong shoppe phạt thật nặng mấy ông cập nhật trạng thái đã giao mà ko giao😁",3,Shopee,34,TRUE,neutral,,,
Tấn Tài,thêm số điện thoại shipped giao hàng để khách hàng tiện liên hệ,3,Shopee,13,TRUE,negative,,,
Haki Fako,app hơi ít mã giảm giá và freeship để áp vào đơn hàng,3,Lazada,13,TRUE,negative,,,
Hỏny Pơ,"app tệ lém, lấy mã xác nhận số điện thoại mà ko thấy gửi đâu cả =(",3,Tiki,17,TRUE,negative,,,
Thanh Vũ Nguyễn Duy,"mở thẻ đối tác với vib gì đó, kiu duyệt trong 8h, chả thấy thông báo hay gì cả. vib cũng ko alo hay bất kỳ thông tin gì về việc mở thành công hay không. dịch vụ tệ quá. nghĩ là uy tín mà chán ghê",3,Lazada,47,TRUE,negative,,,
Dien Do,.ơ,3,Sendo,1,TRUE,other,,,
nam vu,cho mã giảm giá dj shop,3,Tiki,6,TRUE,neutral,,,
Hủ tham ăn,gần đây có nhìu nick shop ảo gửi link lạ t ghi ngờ thông tin cá nhân mình bị lộ!!!!!!,3,Shopee,20,TRUE,negative,,,
Trinh Diễm,bad🥲,3,Shopee,1,TRUE,other,,,
Tiến Tống,##''##9₫?*₫9₫0.₫4??4?5???!,3,Sendo,1,TRUE,other,,,
le van nhàng,nhan tin deo thay tra loi,3,Sendo,6,TRUE,negative,,,
Thi thao Nguyen,⅘cv,3,Shopee,1,TRUE,other,,,
Vanminh Lo,giao hang rất nhanh và hàng tốt .nhưng sđt thì gi sai số .thông tin có đây đủ sđt và thông tin đúng gi toàn sai sđt,3,Shopee,27,TRUE,negative,,,
Mi Only,"điểm mạnh có thể dễ thấy là việc giao hàng nhanh, cũng như có hệ thống cskh tốt. nhưng nhìn chung thì app gần như không mã giảm giá nên giá thường cao, không đa dạng về mặt hàng, app cũng rất lag, nhiều lỗi vặt cần phải khắc phục khi không thể cạnh tranh về giá với các app thương mại khác",3,Tiki,63,TRUE,neutral,,,
Thanh trần Sơn,"ứng dụng chạy qquảng cáo quá nhiều. ít mã giảm giá, cả máy tháng chả săn được gì. không có mã giảm 10 12% như shoppeee. nói chung là chán",3,Lazada,30,TRUE,negative,,,
Quang Đỗ Văn,"ưu điểm: giao diện dễ sử dụng. thanh toán khá đơn giản và dễ dàng. mô tả sản phẩm khá là chi tiết. nhược điểm: ít mã giảm, khó sử dụng và mô tả mã giảm giá hơi rối rắm. ít chương trình khuyến mại, các sản phẩm trên sàn hầu như không có bình luận sản phẩm đây là một điều rất chán khi mua hàng.",3,Sendo,67,TRUE,neutral,,,
Trung Hữu,tạm được.,3,Sendo,2,TRUE,neutral,,,
Ngọc Hân Nguyễn,🤬🤬🤬🤬🤬🤬🤬🤬🤬🤬🤬🤬🤬🤬🤬🤬🤬🤬🤬🤬🤬🤬🤬🤬🤬🤬🤬🤬,3,Tiki,1,TRUE,negative,,,
Thắng Mai,tôi cần số điện thoại để liên hệ khi cần vì đơn đặt hàng thường trễ hẹn .xin cảm ơn.,3,Sendo,20,TRUE,neutral,,,
Duyên Giáp võ mỹ,tôi cảm thây.lazada lam viêc qua khăc khe thời gian dao không đung ngày.nên khi dao khach hang chậm vê tài chánh buôc phải hồi.khi có tiền đăt mua lai thì từ chôi kg bán lam ăn như vây ......có tiên mua đâu cung có.còn tiên sipe.mon hàng 30n thi hêt 20nsipe,3,Lazada,52,TRUE,negative,,,
Plinh Phạm,"đăng nhập vào tài khoản mà cứ báo do lý do bảo mật r bắt liên hệ , liên hệ mà không ai trả lời nói chung khá tệ với mình",3,Lazada,31,TRUE,negative,,,
Linh Bui,shopee nhiều mặc hàng lựa chọn bị cái đổi trả liên hệ mệt nếu ở mấy khu ít shiper lấy hàng,3,Shopee,21,TRUE,negative,,,
Hoang Mai Truong,không có mã giảm giá sâu như shoppe,3,Tiki,8,TRUE,negative,,,
Thang Tran,"cé, * 💕?&😊u,",3,Sendo,3,TRUE,other,,,
Mai Lê,tôi mua máy nướng thịt mười xiên khuyến mại thêm mười xiên mà cuối cùng chẳng đc khuyến mại xiên nào .chán,3,Sendo,22,TRUE,negative,,,
Toan Le,thất vọng trên nền tảng giao hàng trì trệ lâu hơn thời gian định kiến dù là hàng nội địa đến thời giang giao hàng thì lại không có ai liên hệ cho nguoi mua,3,Tiki,35,TRUE,negative,,,
Coi Trang,😁,3,Sendo,1,TRUE,other,,,
Ngoc Bui,"mua 3 đơn hàng 0đ thì lại bị hủy?????? rất buồn nha nhà sản xuất ơi, lâu lâu dùng thử thì bị hủy chán quá.",3,Lazada,25,TRUE,negative,,,
Ngan Vu,có mã giảm giá mà k dùng đc,3,Shopee,8,TRUE,negative,,,
Tran Thi My Linh,z .,3,Sendo,2,TRUE,other,,,
Jk 092nsnn,có xu mà kh áp dụng đc hết sp thì kh có mã giảm giá toàn ship cao,3,Lazada,18,TRUE,negative,,,
xuân trần,không có mã giảm giá gì hết,3,Tiki,7,TRUE,negative,,,
Nhựt Khôi,nhắn tin cho shop thì chả thấy rep làm ăn vậy là sao ạ,3,Tiki,14,TRUE,negative,,,
Dola Huynh,ko thể liên hệ tổng đài khi đơn bị sự cố,3,Shopee,11,TRUE,negative,,,
Minh Khuê Phạm,"app thi thoảng bị đơ, shipper shopee food rất vô duyên cứ nhòm đt khách gõ mk tknh là thế nào, nhieu acc shopee gui link vao inbox spam báo cáo liên tục",3,Shopee,33,TRUE,negative,,,
hue Ctt,shoppe nên cập nhật thêm phần thông tin của bên đơn vị vận chuyển để liên hệ khi cần,3,Shopee,19,TRUE,negative,,,
Nhinh Duy,. ok,3,Lazada,2,TRUE,other,,,
Vinh Võ,"làm sao để lấy mã giảm giá vậy nhỉ,mik lần đầu tiên sử dụng lazada mà ko có mã giảm giá cho bạn mới hẻ",3,Lazada,25,TRUE,neutral,,,
Minh Nguyệt Nguyễn,đặt hàng có rõ nhiều mã xg bắt thêm sđt mà thêm sđt thì kh còn mã nx chuyển qua nick khác luôn,3,Shopee,23,TRUE,negative,,,
Dũng Đào,"nhắn tin quản cáo quá phiền, xem sp nào thì thấy nt quản cáo luôn",3,Lazada,15,TRUE,negative,,,
Vân Phong,cần thêm phương thức thanh toán luôn qua ngân hàng không cần qua momo hay zalopay,3,Lazada,16,TRUE,neutral,,,
Hà,"lazada dạo này bị lỗi thanh toán zalo pay không được, trong khi đơn hàng có mấy chục nghìn không thanh toán được cứ bảo là tài khoản không đủ tiền mà tiền trong tài khoản dư cứ không thanh toán được.",3,Lazada,42,TRUE,negative,,,
En Pham,shop không giao hàng sendo không hoàn lại mã giảm giá thiệt thòi cho người mua ví senpay thì rút tiền mất phí,3,Sendo,23,TRUE,negative,,,
Lam Nguyễn Ngọc,mã giảm giá k đc nhìu lắm,3,Sendo,7,TRUE,negative,,,
Frederick Wade Bland,3.3★,3,Shopee,1,TRUE,other,,,
Binh Nguyen,giá vận chuyển hơi cao,4,Sendo,5,FALSE,negative,,,
Hai Nguyen,cần phải tốt hơn nửa tạm thời cho 4 sao,4,Sendo,10,FALSE,neutral,,,
Gia ca Ly,"okey,cho bốn sao",4,Sendo,3,FALSE,neutral,,,
Thanh Thao,hi vọng phần theo dõi đơn hàng sẽ chi tiết và cụ thể hơn vẫn đang còn sơ sài,4,Tiki,19,FALSE,neutral,,,
Hùng Lê,shopee lúc đầu hổ trợ xu sau này ko cho nhận xu nữa hỏi thì nói mập mờ bảo hoạt động bất thường ủa có làm gì đâu bất thường nhận xu để mua hàng mà nói vậy quá bất mãn với shopee,4,Shopee,43,FALSE,negative,,,
Vũ Tú,mình chưa trải nghiệm nhiều nên 4* nhé,4,Tiki,8,FALSE,neutral,,,
Le Nguyen,ủa s shop k tl tn khách???,4,Sendo,7,FALSE,negative,,,
Son Nguyen,sản phẩm thì ok giao hàng thì rất chậm,4,Sendo,9,FALSE,neutral,,,
Nhi Đỗ,xịn,4,Sendo,1,FALSE,positive,,,
Giao Luong,hơi đắt tạm,4,Tiki,3,FALSE,neutral,,,
Oanh Do,vẫn có hàng không chuẩn nên mua xong lại phải hoàn lại.,4,Shopee,12,FALSE,neutral,,,
Nguyenvantru Nguyễn,cục xạc dùng được đó bạn ơi,4,Tiki,7,FALSE,positive,,,
Thái Hào,"sen đỏ bây giờ mỗi lần mua phải xác minh mã opt gì, làm không kịp giờ sale",4,Sendo,18,FALSE,neutral,,,
A330 Airbus,tôi thích lazada hơn soppe cảm ơn lazada,4,Lazada,8,FALSE,,,,
Lả Lò thị,chx đặt hàng nhưng nhìn chung ổn,4,Sendo,7,FALSE,neutral,,,
TÀI NĂNG TV,cung đươc,4,Tiki,2,FALSE,neutral,,,
Đoàn Thị Kim Thoa,tự nhiên không cho đặt hàng:)),4,Shopee,6,FALSE,negative,,,
Dung Buianh,tôi thấy nó rất tiện lợi🤓🤓🤓🤓,4,Tiki,6,FALSE,positive,,,
tiepqua hay kieu,hay bị mất mã miễn phí vận chuyển quá,4,Lazada,9,FALSE,negative,,,
Việt phong Phạm,tạm ổn(nhưng mà hơi lag),4,Shopee,5,FALSE,neutral,,,
Xuân K,"ứng dụng này nghe tín nhiều người dùng và mùa sắm, những tui dùng lại không được họ yêu cầu cái này kìa với lại còn nặng máy nóng máy giật lát",4,Shopee,32,FALSE,neutral,,,
Linh Lương Chí,rất tiên lợi,4,Sendo,3,FALSE,positive,,,
Anh Đức,giao hàng chậm hơn dự kiến,4,Tiki,6,FALSE,negative,,,
Huong Nguyen,"lazada giao hàng nhanh, mà 2 hôm nay app bị gì mà ko có cái mã freeship nào hết, mua cái gì cũg tính phí vận chuyển ko như mọi lần mua. không có mã freeship chắc ko chơi lazada nữa, chán, tự nhiên lại thay đổi, khách hàng sẽ quay lưng hết cho xem, mong lazada cải thiện như cũ",4,Lazada,61,FALSE,neutral,,,
Lê Thị Bích Thủy,"hàng ok nhưng lâu lâu có vài đơn bị hủy vô cớ, k 1 cuộc gọi cho mik,mong shopee thay đổi ạ,nhưng đc cái là nhiều voucher á, thêm mấy dịp lễ nx, đánh giá 4 sao thuii",4,Shopee,38,FALSE,neutral,,,
Hương liễu Ha,phần like nhiều ng toxic,4,Lazada,5,FALSE,neutral,,,
trần thuận,nếu bật được chế độ nền tối nữa là ok.. nền sáng chói mắt quá,4,Tiki,15,FALSE,neutral,,,
Luân Dương,trả hiểu kiểu gì đang đặt hàng ngon thì k thanh toán đc làm ơn mở lại hộ còn nhiều nhược điểm cần cải thiện,4,Shopee,25,FALSE,neutral,,,
Han Đào,vẫn có một số mặt hàng mô tả không đúng sự thật hoặc thiếu về số lượng,4,Shopee,17,FALSE,neutral,,,
Hoc tieng Hoa,"hàng giao nhanh,đúng hẹn.",4,Shopee,4,FALSE,positive,,,
Yaka성시퍼,tiki giá hơi đắt so với lazada và shopee,4,Tiki,9,FALSE,negative,,,
Đường Võ Tnhanh,tôi cho 4 sao,4,Tiki,4,FALSE,other,,,
Nhan Tran,cũng ok,4,Sendo,2,FALSE,neutral,,,
Ly kha Lê văn,"so với lúc trước, app đã cải thiện hơn nhưng vẫn có mấy kênh bán hàng treo đầu dê bán thịt chó :v",4,Shopee,23,FALSE,negative,,,
tho dang,"ứng dụng dung lượng lớn, phản hồi của app chậm hay treo máy, mong khắc phục, để hoạt động tốt hơn",4,Shopee,21,FALSE,negative,,,
Ly Khánh,giá khá cao,4,Tiki,3,FALSE,negative,,,
phuong vn,cũng tạm ổn.nhưng cần nhiều sản phẩm chất lượng hơn...,4,Sendo,10,FALSE,neutral,,,
Mạnh Lâm Đào,không cho cài đặt thông báo qua mail. cái gì cũng gửi mail về cực kì phiền. làm rất thiếu chuyên nghiệp so với các app khác.,4,Tiki,27,FALSE,negative,,,
noel lan Phuong,tôi không hiểu mấy về luật buôn bán hay đem hành không đúng như quảng cáo còn không đúng ký,4,Shopee,20,FALSE,negative,,,
Lamhong Phan,"dịch vụ theo dõi đơn hàng cần cụ thể hơn. như: đơn hàng đã đến đâu, khi đến trạm giao hàng thì nên báo cho khách hàng biết. còn phần nhận xét, đánh giá khách hàng không chính xác, cần xem lại.",4,Sendo,42,FALSE,neutral,,,
Thiện Phạm,hay nên dùng,4,Lazada,3,FALSE,positive,,,
Toàn Nguyễn,mình chưa nhận hàng khi nào nhận được mình đánh giá tiếp,4,Sendo,12,FALSE,neutral,,,
Ngo Kieu (2kiều),ứng dụng bán ít hàng quá và thiết kế app khó sử dụng khó tìm tin nhắn,4,Tiki,17,FALSE,negative,,,
Tường Lợi,đóng gói cẩn thận,4,Sendo,4,FALSE,positive,,,
Tien Thuy,không có trò chơi mà tôi mong muốn,4,Shopee,8,FALSE,negative,,,
Le Minh Duc,người bán hàng hủy đơn nhiều,4,Sendo,6,FALSE,negative,,,
Anh Lương Quỳnh,"có đôi lúc giao hàng ko đúng sản phẩm ko như giới thiệu, người giao hàng khó khăn",4,Sendo,18,FALSE,neutral,,,
Xuân Mạc,ôn,4,Sendo,1,FALSE,neutral,,,
Bá Tăng,chất lượng là chính,4,Lazada,4,FALSE,neutral,,,
Bốn Phạm,cũng được,4,Shopee,2,FALSE,neutral,,,
QUOC PHONG LE TRAN,hi phong,4,Tiki,2,FALSE,other,,,
Trung Kien Nguyen,chưa dùng nên chưa biết nếu đặt hàng nhanh thì cho 5 sao,4,Sendo,13,FALSE,neutral,,,
Vượng Nguyễn,phop giao trong 2 tiếng tiện lợi luôn,4,Tiki,8,FALSE,positive,,,
Quốc nghiệm JC Nguyễn,trải nghiệm,4,Tiki,2,FALSE,other,,,
duc xuan,dạo gần đây có tiến bộ,4,Tiki,6,FALSE,positive,,,
Phùng Van,"tiki nên cải thiện ứng dụng, ví dụ như tìm kiếm 1 thứ gì khi hiện ra các sản phẩm thì nên để địa điểm của shop đó là ở đâu cho người mua dễ hình dung.ví dụ mình ở hn thì mình sẽ ưu tiên tìm những shop quanh miền bắc và hn trước,sau đó mới đến miền nam. và ngược lại",4,Tiki,63,FALSE,neutral,,,
Tuan Huynh,được nhưng sản phẩm hơi cao và có vài món đồ chưa được có.,4,Tiki,14,FALSE,negative,,,
Duyen Luong,cũng rất tốt cho 4 sao,4,Tiki,6,FALSE,positive,,,
Dong Xich,quá ổn và chuẩn hơn trước rất nhiều,4,Shopee,8,FALSE,positive,,,
Nhân Trần,"mua hàng dễ dàng,giá hời, free ship",4,Shopee,7,FALSE,positive,,,
Truongbvtruong Bvtruong,ứng dụng dùng được sop gui hàng nhanh .giá cả hợp lý,4,Sendo,12,FALSE,positive,,,
Dương Hoang Nguyễn,hàng tốt nhưng giao hàng hơi râu cho 4sao,4,Sendo,9,FALSE,neutral,,,
Trần Quang Trung,tớ thích shopee hơn 😅😅😘,4,Sendo,5,FALSE,neutral,,,
Tung Tung,ứng dụng sendo rất tốt,4,Sendo,5,FALSE,positive,,,
Phúc Nguyễn,"j đâu mà bắt xác nhận là người k phải robot thấy lâu, rói, ròm rà ,mất thgian định cho 1☆",4,Lazada,21,FALSE,other,,,
Hieu Nguyenhien,trải nghiệm phong phú,4,Lazada,4,FALSE,other,,,
Giang Son,chất lượng chưa đúng lắm,4,Sendo,5,FALSE,negative,,,
Sang Hoàng,đề nghị chỉnh sửa giao diện sáng và tối như tik tok shop,4,Shopee,13,FALSE,neutral,,,
Ngân Linh,cũng ổn,4,Lazada,2,FALSE,neutral,,,
今古,có thêm tính năng 1 đơn mua được nhiều loại nữa thì tốt,4,Lazada,13,FALSE,neutral,,,
Trí Nguyễn,phí ship mắc gần phí đồ luôn ấy. mã cũng toàn giá trên trời mới có,4,Lazada,16,FALSE,negative,,,
Xuân thủy Vũ,phục vụ tốt.chú ý tới chất lượng sản phẩm nhiều hơn..,4,Tiki,11,FALSE,neutral,,,
Cá Koi Thái Bình,còn 1 số lỗi mua về sau giao sp ko đúng mẫu mà lên viết đánh giá ko có được,4,Tiki,20,FALSE,neutral,,,
Bien Do ngoc,hài lòng khi có ứng dụng,4,Sendo,6,FALSE,positive,,,
Hồng Sơn Lê,sản phẩm khá tốt .nhưng cần liên kết với nhà cung cấp có uy tín và có trách nhiệm hơn thì sẽ phục vụ tốt,4,Sendo,25,FALSE,neutral,,,
tram nguyenthi,mua hạt giống mak ko có hạt giống trong bị,4,Tiki,10,FALSE,other,,,
Dung Le duc,dô được 2p lại bị out ra,4,Tiki,7,FALSE,negative,,,
Giang Hoang,"ứng dụng này dùng mua sắm tốt, có nhiều ưu đãi giá cả dành cho người mua và được shopee bảo vệ quyền lợi của người tiêu dùng. cài đặt và các thủ tục có liên quan được shopee hỗ trợ tốt.",4,Shopee,42,FALSE,positive,,,
Tùng Dương Danh,bán một số hàng không chất lượng so với quảng cáo,4,Sendo,11,FALSE,negative,,,
Vy Lê Ngọc Bảo,tốt nhưng hơi,4,Lazada,3,FALSE,neutral,,,
cuong tri,"ok, hàng phong phú giá rẻ",4,Sendo,6,FALSE,positive,,,
Đông Nguyễn,chưa nhận hàng chưa biết tn nhưng động viên cho 4 sao,4,Sendo,12,FALSE,neutral,,,
Khanh Nguyễn Tuấn,cần linh hoạt về đặt hàng. cần thông báo đúng chất lượng hàng,4,Sendo,13,FALSE,negative,,,
Trần Thị Hoa,đơn mãi chx đc giao,4,Shopee,5,FALSE,negative,,,
Huu Le,ôkê tốt,4,Sendo,2,FALSE,positive,,,
Sơn Quàng,tôi đánh giá 4 sao vì chục chặc quá,4,Lazada,9,FALSE,neutral,,,
Kim Dung Nguyễn,"giao hàng nhanh, uy tín, chính xác.",4,Shopee,7,FALSE,positive,,,
Đặng Trần,lần đầu mua hàng giao nhanh đạt yêu cầu!,4,Shopee,9,FALSE,neutral,,,
Văn Long Nguyễn,hàng ko về,4,Shopee,3,FALSE,negative,,,
minh Kieuthi,ship hàng hơi chậm,4,Sendo,4,FALSE,negative,,,
Thảo Hoàng,"giao rất chậm, đang cần gấp mà cứ hẹn lại ngày để giao, mãi ko nhận được hàng gì cả,chat với nhân viên thì chả giải quyết được cái vấn đề gì, chỉ biết cope lại mấy câu mẫu thôi",4,Shopee,40,FALSE,negative,,,
Long Minh,cũng tạm ổn,4,Tiki,3,FALSE,neutral,,,
hiếu lương,lẽ ra cho 5* nhưng vì có lúc cũng gặp hàng kém chất lượng là do tiki không tích cực giáo dục và qui định nghiem với đối tác cung cấp hàng hoá.,4,Tiki,33,FALSE,neutral,,,
Huỳnh Phan,tuyệt vời,4,Sendo,2,FALSE,positive,,,
Thành Hưng Nguyễn,"tốt, nhưng vận chuyển hàng quá lâu",4,Sendo,7,FALSE,neutral,,,
Dòng Sông Nổi nhớ,lúc nào vào thi đấu tưới nước cây gần hết thời gian lag đứng yên máy hoài nhiều lúc tức muốn chết đi được ...,4,Shopee,25,FALSE,negative,,,
Thanh Nguyễn,khá tốt,4,Sendo,2,FALSE,neutral,,,
Gia Hạ Hồ,lazada mik sài thấy cũng tốt nhưng tiền ship hơi cao mong lazada thấy,4,Lazada,14,FALSE,neutral,,,
Quỳnh Như Nguyễn Thị,đúng là tiki giao nhanh trong 2:giờ đỉnh vãi tui thích tiki,4,Tiki,12,FALSE,positive,,,
BaoVy Bui,liên kết khá lâu với senpay,4,Sendo,6,FALSE,negative,,,
Mich Bui,rất tuyệt vời lazada,4,Lazada,4,FALSE,positive,,,
Văn Vũ Nguyễn,phí ship còn cao,4,Sendo,4,FALSE,negative,,,
Da Hoa,"thanh toán hay bị lỗi, mong ad sớm khắc phục",4,Sendo,10,FALSE,negative,,,
Huyền Trang,tuyệt nhưng khi cài tài khoản ko vào luôn mà còn làm nhiều cái khác tôi ko thích,4,Sendo,18,FALSE,negative,,,
Đóng A,lúc khi muốn đạt hàng mà ko dcccc🤔 shopping hải xem lại,4,Shopee,12,FALSE,negative,,,
CT8 Nguyễn Thị Hồng Nhung,bam la co nhung khong co trung hatchimal baby dang le cho 0 sao nhung ung dung cung hay nen cho 4sao 4likes ung ho tiki,4,Tiki,26,FALSE,neutral,,,
Văn Huy Từ,tui nhận đc tiền ưu đãi,4,Sendo,6,FALSE,positive,,,
Hữu Nghĩa Nguyễn,dịch vụ khá tốt. chưa nhiều ưu đãi hoặc thanh toán qua ví senpay.,4,Sendo,14,FALSE,positive,,,
HUNG NGUYEN,hang duoc,4,Sendo,2,FALSE,positive,,,
Biên Nguyễn,mua bán tốt,4,Sendo,3,FALSE,positive,,,
Lê Viết Tuấn Minh,quá nhiều quảng cáo,4,Shopee,4,FALSE,negative,,,
Đạt Đinh,jdidi,4,Tiki,1,FALSE,other,,,
YouTube Music,cái gì cũng rẽ với lại còn tiện như người giao hàng dell có tâm ...nên cho 4 sao,4,Tiki,19,FALSE,neutral,,,
Duc Thanh Phung,abc,4,Lazada,1,FALSE,other,,,
lu nguyen,của llll@% pp,4,Tiki,3,FALSE,other,,,
Hong Voanh,hoàn hảo,4,Lazada,2,FALSE,positive,,,
Thiện Huy Quách,ok thôi,4,Sendo,2,FALSE,neutral,,,
Hoàng Trần,hàng thì tốt mà ship láo quá mình đang lấy tiền đưa cho mà nó chửi mk rồi còn ném hàng !!!!,4,Shopee,22,FALSE,neutral,,,
Khanhthy Y,khỏi phải bàn,4,Shopee,3,FALSE,positive,,,
Wild Boar Phạm Duy Khanw,fine,4,Tiki,1,FALSE,positive,,,
Bum Blong,đã yysrerereeewewee,4,Sendo,2,FALSE,other,,,
Đào Ngọc Tuấn,xử lý thông tin nhanh. tuy nhiên sendo cần xem lại phí ship còn cao và chưa hợp lý.,4,Sendo,19,FALSE,neutral,,,
Tuyet Mau,ứng dụng sen đỏ rất tốt,4,Sendo,6,FALSE,positive,,,
hung pham,"mọi cái đều tốt nhưng rất bất lợi ở cào thẻ phần thưởng . phiên bản trước dễ dàng , thì phiên bản mới này bắt làm nhiệm vụ mới hoàn thành rất mất thời gian.có những nhiệm vụ làm đúng rồi không cho nhận quà",4,Tiki,46,FALSE,neutral,,,
Thắq Lươq mạh,hàng rẻ tốt mà ship chậm quá nên 4* thôi,4,Sendo,10,FALSE,neutral,,,
Chép Cá,đây là lần đầu tiên mình vào sen đỏ không biết chất lượng ra,4,Sendo,14,FALSE,neutral,,,
Thu Nguyenthi,cũng,4,Shopee,1,FALSE,other,,,
Huong Tran,ít vocho,4,Shopee,2,FALSE,other,,,
Thuy Tran,nếu đặc đúng shop bạn sẽ ko bị mất tiền chọn lựa sản phẩm cần kỹ lưỡng.trả hàng vẫn phải hoàng tiền cho ship,4,Shopee,24,FALSE,neutral,,,
Thang Nguyen,lếu ko vào fhi sao,4,Sendo,5,FALSE,other,,,
Huy Nguyen,"tôi mua ss galaxy a6+ không có hàng shop giao hàng nhầm ss galaxy a7 , sản phẩm ss a7 này thử nghiệm độ bền của pin mới 2 ngày rưỡi đã hết pin đến lúc sạc pin thì kéo dài tới hơn 8giờ nó đầy pin . vậy thì tôi cho 4 sao thôi",4,Lazada,55,FALSE,neutral,,,
Thành Thâu Phan,chậm phát triển,4,Sendo,3,FALSE,negative,,,
Ngọc Tân Phạm,hỗ trợ rất chậm,4,Sendo,4,FALSE,negative,,,
Văn Tài Phan,chưa trải nghiệm nhiều,4,Sendo,4,FALSE,negative,,,
MAGA2025,"sau khi trả hàng và tui đã nhận lại tiền, cho nên tui quyết định cho 4 sao coi như đánh giá chất lượng phục vụ tiki.",4,Tiki,27,FALSE,neutral,,,
Tot Thanh,ms vô có rất dc fs mà càng vè sao sẽ k còn fs vs giảm giá nữa,4,Lazada,18,FALSE,other,,,
Trinh Huynh,my.l . npppmmm mm kk😊🏢🔰🔰,4,Sendo,5,FALSE,other,,,
Thiên Trung,mình nghĩ tiki nên ra thêm chức năng giao hàng trong khung giờ nào đễ người mua hàng dễ biết mà lấy sp,4,Tiki,23,FALSE,neutral,,,
Nguyễn Trương Yến Như,"giao lâu, khó tìm shipper",4,Shopee,5,FALSE,negative,,,
Thản Đinh Duy,h vào lại phải đăng nhập lại + việc không còn freeship hoàn toàn khi đạt 150k nữa,4,Tiki,18,FALSE,negative,,,
Duy Thảo Nhi Nguyễn,cũng đc nhưng tiền ship hơi chác với tôi,4,Lazada,9,FALSE,neutral,,,
Diệu,ok phết mỗi tội là tuyển ship bên đây ko đc tận tâm ô nào cũng vô duyên ak;)),4,Shopee,19,FALSE,negative,,,
Lập Hoàng,có hàng tốt và ko tốt,4,Shopee,6,FALSE,neutral,,,
Phiyen Phamhoang,có cải thiện rất nhiều,4,Lazada,5,FALSE,neutral,,,
Nhật Nguyễn,ư34 chào bán trttr,4,Sendo,4,FALSE,other,,,
Thúy Nguyễn,sản phẩm tốt shipper thân thiện giao hàng nhanh,4,Shopee,9,FALSE,positive,,,
Son Hong,giao hàng nhanh lẹ vui vẽ,4,Sendo,6,FALSE,positive,,,
bùi ngọc quang,"tốt, hài lòng.",4,Tiki,3,FALSE,positive,,,
Loc Hoang,"khá tốt, dễ sử dụng, khá mượt.",4,Sendo,7,FALSE,positive,,,
Manh Hung,sao goole báo virus vậy.khắc phục sớm dùm nhé ad,4,Shopee,10,FALSE,negative,,,
Quy Dang,"dùng cho máy tính bảng 11 icnh, khi xem live trong bán hàng phóng to toàn màn hìn bị mờ cần tối ưu cho máy tính bảng (khi xem hình ảnh thu nhỏ không toàn màn hình, thì video live sắc nét)",4,Shopee,42,FALSE,negative,,,
Phong Trần,"nhìn chung là một nền tảng mua sắm tốt, giao hàng nhanh",4,Tiki,12,FALSE,positive,,,
Hai Le van,"cho mình hỏi đánh giá tài xế có ẩn danh cho khách không,tài xế giao hàng kv tôi rất tệ ,gôm đơn lại chờ đến khi 5-7 đơn mới giao ,mà tôi xem đơn thì bảo tài xế đan giao chờ hồi không tháy giao,tôi hết muống mua bên app này nữa",4,Shopee,52,FALSE,neutral,,,
Vang Ngoc,mua gì củng cố,4,Sendo,4,FALSE,positive,,,
Nhi Nhi,"mình đặt hàng mà muốn hủy, mình hủy rồi thì nhà bán hàng không cho hủy, nó đóng gói luôn",4,Lazada,20,FALSE,negative,,,
Tiến Đạt Đỗ,"ít khi mua sắm ở trên đây nhưng trải nghiệm giao hàng và đóng gói hàng hóa tốt.tuy nhiên góp ý chân thành là đừng gây áp lực lên đội ngũ tài xế giao hàng phải giao từ 07h00-17h00 chiều.nên có chính sách nghỉ ngơi,sắp xếp thời gian giao hàng hợp lý giữa các tài xế với nhau theo nguyện vọng chính đáng cá nhân của từng người và có chính sách bảo hiểm hợp lý khi xảy ra tai nạn giao thông hoặc cướp giật ngoài ý muốn trong quá trình giao nhận hàng hóa cho khách hàng vào mùa nắng nóng và mùa mưa bão.",4,Lazada,107,FALSE,neutral,,,
Huy Nguyễn Vũ,"app hơi lag giật, nếu ko vì mua sách thì mình cũng ko dùng, dùng shopee cho nhanh. phần tóm tắt sách rất tiện và nên phát huy.",4,Tiki,28,FALSE,neutral,,,
Nguyen Nhi,đã sử dụng 1 thời gian mình thấy khá là ok so với giá này,4,Tiki,15,FALSE,positive,,,
Phạm Ngoc Diễm,dùng shoppe và lazada thật tuyệt,4,Lazada,6,FALSE,positive,,,
Hero rơm,toàn thấy feedback nhà bán hàng lừa đảo. mà không thấy lazada có động thái gì. có lazada reward giảm dc nhiều phết,4,Lazada,23,FALSE,neutral,,,
Ngân Kim,"shopee food giao hàng siêu lâu, nhà mình cũng không quá xa các quán nhưng app luôn để thời gian 1h đến hơn",4,Shopee,23,FALSE,negative,,,
Tranli Tr,ok nhưng bán hơi mắc,4,Lazada,5,FALSE,neutral,,,
Duy Nguyễn,giao hàng nhanh.xe ok,4,Tiki,4,FALSE,positive,,,
Nam Nguyễn Hoài,nhiều lựa chọn... nhưng thêm chức năng tìm kiếm bằng hình ảnh trong cửa hàng thì tuyệt vời luôn,4,Shopee,19,FALSE,neutral,,,
Tan Hoang,tải 1 cái bonus 1 cái ảo ma tiki àk,4,Tiki,10,FALSE,neutral,,,
Trang Trang,"giá của tiki dạo này cao quá, k có chtr giảm giá sâu gì cả, còn hơn 70c bookcare mà check giá so với app khác quá cao đi, chênh tận 4-50k/q nên muốn mua tiki lắm mà k mua đc",4,Tiki,41,FALSE,negative,,,
Nhịn Trgmgjhlglj TN gybần,mất thanh toán khi nhận không có tài khoản để trả tiền hàng mong app thêm lại thanh toán khi nhận ạ. xin cảm ơn,4,Shopee,25,FALSE,negative,,,
Dzung Phung,"4 sao thôi vì còn một số shop bán hàng không đúng quy cách, đăng hình quảng cáo sai thực tế... đăng giá bán 0 đồng mà vào thì giá trên trời... shoppee nên có đội ngũ kiểm tra các shop không tuân thỉ yêu cầu thì cắt ngay để kh hết tin dùng",4,Shopee,54,FALSE,neutral,,,
Nguyễn Hồng Phúc,"uy tín, chất lượng⚠️⚠️⚠️",4,Tiki,4,FALSE,positive,,,
Anhtuanvnpt Le,"hàng nhanh ,giao hàng tốt",4,Lazada,5,FALSE,positive,,,
Spring RIVER Nguyen,chưa có ý kiến gì,4,Lazada,5,FALSE,neutral,,,
Nguyễn Sáng,chưa nhận hàng chưa biết không dám cho 5 sao,4,Lazada,10,FALSE,neutral,,,
Phan Nam,dùng được 👌,4,Shopee,3,FALSE,neutral,,,
Hung Chan,hàng chất lượng ổn nhưng giao hàng thường rất chậm,4,Shopee,10,FALSE,neutral,,,
Cong Thành Van,toi thic mua hang ung dung,4,Tiki,6,FALSE,neutral,,,
Tutrang Tu,ứng dụng tạm được,4,Sendo,4,FALSE,neutral,,,
Dương Vū,"rất hài lòng về tiki, tuy nhiên mặt hàng chưa đa dạng cho lắm, giá cả 1 vài ngành hàng cũng ở tầm trên, chưa phù hợp với túi tiền của mình :'((",4,Tiki,33,FALSE,neutral,,,
AoSm,"cx dc nhm hàng giao về , hay bị lộn hàng",4,Shopee,11,FALSE,neutral,,,
Lyyy Khánh,chua mua gi nhung van cho 4s vi thay m.n phan hoi tot,4,Tiki,13,FALSE,neutral,,,
C. Tú T.,sip cao quá ạ,4,Lazada,4,FALSE,negative,,,
Hoai phuong Cao,ok giá rẻ hơn so với các chợ khác,4,Sendo,9,FALSE,positive,,,
Nhựt Lê,tuy mình chx mua hàng trên sendo nhưng mình vẫn cho 4☆,4,Sendo,12,FALSE,neutral,,,
thao Nguyen,tay bồng bị xấu,4,Tiki,4,FALSE,negative,,,
Lanh Nguyen,vẫn mua phải hàng rởm,4,Tiki,5,FALSE,negative,,,
Hien Nguyen,"bước đầu thấy ok đấy, để xem thế nào cho 5 sao luôn",4,Sendo,13,FALSE,neutral,,,
Đinh Hải Ba Hiên,khổ thân bắt đánh giá,4,Sendo,5,FALSE,neutral,,,
Tuyết Nương Lê,"sao mình thấy thông báo có tin nhắn mới mà nhấp vô tin nhắn ẩn đâu mất rồi, bị đóng hay sao đó giúp mình cài đặt lại nha. không biết sao chỉnh lại được ược nè",4,Sendo,37,FALSE,neutral,,,
•_•Hoàng.27.Vinh.•_•,cài đặt hơi lâu nên 4* nha,4,Tiki,7,FALSE,neutral,,,
Bùi Văn thuận,thanh toán tiền mặt sao không được,4,Tiki,7,FALSE,negative,,,
Thanh Đỗ,giá hơi cao,4,Tiki,3,FALSE,negative,,,
Lan Ngọc,tốt nha mn,4,Shopee,3,FALSE,positive,,,
Do Pham Anh (Ariana D),ko hay = shopee,4,Sendo,4,FALSE,neutral,,,
Hung Le,"thiếu nhiều điều kiện lọc thông tin, nên bổ sung nhiều thông tin lọc hơn",4,Tiki,15,FALSE,neutral,,,
Huyền Trần,trung,4,Tiki,1,FALSE,other,,,
Duc nhuong Nguyen,sendo rất là ok giảm giá rất hợp với người mua với những khuyến mãi nhưng có rất ít những món đồ mà người cần mua nên sendo nên thêm đồ bán để làm phong phú thêm. nguyễn nhượng,4,Sendo,39,FALSE,positive,,,
Sương Nguyễn,uhh,4,Lazada,1,FALSE,other,,,
Phạm Thể,đc nhưng mong tiki giảm tiền ship ạ đắt tận 44đ,4,Tiki,11,FALSE,neutral,,,
Minh Tran le,ổn nhưng sản phẩm ko giống hình cho lắm,4,Shopee,9,FALSE,neutral,,,
Da Pan,ok nhưng hơi lag,4,Shopee,4,FALSE,neutral,,,
Công Đỗ Hữu,cho tôi rất nhiệu ưu đãi và đồ chất lượng,4,Shopee,10,FALSE,positive,,,
tuyet van tran t,"giá một số mặt hàng tương đối rẻ, có khuyến mãi nhưng it, cần thêm một số sp nữa. rau muống già quá nên thay đổi",4,Sendo,26,FALSE,neutral,,,
Nhân Thành,các shop tư vấn thì nhiệt tình chu đáo. chỉ có 1 vấn đề là giao hàng khá lâu mặt dù là từ hcm qua dĩ an bình dương nhưng mất tận gần 1 tuần,4,Shopee,35,FALSE,neutral,,,
Thị Minh Hoàng,không hay,4,Lazada,2,FALSE,negative,,,
May May,hàng giao còn chậm 1 số mặt hàng không giống hìn ảnh,4,Shopee,12,FALSE,negative,,,
NgangKem ThickTranLao,quá phiền quảng cáo vặt,4,Shopee,5,FALSE,negative,,,
Văn Chương Quàng,muốn đánh 5* nhưng vẫn còn vài thứ mình tìm k có nên 4* nhé,4,Sendo,15,FALSE,neutral,,,
Suzy Rade,ok đếy nhưng nhiều lúc vô web gg mà thấy qc shopee cái là tự động mở luôn app hơi bực mik,4,Shopee,22,FALSE,neutral,,,
Thiet Phan,trong thời gian qua đã có mua một số hàng,4,Sendo,10,FALSE,neutral,,,
Dung Hoang,cung tot,4,Sendo,2,FALSE,positive,,,
Trung Ngố,cũng khá thú vị,4,Sendo,4,FALSE,positive,,,
Văn Quân Bàn,shoppe vẫn là chân ái,4,Shopee,5,FALSE,positive,,,
Bay Nguyen,hừ,4,Shopee,1,FALSE,other,,,
Cutin Hiếu,gdrh h ui⁷ hkg59 47d1er sister gì o ngu ngu 9uh y 8 ji8 8 8o,4,Sendo,16,FALSE,other,,,
Tú Minh,mua được khá nhiều đồ giá rẻ tuy nhiên các bạn cũng nên chọn lọc vì cũng có những shop bán hàng giả,4,Lazada,23,FALSE,neutral,,,
Chat Hoang,hi vọng tốt,4,Sendo,3,FALSE,neutral,,,
Thị Yến Nhi Nguyễn,hok bt như lào để xài cái,4,Tiki,7,FALSE,neutral,,,
Đàm Quang Hặu,xác thực chậm,4,Sendo,3,FALSE,negative,,,
Cam Tu Duong,tốt nhưng mình đang xài thì xảy ra lỗi cho nên mình phải xóa tải lại nhưng vẫn lỗi mình mong nhà phát minh sửa lại lỗi này.,4,Tiki,28,FALSE,neutral,,,
kimtan quoc,thanh toán tiền mua hàng qua ví em và thẻ atm rất tiện lợi.,4,Lazada,14,FALSE,positive,,,
Hồng Anh Lã,"cũng đc giao hàng rất nhanh chừng 1,2 ngày là tới rất thích lazada ở điểm này",4,Lazada,17,FALSE,positive,,,
Lien Pham,chăm sóc kh ok,4,Tiki,4,FALSE,positive,,,
Khang Duy,cho tốt,4,Sendo,2,FALSE,other,,,
T.H.U,tải tiki để mua sách của ếch@@,4,Tiki,7,FALSE,other,,,
Huỳnh Lưu Minh Thư,sao mình không bấm đăng nhập bằng gmail dc ạ,4,Sendo,10,FALSE,negative,,,
chế tạo Camry,hàng tốt chất lượng nhưng phí vận chuyển đắt quá nên chỉ đánh giá 4 sao thôi nhé,4,Lazada,18,FALSE,neutral,,,
For For,app này ok,4,Lazada,3,FALSE,positive,,,
Phạm Vinh,tôi đặt hàng bị tự hủy,4,Shopee,6,FALSE,negative,,,
La Trieu,sản phẩm tốt đúng như quảng cáo trên ứng dụng,4,Sendo,10,FALSE,positive,,,
Hậu Võ Ngọc,cứ ấn vài tìm kiếm là nó load lâu quá,4,Shopee,10,FALSE,negative,,,
Anh Le,ok uuuizmkoi u hữu kinh y,4,Lazada,6,FALSE,other,,,
Vgffd Hh,toàn đồ rẻ,4,Shopee,3,FALSE,neutral,,,
Song Ngư TV,táiao tự dưng lazada khg hoat động,4,Lazada,7,FALSE,other,,,
Văndương Lê,mới sử dụng chơi hiểu nhiều đánh giá 4*,4,Sendo,9,FALSE,neutral,,,
Ha Nguyen,"shipper đi giao mấy chỗ đông dân cư là y như rằng ngồi tụm lại 1 chỗ với ship của các nền tảng khác. chả biết ông nào giữ hàng của mình. tôi đã phải đi hỏi từng ng 1 (lúc này chưa có kinh nghiệm), sau đó là mỗi lần nhận hàng toàn phải hỏi qua đt ship ngồi đâu trc r mới lấy đc hàng. bộ nền tảng ko có đồng phục à? đấy là còn chưa nói tới thái độ của shipper.",4,Shopee,85,FALSE,negative,,,
Luyến Lê,tạme đc,4,Sendo,2,FALSE,neutral,,,
Hoang Bao (zodiac),rất thuận tiện và phong phú. chỉ cần yêu cầu nhà cung cấp cam kết về chất lượng hàng hóa ( hàng nhái phải ghi rỏ) để mọi người ko bị mua lầm với mất công đổi trả,4,Lazada,38,FALSE,neutral,,,
Thành Nguyễn tuấn,trưa nhận trưa đến tay tạm cho shop 4 sao,4,Lazada,10,FALSE,neutral,,,
I Ka,có thể là số tôi xui nhưng mà đặt 10 đơn thì bị hủy hết 5_6 đơn r :))) đm ý là buồn ấy,4,Shopee,24,FALSE,negative,,,
kakachiton Kaka,xài ok đấy,4,Sendo,3,FALSE,positive,,,
Vy Văn,hàng hóa khá tốt,4,Tiki,4,FALSE,positive,,,
Doi Le,giao hàng ko đúng ngày🙁🙁,4,Shopee,5,FALSE,negative,,,
Linh Nguyễn Thị Ngọc,mong lzada cải thiện voucher,4,Lazada,5,FALSE,neutral,,,
Wng Lina,bản cập nhập mới ổn áp hơn hẳn,4,Tiki,8,FALSE,positive,,,
Ky Luu,khá hay,4,Lazada,2,FALSE,positive,,,
Hang Tran,vẫn thích mua bên lazada,4,Lazada,5,FALSE,positive,,,
BẢO KHANG,tích lũy xu chưa tạo được sự hữu ích cho k.h,4,Shopee,11,FALSE,negative,,,
Tên Ko,cũng đc tùy vào vận may mà nhận đc hàng dởm hay xịn :)),4,Shopee,14,FALSE,neutral,,,
Thao Ngo,cũng tạm được,4,Lazada,3,FALSE,neutral,,,
Vinh Nguyễn Văn,áp này cũng tạm đc dịch vụ ổn,4,Shopee,8,FALSE,neutral,,,
XO GAMING,dạo này ship chậm vcl,4,Tiki,5,FALSE,negative,,,
Xuân Mai Phan Ngọc,tui cứ bị scam quài luôn,4,Shopee,6,FALSE,negative,,,
Luan Thanh,có thể mua rất nhiều đồ ở trong này,4,Shopee,9,FALSE,positive,,,
Vu Anh,"dùng app thấy cũng ổn , nên loại bỏ những shop làm ăn kém để , app đc tốt hơn",4,Sendo,20,FALSE,neutral,,,
Người dùng Google,cái này có săn đồ 1k đc ko mn ?,4,Sendo,10,FALSE,neutral,,,
Nguyễn Diệp,k có nhiều voucher 0₫ cho lắm,4,Shopee,7,FALSE,negative,,,
An Phạm Văn,cố gắng làm việc tốt là được uy tín khách hàng,4,Shopee,11,FALSE,positive,,,
xuan minh ngo,còn nhiều shop đăng giá sản phẩm mập mờ.,4,Sendo,9,FALSE,negative,,,
Thuyanh Khuc,khá là tốt,4,Tiki,3,FALSE,positive,,,
hctt hquanvu,lâu lâu ghé mua sắm cũng ok,4,Tiki,7,FALSE,positive,,,
Tên Ko,dm như c,4,Lazada,3,FALSE,negative,,,
iokk h,cải thiện hơn r,4,Lazada,4,FALSE,positive,,,
Haruhi,"sách truyện, tài liệu phong phú, dễ lựa chọn",4,Tiki,9,FALSE,positive,,,
mai le,"sản phẩm tốt, giao hàng nhanh, đóng gói đẹp",4,Tiki,9,FALSE,positive,,,
Minh Pham Quang,phan mem ok,4,Tiki,3,FALSE,positive,,,
Sơn Đào,"đồ hơi đắt,giao đồ không giống trên hình ảnh cho lắm",4,Shopee,11,FALSE,negative,,,
quang nguyễn,hữu ích,4,Shopee,2,FALSE,positive,,,
Nguyễn Hoàng Vũ (Vũ),"khá ok nhưng không hiểu sao điện thoại của tôi font chử nhỏ quá rất khó nhìn , nếu ứng dụng sendo có thêm tùy chỉnh font chử to nhỏ thì tuyệt",4,Sendo,32,FALSE,neutral,,,
nhutquy nguyen,tiki bị lõi phần cào thẻ,4,Tiki,6,FALSE,negative,,,
Mùi nái Phượng,tôi thấy khá ok vận chuyển hơi lâu nhưng với nông thôn thì không có gì đòi hỏi. nói chung vậy khá hài lòng rồi,4,Shopee,25,FALSE,neutral,,,
Emm Linhh,lỗi tùm lum đồ khá rẻ và khắc phục lỗi tôi sẽ đánh giá cao hơn,4,Shopee,16,FALSE,negative,,,
Tiến Phát Nguyễn,"app được, rẻ nhưng rẻ quá lại dởm, khuyên nên mua đồ mắc tí, để còn xài lâu dài",4,Shopee,19,FALSE,neutral,,,
Phuong Thai,mua hang sen do tuy cai co re co mac nhung dich vu giao hang qua lau,4,Sendo,17,FALSE,neutral,,,
Hien Ho,khá tốt tốt 👍,4,Shopee,4,FALSE,positive,,,
Tòng Nguyễn,vận chuyển hàng lâu quá đi,4,Sendo,6,FALSE,negative,,,
Ngọc Hiền Trần,"trang rất uy tín, chủ shop phản hồi nhanh",4,Sendo,9,FALSE,positive,,,
Thu Thai,giả ca rat hop ly,4,Sendo,5,FALSE,positive,,,
Lợi Thắng,tôi đặt hàng không được. hệ thống bảo bỏ voucher,4,Lazada,10,FALSE,negative,,,
Eli Khánh Ngọc,chắc chắn. gọn. phù hợp giá tiền,4,Tiki,7,FALSE,positive,,,
Ngoc M. Nguyen,"tin tưởng, đã mua cả những món đồ hàng chục triệu trên này. tuy nhiên vẫn cần cải thiện giao diện của app.",4,Tiki,23,FALSE,neutral,,,
Tình Hô Văn,"yêu cầu tiki cập nhật lên phiên bản các shop bán hàng , ví dụ như hà nội , tp . hồ chí minh , đã nặng , bình dương , hải pbòng nghệ an , nước ngoài v.v.. giống shopee",4,Tiki,41,FALSE,neutral,,,
Kim Dung Trần Thị,giao lâu còn bị hủy đơn hàng,4,Shopee,7,FALSE,negative,,,
Uyên,chát,4,Lazada,1,FALSE,other,,,
Tam Nguyen,cảm thấy ứng dụng rât ok. hôg có màu hàng mình lựa chọn nt trực tiếp,4,Sendo,16,FALSE,positive,,,
CẩmThạchHương Nguyễn,ứng dụng thì hay nhưng hàng đăng bán trên tiki giá đắt hơn rất nhiều.,4,Tiki,15,FALSE,negative,,,
Man Nguyen,có ai đi,4,Sendo,3,FALSE,other,,,
Thảo Ngọc,mua sắm ổn áp giá cx ok,4,Lazada,7,FALSE,positive,,,
Anh Cai “Anh Tuấn”,5% yêu thương nữa là 4.5* nha. còn lại a xin giữ lại cho an tâm.,4,Lazada,16,FALSE,other,,,
Thanh Nguyen,hàng đặt khi nào cũng giữ nguyên giá ko tính tiền shop,4,Shopee,12,FALSE,other,,,
Trang Nguyen,nhi,4,Tiki,1,FALSE,other,,,
PC thuy,ok nhưng mà ship đắt quá,4,Lazada,6,FALSE,neutral,,,
Na Lee,tốt hơn shopee,4,Lazada,3,FALSE,positive,,,
My My,có 1 vài shop treo đầu dê bán thịt chó. hy vọng shopee sẽ xiết chặt những shop bán hàng không có tâm như này !,4,Shopee,26,FALSE,negative,,,
như ý cover,tàm tạm,4,Tiki,2,FALSE,neutral,,,
salon tạo mẫu tóc Liên Quân,okn,4,Shopee,1,FALSE,other,,,
Nguyễn Ngọc Linh Đan,tôi muốn shopee chú ý cách giao hàng và quản lý nhân viên,4,Shopee,13,FALSE,neutral,,,
Khanh Nguyen,lazada đã cải thiện được xem hàng trước khi nhận,4,Lazada,10,FALSE,neutral,,,
Quy Ho,thân thiện.. nhưng ít mat hàng tiền vc cao ..😚😚😚😚,4,Tiki,10,FALSE,positive,,,
Đại Nguyễn Văn,thời gian giao hàng lâu quá...,4,Sendo,6,FALSE,negative,,,
Giang Trần,mua đồ đc 0đ với có mấy k,4,Shopee,8,FALSE,neutral,,,
Asetian,"2026 rồi sao không xác minh chính chủ tài khoản app tiki được vậy ạ, tới bước chụp ảnh là hiện có lỗi xảy ra, ko thao tác nhấn nút chụp ảnh được lun ạ",4,Tiki,35,FALSE,neutral,,,
Thanh Hằng,"đầu năm tết nhất mik ko muốn phàn nàn hay j đâu, cơ mà vấn đề này nó bị lâu quá rồi, mik tưởng nhà phát triển sẽ fix mà đến tận bây giờ thì vẫn chưa thấy có j thay đổi cả 😞. cụ thể là lần nào cũng vậy hết, mỗi lần mik đăng nhập tk vào app rất khó, mặc dù nhập đúng mk và nếu mik thoát app lâu r vào lại thì tk của mik tự động đăng xuất, và lại như vậy, mik ko đăng nhập vào đc. mong nhà phát triển thấy comment của mik và fix lỗi. vì mik đang cần mua khá nhiều sách. mik cảm ơn🥰",4,Tiki,116,FALSE,negative,,,
Thanh tồng Lâm,"minh muon sendo cap nhat them phan (hanh trinh don hang) de hien thi them tinh thanh pho khi don hang di qua cac tinh,thanh,quan,huyen nao de nguoi mua biet truoc don hang cua minh dang giao da toi dau roi.rat mong ben sendo se tiep nhan y kien dong gop cua minh.chut sendo cang ngay cang phat trien them nhieu tinh nang moi hon.",4,Sendo,65,FALSE,neutral,,,
Mẹ bé Bông Vlog Bôngg,tốt tt,4,Sendo,2,FALSE,positive,,,
Kính Lê Thị,tôi nghĩ cũng được,4,Shopee,4,FALSE,positive,,,
Thai Manh Hung,tôi hài lòng,4,Sendo,3,FALSE,positive,,,
Văn thắng Trần,"hàng đóng gói cẩn thận, chất lượng chỉ tương đối",4,Sendo,10,FALSE,positive,,,
Lý Mạnh Tấn,phí ship quá cao so với các nơi khác.,4,Lazada,9,FALSE,negative,,,
Thanh Tung,được nhưng quảng cáo nhiều,4,Shopee,5,FALSE,neutral,,,
Đức Anh Lê,ứng dung tốt nhưng nên cho thêm phần thời gian giao hàng mong thêm tính năng,4,Tiki,16,FALSE,neutral,,,
Thị Yến Nhi Trần,👉👈 chưa thử nên cg ko bt sao,4,Tiki,8,FALSE,neutral,,,
Văn hưng Mai,"chế độ hậu mãi tốt, bán hàng đông kiểm, shipper oke.",4,Shopee,11,FALSE,positive,,,
Thi MỤI Cao,tạm ok,4,Sendo,2,FALSE,neutral,,,
Thế Vũ,cố gắng đừng để bọn lừa đảo bán hàng.,4,Sendo,9,FALSE,negative,,,
Hạo Văn,kcho xác thực số đt để đặt hàng như cc,4,Shopee,10,FALSE,negative,,,
Liên Phạm,"giao hàng chậm.gian hàng trả lời chậm, hủy đơn nhiều",4,Sendo,10,FALSE,negative,,,
THÈN NHỎ,"cập nhật xong hay lỗi quá, nhất là phần chat với nhà bán.",4,Tiki,13,FALSE,negative,,,
Nhân Nguyễn,thân thiện nhiệt tình chu đáo ! nhưng quảng cáo ứng dụng sai do tôi đã đang sử dụng ứng dụng shopee rồi. mà còn quảng cáo ứng dụng shopee hoài quảng cáo liên tục rất bực bội,4,Shopee,38,FALSE,neutral,,,
JUDY TRAN,ko vui lắm,4,Tiki,3,FALSE,negative,,,
Vy Tường,thấy ổn uy tính,4,Shopee,4,FALSE,positive,,,
Vui Nguyen,hàng về đúng và rẻ tiền tốt,4,Lazada,7,FALSE,positive,,,
Tuan Tran,ung dung nay rat hay tien loi toi cho 4sao,4,Sendo,10,FALSE,positive,,,
thu hoainguyen,"từ tháng 12/2025 khi mua hàng trên shopee có kèm hàng khuyến mãi, nhưng shopee xử lý ko cho thanh toán,phải xóa quà tặng kèm mới cho thanh toán và vận chuyển hàng. shopee cần xem lại thỏa thuận với đối tác bán hàng, và kỳ vọng của người mua hàng, tránh vì lợi nhỏ mà mất điểm trước khách hàng.",4,Shopee,61,FALSE,negative,,,
Alan Le,"dễ dàng mua sắm, lựa chọn",4,Lazada,6,FALSE,positive,,,
huong minh,sendo có nhiều shop bán hàng ko có tâm đồ bị lỗi cũng đem ra bán cho khách,4,Sendo,18,FALSE,negative,,,
Ben vn,có uy tín giao hàng cũng được,4,Lazada,7,FALSE,positive,,,
Mạnh Hùng Nguyễn,cũng mua bán binh thường,4,Sendo,5,FALSE,neutral,,,
Hong Phu Luong,"không biết nhà phát hành có đọc bình luận góp ý k. dịch vụ thì quá ok rồi nhưng cách thiết kết giao diện app quá loằng ngoằng phức tạp, nhìn vào hoa cả mắt chọn khó , ko thông dụng.",4,Lazada,41,FALSE,neutral,,,
TranManh Linda,bán hàng ko kiểm soát được hàng và chất lượng. cần nâng cao.,4,Shopee,13,FALSE,negative,,,
Thu Nguyen,ship đắt nha,4,Lazada,3,FALSE,negative,,,
Nguyen Le,"app chưa kiểm soát đc đơn hàng giao trễ so với lịch giao, hoặc đơn hàng đã giao nhưng phía giao hàng chưa cập nhật trạng thái. ko thể đánh giá khiếu nại đổi trả ngay đc.",4,Tiki,37,FALSE,neutral,,,
KATY KATY,sách ehon phù hợp cho bé 6m,4,Tiki,7,FALSE,other,,,
Đông Phạm Văn,anh dong son google chu so hiu cua ung dung sendo cung toan bo cac ung dung tuong tu . cac ung dung ban hang deu rat tot .,4,Sendo,29,FALSE,positive,,,
Tran Mai Thuy Nha,"tiki tải lâu gke luôn á, mình ngồi đợi gần 10p mới tải xong. xài thì cx bth thôi đặt shipper giao hàng lâu quá, đơn hàng ghi 2 ngày nữa và mà 4,5 ngày luôn.",4,Tiki,36,FALSE,negative,,,
Trang Phan,"hay. có nhiều thứ rẻ nhưng vẫn đắt giá là giá đồ sản phẩm ấy. chẳng khác gì. là 1 phần giá tiền gốc của sản phẩm ấy. đôi lúc hơi khó về tiền cầm lẻ tẻ tờ giấy và tờ colime. toàn xin được tầm khi có 100k hay không thôi. m mà là làm gì đánh giá thấp kiểu giống 4** giờ, bây giờ.",4,Sendo,66,FALSE,neutral,,,
Anh Trường Phạm,đúng là tiki gì cũng có tìm thuốc lá điện tử mỏi cả tay mà không thấy hay thật,4,Tiki,19,FALSE,neutral,,,
Ngọc quý Nguyễn thị,"shopee quản lý rất tốt mọi thứ mua ko vừa ý điều có thể trả hàng hoàn tiền,nhưng lần này mình muốn trả hàng mà đợi 6 ngày chưa thấy đơn vị nào đến lấy rất buồn,mình có khiếu nại với tép thám tử 2 lần rồi nhưng vẫn chưa ai liên lạc với mình để lấy hàng hoàn về, mong rằng sẽ có người đến lấy hàng hoàn trả tiền lại dùm mình.",4,Shopee,74,FALSE,negative,,,
Lan Lê,trả hàng hoàn tiền lâu,4,Shopee,5,FALSE,negative,,,
Thuy Ngocthuy,ổn nhưng ở những chỗ chưa được thêm map thì làm sao để đặt v,4,Lazada,15,FALSE,neutral,,,
Thị Mai Nguyễn,"hàng đẹp, shop tự vấn nhiệt tình",4,Sendo,7,FALSE,positive,,,
Thư Nguyễn,sách của tiki ok luôn ạ giao hàng nhanh nhưng có đôi lúc đóng gói sách bị hư một xíu mong tiki để ý lại ạ,4,Tiki,26,FALSE,positive,,,
Lạng Nguyễn,hai lòng,4,Tiki,2,FALSE,positive,,,
ngoc linh tv123,phi sip cao qua,4,Sendo,4,FALSE,negative,,,
Anh Hùng Studio,tốt lắm nhưng phí vận chuyển hơi cao,4,Tiki,8,FALSE,neutral,,,
Ky Vu,còn một số shop không có hàng cứ giao bán nên toàn bị sendo hủy đơn hàng!,4,Sendo,17,FALSE,negative,,,
my le,hay nha,4,Sendo,2,FALSE,positive,,,
Thăng Phạm,tốt 4sao,4,Tiki,2,FALSE,positive,,,
minh bui,m ok,4,Lazada,2,FALSE,other,,,
Catarina Quỳnh Tiên,"mình vẫn thích mua sách của tiki. nhưng dạo này shipper giao hàng cho mình, thái độ rất bố đời thiên hạ. nên mình sẽ không đặt nữa. dịch vụ giao hàng tận nhà, mà shipper hành đi ra 3km để lấy. chưa kể rất thái độ khó chịu. hàng hoá thì chất lượng, nhưng thái đôh shipper cần xem lại.",4,Tiki,61,FALSE,neutral,,,
tuy vu,"đóng gói cẩn thận, sản phẩm đúng như nhà bán hàng. tks",4,Tiki,12,FALSE,positive,,,
PHUONG MAI,giá cao hơn so với các trang wep điện tử khác,4,Sendo,11,FALSE,negative,,,
Văn Hùng Hoàng,dịch vụ tốt,4,Sendo,3,FALSE,positive,,,
Ngọc Lý Nguyễn Thị,giao hàng 1-3 ngày thì nó sẽ giao tới nhanh gọn lẹ kkk,4,Lazada,13,FALSE,positive,,,
Chien Lo,khá ổn,4,Shopee,2,FALSE,positive,,,
trung đoan minh,hàng bênh sen đỏ hàng cao cấp hay sao giá toàn đại gia mới mua được sen đỏ được cái cho xem hàng nhưng kê giá ôi zơi ơi zơi ơi kê giá thế chắc ế muôn đời,4,Sendo,38,FALSE,neutral,,,
Văn Tạo Tao,cho tạm năm sao,4,Sendo,4,FALSE,neutral,,,
Trang Trang,rất,4,Sendo,1,FALSE,other,,,
Ank Quỳnh,cx hay,4,Lazada,2,FALSE,positive,,,
hieu dao,"thời gian đổi trả hàng tiki nên để 2 ngày, thay vì 7 ngày như hiện nay.",4,Tiki,17,FALSE,neutral,,,
Thanh Huỳnh,phí vận cao giảm giá sản phẩm xuống nâng phí vận chuyển lên vậy là gọi là ngày 8.8,4,Lazada,19,FALSE,negative,,,
Bảo TV,hơi nhiều quảng cáo,4,Tiki,4,FALSE,negative,,,
Khang Phạm Dương,tốt nhưng cài đặt lâu quá,4,Tiki,6,FALSE,negative,,,
thinh to,"hơi đắc hơn áp khác nhưng dc cái có hỗ trọ vận chuyển hàng cồng kềnh, hàng lớn .",4,Lazada,19,FALSE,negative,,,
Phuong Anh Dinh,siêu iu nm ít voucher quớ,4,Shopee,6,FALSE,negative,,,
Nhi Yến,nhu cac,4,Shopee,2,FALSE,negative,,,
Cham Bui,có thể mua hàng mà ko cần đi đâu cả,4,Shopee,10,FALSE,negative,,,
LÝ MỸ LINH (LINH BABY),cũg ổn,4,Sendo,2,FALSE,neutral,,,
OK OK,"ủa,s ngta có mã,ngta ap mã vào sp để xài mà giao dịch bất thường lsao?",4,Shopee,16,FALSE,negative,,,
Hiếu Nguyễn,"chưa xem hàng về như thế nào nếu châdt lượng và như ý thì mình sẽ sẵng sàng sữa lại 5 sao nhé,",4,Sendo,23,FALSE,neutral,,,
bổn cung là hủ,"cũng một hãng, một loại vải, một họa tiết bên larada bán có 69k tiền ship 23k, bên tiki hẳn 85k, ship 43k :(((",4,Tiki,24,FALSE,negative,,,
Nhân Lê,app cái gì cũng tốt ngoại trừ mỗi lần mở app lên lại bắt đăng nhập lại rất phiền.,4,Tiki,19,FALSE,negative,,,
Kim Khac Vuong,"vẫn không cho đồng kiểm nên mình thấy không tiện, đề lazada cho đồng kiểm để đảm bảo quyền lợi người mua hàng.",4,Lazada,23,FALSE,negative,,,
Phoi Nguyenthi,nghien xem,4,Shopee,2,FALSE,other,,,
Sự Ngô,om,4,Tiki,1,FALSE,other,,,
Ha Dao,nhiều mặt hàng mong hàng chất lượng,4,Sendo,7,FALSE,neutral,,,
Sương Lê,ứng dụng hay gì cũng có giao hàng nhanh,4,Sendo,9,FALSE,neutral,,,
thanh hien,ở trên shopee được cái xem được rõ đánh giá của người khác mua hàng cũng ok hơn,4,Shopee,18,FALSE,neutral,,,
Dan Thanh,m b innnnt đi ôm . thkkức vđvf. v kvứt ii,4,Tiki,11,FALSE,other,,,
Hiệp Trương Đăng,giao hàng đúng hẹn,4,Tiki,4,FALSE,positive,,,
Hai Bui,ok nhen,4,Shopee,2,FALSE,other,,,
Quang Nguyễn,rất tuyệt vời mang đến cho cộng đồng đầy thú vị,4,Shopee,11,FALSE,positive,,,
Thu Đinh,cái này ưa nhảy không không thích lắm,4,Lazada,8,FALSE,other,,,
dinh tran,yêu,4,Sendo,1,FALSE,other,,,
Tram Tran,khi giao hàng trên gói hàng mình lên ghi tên tránh tình trạng người giao và người nhận nhầm hàng của người khác .cũng có khi người mua nhiều món lúc nhận không nhớ là mua những gì.cẩn thận khách sẽ hài lòng tốt hơn.,4,Sendo,45,FALSE,neutral,,,
Hoàng Kim,đã đánh giá nhưng ko thấy cho xu kkkkk,4,Shopee,9,FALSE,neutral,,,
Trương Trọng An,tẻed,4,Sendo,1,FALSE,other,,,
Thiện Nhã,đc ạ,4,Shopee,2,FALSE,other,,,
25 Lê Nguyễn Gia Nghi 7/1,ok thich,4,Sendo,2,FALSE,positive,,,
Trà my Tô nguyễn,mắc quá,4,Shopee,2,FALSE,negative,,,
Chí Trung Nguyễn,trong,4,Tiki,1,FALSE,other,,,
Hai Le,"lazada tạo ứng dụng giao diện mới đi ạ, giao diện hiện khó xem mua hàng quá à, giao diện y shopee đẹp, dễ mua tìm kiếm, tích lũy xu các shop live dễ hơn, giảm bớt miễn phí vận chuyển thấy cao quá à,",4,Lazada,45,FALSE,neutral,,,
Minhhuy Pham,cho kiểm tra trước khi thành toán của là ok,4,Shopee,10,FALSE,neutral,,,
Happy Guy,"tôi thích tiki vì giao diện ko ồn ào loè loẹt như các sàn khác, thông tin hiển thị dễ nhìn",4,Tiki,21,FALSE,positive,,,
Mai Nguyen,"hàng mabu nói chung là ok nhé, 2 bé nhà mình ăn dặm đều ăn",4,Tiki,15,FALSE,positive,,,
Tuan Anh,bên ship giao rất chậm. toàn hẹn hò rồi lại k thấy đâu? mất nhiều thời gian của khách. phiền phức quá. phải xem lại ship khu vực huyện hiệp hòa tp bắc giang.,4,Sendo,34,FALSE,negative,,,
rainy_mother_stormy,- đã từng sử dụng ứng dụng này và cảm thấy nó khá tiện để sử dụng cũng như mua hàng dạo giống như mình... =))))),4,Sendo,26,FALSE,positive,,,
Tran Do,có hàng bị muộn mấy ngày nhưng kô báo,4,Sendo,9,FALSE,negative,,,
Sang Thach,"có ít shop bán hàng tốt, nhiều shop bán hàng kém chất lượng.",4,Shopee,13,FALSE,neutral,,,
thuyduong Truongthi,cung thay ok,4,Sendo,3,FALSE,neutral,,,
Đức Duy Nguyễn,trả hàng 2 tuần ko ai lấy,4,Shopee,7,FALSE,negative,,,
Xuân Mai,hơi ít mặt hàng,4,Tiki,4,FALSE,negative,,,
Chúc Linh Võ,"ứng dụng này mình mới dùng không biết sao,nhưng mình cho bốn sao.",4,Sendo,13,FALSE,neutral,,,
Ngọc Minh Đặng,"ok nhưng chưa đảm bảo an toàn thông tin cá nhân , và 🙂‍↔️ không kiểm soát được những shop bán hàng lừa đảo",4,Lazada,24,FALSE,negative,,,
Chi Nguyen Khanh,"ứng dụng mua hàng tốt , được cái tiki nó giảm nhiều hơn so với shopee, giao còn nhanh nữa , làm ăn rất có tâm . hôm nay đặt hôm sau đã có , nhưng cái điểm chưa được của tiki là hàng ít quá , không đa dạng như shopee . mình muốn tìm cái này nhưng tra ra nó ko ra thứ mình muốn tìm . mong tiki sẽ khắc phục sau này , cho bán hàng đa dạng lên . chắc chắn sẽ nổi hơn shopee nếu không thiếu điều này !",4,Tiki,96,FALSE,neutral,,,
Gia Đoàn Nguyễn,"nhiêt tình ,nhanh ,vui vẻ, hoà nhã .",4,Sendo,8,FALSE,positive,,,
Mỹ Loán Thái,trước đây rất hài lòng khi mua đồ ở tiki nhưng bây giờ thì không hài lòng cho lắm.... : (,4,Tiki,21,FALSE,neutral,,,
Du Hoang,hài lòng với ứng dụng này,4,Sendo,6,FALSE,positive,,,
Kien Do,tốt rất tiện ích nhưng giao hàng đôi khi chưa đúng hẹn,4,Sendo,12,FALSE,neutral,,,
Bình Trần Minh,tôi đã đặc hàng nhưng chờ lâu quá mong lần sau thì chuyển nhanh dung nghe,4,Sendo,16,FALSE,negative,,,
Nam He,mở lại ứng dụng khá lâu,4,Shopee,6,FALSE,negative,,,
Nguyễn Văn Thương,có điểm không hài lòng là phải mua hết những gì trong giỏ hàng mà không được chọn mua từng cuốn.,4,Tiki,21,FALSE,negative,,,
Lâm Vuongvan,sao tôi đang dùng ứng dụng này mà cách đây 15 ngày nay mở ứng dụng này không chạy được,4,Sendo,20,FALSE,negative,,,
Thùy Nguyễn,"giao hàng nhanh, giá tốt, đóng góp cẩn thận.sp chính hãng",4,Tiki,11,FALSE,positive,,,
Bảo Doãn Hữu,"mua sắm khá yên tâm. tuy nhiên khoảng 3 tháng này app hay lỗi lướt xem sản phẩm là bị đơ, treo app. đã gỡ cài đặt lại vẫn ko được, dùng samsung android 16",4,Tiki,35,FALSE,neutral,,,
Hiếu Nguyễn Chí,sài cũng dc 4 năm lúc đầu thì khó chịu thật giờ thì nhiều mặt hàng khó có thể mua ok,4,Shopee,21,FALSE,positive,,,
Binh Vo Thanh,gnhtup,4,Sendo,1,FALSE,other,,,
Hiền Nguyễn,bio on,4,Sendo,2,FALSE,other,,,
Diem Le,ko cs mã giàm giá,4,Shopee,5,FALSE,negative,,,
Như Nhiên Nguyễn,"nên tạo thêm danh sách thôn, xóm hoặc ấp, làng cho từng xã để chọn, hoặc thêm định vị bản đồ khi lập địa chỉ để thu hẹp địa chỉ nhận hàng, tăng cường lọc shop theo địa chỉ huyện, tỉnh",4,Tiki,41,FALSE,neutral,,,
Trang Diem,sao mk muốn bấm qua chỗ đăng nhập thì nó cứ quay lại trang chủ vậy,4,Tiki,16,FALSE,negative,,,
Tiến Dũng Nguyễn,tốt hơn shopee nhiều mặc dù mã free ship còn hơi ít,4,Lazada,12,FALSE,positive,,,
Hanh My,thấy cũng hay có mấy đứa ngu k biết đặt rồi than,4,Shopee,12,FALSE,positive,,,
giau Nguyễn Văn,"ok, rất đáng tin",4,Sendo,4,FALSE,positive,,,
Dai Dinh Quang,sao cài đến 90% kg cài đặt được.,4,Tiki,8,FALSE,negative,,,
Văn Thu Nguyễn,hàng chất lượng tốt đúng như qoảng cáo,4,Sendo,8,FALSE,positive,,,
Dinh Pham,chức năng nhắc nhớ tiki nữa đêm của ứng dụng rất mất lịch sự. ko thích nên xóa ứng dụng luôn,4,Tiki,21,FALSE,neutral,,,
Kiên Cường Nguyễn,please add dark mode support,4,Shopee,5,FALSE,other,,,
Tran Tran,"mong tiki cho đổi email. mình đổi email gốc của mình rồi mà lên tiki đổi thì không được. rồi trường hợp bị hack, mất mail thì phải làm sao? mong tiki xem xét nhaa",4,Tiki,35,FALSE,neutral,,,
Ha Nguyen,nhiều mặt hàng k đúng như mô tả,4,Sendo,8,FALSE,negative,,,
Vananh Trinh,thường xuyên bị lỗi không mua hàng được,4,Lazada,8,FALSE,negative,,,
Mai Thị,hàng rất tốt chắc do dịch bệnh nên giao hàng hơi lâu,4,Sendo,12,FALSE,negative,,,
Trang Phạm Hồng,"f jun i i inh bin go tv dvd tv tv ffhdh dvd. !x f fix. go g kg j h thi, bài, g j",4,Lazada,25,FALSE,other,,,
tung thanh,toi tran trong yeu cau ko chay quang cao tren dien thoai cua toi nua.chan thanh cam on!,4,Sendo,18,FALSE,negative,,,
Bông Út,tại sao lại chặn em mua sắm tiền mặt .e có phải là e đặt hàng e ko lấy đâu . em hủy đơn là do e cảm thấy bên đạo hàng chậm như rùa và,4,Sendo,36,FALSE,negative,,,
Mạnh Dũng Phạm,đúng như đã đặt,4,Sendo,4,FALSE,positive,,,
Yến Dương Nguyễn,"shopee à,cập nhật ngay cho tao cái phường hồng hà,dcu app đ cập nhật tin tức à mà không nghe tin báo v",4,Shopee,23,FALSE,negative,,,
thế phạm,gia tri va lam vc,4,Sendo,5,FALSE,other,,,
Phụng Trần,mình muốn mua lo kẹo kéo,4,Sendo,6,FALSE,other,,,
Trần Thanh Hải,đã cài đặt,4,Sendo,3,FALSE,other,,,
Xuyên Phạm,tôt,4,Lazada,1,FALSE,other,,,
T T,"tiki giao hàng tương đối nhanh, hàng cũng khá chất lượng !",4,Tiki,12,FALSE,positive,,,
Hùng Chung,ok rất tuyệt vời và tien lợi,4,Sendo,7,FALSE,positive,,,
Dongoctan Do,hang chuan gia re,4,Sendo,4,FALSE,positive,,,
Tình Tuyệt,không thể gửi đánh giá sản phẩm về cho shop được. mong tiki xem lại.,4,Tiki,15,FALSE,negative,,,
Thiện Nguyễn,"cái mục săn thưởng bị qq gì ấy, nhận thẻ xong cứ vào cào là bị khởi động lại ứng dụng. thoát ra vào lại vẫn bị. mất kha khá xu rồi",4,Tiki,32,FALSE,negative,,,
Phương Anh Phạm,hơi lag,4,Lazada,2,FALSE,negative,,,
Tuan Nguyen,tìm sản phẩm khó,4,Sendo,4,FALSE,negative,,,
QUOC PHONG LE TRAN,hi phong,4,Sendo,2,FALSE,other,,,
ĐÌNH TIỀN ĐÀO,sao bảo free ship mà ko free gì cả,4,Tiki,9,FALSE,negative,,,
Hoa Trà,"ứng dụng chẳng có gì ưu đãi, không cài đăt vẫn vây",4,Tiki,12,FALSE,negative,,,
quoc cao,w em ês ww weeweeeew www d rc ra www làthể rr tt có m ee gì m ew ew làm sơ đồ sẽ bịe eee a trẻ trung r wwwnha em khoa we haven't tyseen the noẻcó www sex hay sẽnha eeeew làm sơ đồ sẽ coé wwwcó sự thay đwổi,4,Lazada,52,FALSE,other,,,
Ngo Duc Minh 2012,phình thường,4,Tiki,2,FALSE,other,,,
Quyen Nguyễn,ok thích,4,Shopee,2,FALSE,positive,,,
Đẹp Văn,đặt hàng giao nhanh còn rẻ nữa 😇,4,Lazada,8,FALSE,positive,,,
Thanh Le,rất hữu ích,4,Lazada,3,FALSE,positive,,,
Bảo Trân Nguyễn Đào,mình mới nhận em robot .nghe cũng ok lắm .còn độ bền phải chờ thời gian .cảm ơn sop,4,Sendo,19,FALSE,positive,,,
Bại Thất,giao hàng còn chậm,4,Shopee,4,FALSE,negative,,,
Thihien Lo,1 trải nghiệm tuyệt vời,4,Sendo,5,FALSE,positive,,,
hai ly,ứng dụng cũng ok nhưng có cái áp mã không được nên cho 4sao,4,Sendo,14,FALSE,neutral,,,
Hoàng Xuân,"vẫn còn một số thiếu sót, mong app khắc phục..",4,Tiki,10,FALSE,neutral,,,
Vinh Nguyen,cái dở của ứng dụng ở chỗ là không nạp tiền giá trị thấp 10k 20k,4,Tiki,16,FALSE,negative,,,
Lê Thị Thảo Nguyên,quạt chạy tốt nhưng tỏa ra mùi tanh rất khó chịu,4,Tiki,11,FALSE,neutral,,,
WITH YOU MYSYMPASTHIZE,"helo nv tiki . _tôi mới tải cấu hình về để xem các sản phẩm. tôi.cũng chưa biết cách nhận thông tin khi mình đã mua.1 sản phẩm thì xem lại thông tin ở mục nào. _nếu có số thứ tự 1, 2 ,3.. ở phần cá nhân thì tôi sẽ biét được mình đã mua mà không phải chọn lần 2 nữa. _mong nv hướng dẫn cho tôi biết cách. _ khi sản phẩm mua ,có được đóng gói tránh bị rách và bọ tráo hàng hay không ? --> tránh tình trạng phản ánh mọi vấn đề , phải đổi trả. thank nv",4,Tiki,105,FALSE,negative,,,
Tuấn Nguyễn,ứng dụng tạm đc 👍,4,Sendo,5,FALSE,neutral,,,
Năm Huỳnh,4 sao,4,Lazada,2,FALSE,neutral,,,
dứt nguyễn,lúc thì được nhưng không biết lúc sau này thì sau,4,Sendo,11,FALSE,neutral,,,
Bá lộc Trần,kha tốt,4,Sendo,2,FALSE,positive,,,
Min Cao,voucher như cưc,4,Shopee,3,FALSE,negative,,,
Phạm Văn Lành,"sàn tmdt tốt. nhưng ứng dụng sử dụng cho nhà bán hàng chưa đầy đủ, ứng dụng hay bị treo, không hiển thị hết nội dung",4,Sendo,26,FALSE,neutral,,,
Nhựt Phát Lê,bán hàng giả nhiều,4,Shopee,4,FALSE,negative,,,
Quyen Truong,"trước đây app dùng tốt lắm, từ tháng 10 vô giỏ hàng tự động thoát ra, bị treo đt. xóa app tải lại cũng vô giỏ hàng tự động thoát ra, chán quá.",4,Tiki,33,FALSE,negative,,,
Minh thùy Lê,đặt hàng mà để tài khoản đăng nhập bất thường là sao zị,4,Lazada,13,FALSE,negative,,,
Diệu Phong Phan,sendo farm ổn đó,4,Sendo,4,FALSE,positive,,,
Dat Tran,chất lượng hàng hoá nhiều khi không như quảng cáo,4,Lazada,10,FALSE,negative,,,
Thanh Khuat,"hàng chuẩn hình ả,hạn chế ships ko cho mở xem hàng",4,Lazada,11,FALSE,negative,,,
Nga Đậu Đình,"nhanh chóng,đầy đủ, chính xác và chất lượng.",4,Sendo,8,FALSE,positive,,,
Loi Ngo,cần phải được kiểm tra hàng trước khi thanh toán,4,Sendo,10,FALSE,negative,,,
My Le,"chưa thấy cái sàn nào hủy đơn vi diệu như sendo. từ hôm 12.12 đặt đc mười mấy đơn thì bị hủy mất 1 nửa 🙄 thanh toán cũng hay bị lag, có khi mất cả cái voucher ngon lành vì lỗi thanh toán luôn!!!",4,Sendo,45,FALSE,negative,,,
Tuananh Pham,tiện loeij,4,Shopee,2,FALSE,other,,,
Xuân Nhựt Phạm,app đồng bộ với laptop là tốt hơn shoppe rồi,4,Sendo,10,FALSE,other,,,
Dora Rabbitjio,ổn nhưng phí ship đắt quá,4,Tiki,6,FALSE,negative,,,
SĨ NHÂN,rất tiện lợi nhưng có những shop giao hàng ko đúng với mô tả j cả,4,Sendo,16,FALSE,neutral,,,
Tien Wendy,trên shopee không hiển thị tên nhân viên giao hàng giống bên tittok nhỉ.,4,Shopee,14,FALSE,negative,,,
Chuong Khuong,có nhiều đơn vị bán hàng không trung thực. và việc hoàn tiền gặp nhiều khó khăn dù đã trả hàng. nhiều đơn chậm. cần cải tiến tốc độ giao hàng.,4,Shopee,31,FALSE,negative,,,
Dung Maivan,shopee cần cải thiện bên giao hàng hơn nữa nhé.,4,Shopee,10,FALSE,neutral,,,
Tu Nguyen,ổn mấy mỗi giao hang nâu,4,Sendo,6,FALSE,neutral,,,
Anh Nguyen,nhiều khi vài mua mà giá ship lên trời huhu,4,Shopee,10,FALSE,negative,,,
Niệm Băng Lưu,tạm,4,Shopee,1,FALSE,neutral,,,
LEPHAP MT,ứng dụng lỗi hả gì rồi. cài đặt hết 15p luôn.,4,Tiki,11,FALSE,negative,,,
hung nguyen,là trang mua sắm chất lượng tốt,4,Tiki,7,FALSE,positive,,,
Lê Trần thị,giao hàng nhanh đóng gói kĩ. dùng rồi thấy chất lượng lên mới đặt hàng,4,Tiki,15,FALSE,positive,,,
Khương Nguyễn,cần hỗ trợ trực tuyến nhiều hơn nữa,4,Sendo,8,FALSE,neutral,,,
cảng ngố,dung dat la tot,4,Sendo,4,FALSE,other,,,
Trung Nguyen,"cũng tạm ổn, có phần đổi trả hàng thủ tục dài dòng quá qua bên tóp tóp mà học theo bên người ta đổi trả dễ dàng nhanh gọn lẹ....",4,Shopee,30,FALSE,neutral,,,
thatdung 《》《》,khá,4,Sendo,1,FALSE,neutral,,,
HẬU NGHĨA VĂN PHÒNG VỆ SINH,ok roi,4,Sendo,2,FALSE,positive,,,
Tung Truong,chưa biết ra sao,4,Sendo,4,FALSE,neutral,,,
Xuân Nguyễn Thanh,rất ổn nhưng có một điều cần khắc phục là tôi đặt hàng vào ngày đó . ví dụ như tôi đặt hàng vào ngày 12 / 8 nhưng vào ngày 19 / 8 mới giao,4,Tiki,36,FALSE,neutral,,,
chương nguyên cong,cũng tốt,4,Sendo,2,FALSE,positive,,,
Hoàng Thạch Minh,4 sao ủng hộ thương hiệu việt 1 sao để nhà pt cố găng hơn nữa :)),4,Tiki,17,FALSE,positive,,,
Là chmúa hmề Các bạn,tiki là một ứng dụng rất tốt vì giao hàng nhanh nhưng hàng thường bị lỗi mong khắc phục,4,Tiki,19,FALSE,neutral,,,
Quế Nguyễn Trọng,bán hang đúng như quảng cáo gíao jangf nhanh,4,Sendo,9,FALSE,positive,,,
Hoài Bảo Ao,ăn r bắt xác nhận sdt mà xác nhận r thì bắt tìm hiểu thêm chi z mịa bực mình r á,4,Shopee,22,FALSE,negative,,,
Duong Thanh Truc,"shopee oki, hipper thân thiện, hài lòng khi mua.",4,Shopee,9,FALSE,positive,,,
Thành Trung Vũ,đợt này giao hàng quá lâu,4,Shopee,6,FALSE,negative,,,
Hung Le,có cải thiện,4,Lazada,3,FALSE,positive,,,
mavan bach,"ổn, mượt mà",4,Sendo,3,FALSE,positive,,,
Mai,khá ok,4,Shopee,2,FALSE,positive,,,
Hưng Phạm Văn,weqq,4,Lazada,1,FALSE,other,,,
Lê Huyền,lúc ok lúc tệ quá,4,Tiki,5,FALSE,neutral,,,
Binh Nguyen,"mua thuan tien,gia ca hop ly hon nua",4,Tiki,8,FALSE,positive,,,
Tiến Hoá Lê,đặt hàng nhanh nhưng giao hàng hơi chậm hơn tiktok,4,Shopee,10,FALSE,neutral,,,
Nguyen Ba,tương đối tốt. ko bị quá nhiều trò tích xu tích điểm cản trở tốc độ mua sắm,4,Sendo,18,FALSE,neutral,,,
Bảo Hân Nguyễn,tôi rất thích ứng dụng này 🥰,4,Shopee,7,FALSE,positive,,,
Thảo Thu,khá ổn đc,4,Shopee,3,FALSE,neutral,,,
Thêm Nguyễn,lazada thật tuyệt,4,Lazada,3,FALSE,positive,,,
Thời Phan,bữa nay mua hàng cứ tự động hủy đơn hàng là sao? k thấy shipper giao hàng gọi mà bên shooppee báo đơn hàng đã bị hủy do người nhận k nghe điện thoại. trong khi đó k có ai gọi cho mình,4,Shopee,43,FALSE,negative,,,
Tran thi Thu,mang lại các dịch vụ rất tốt nhưng khi mua hàng hơi khó khăn ở chỗ là hình ảnh và bi a của một số shop bán không được thật .,4,Shopee,31,FALSE,neutral,,,
Đại Lê,ủa sao cài đến 90% đứng mãi vậy. ad xem lại nhé!,4,Tiki,12,FALSE,negative,,,
cuong quach,"chúng tooiu uy yêu hh ủy y⁷,;!998%",4,Lazada,7,FALSE,other,,,
Thuan Nguyen,ok cũng tạm ổn,4,Sendo,4,FALSE,neutral,,,
Thanh Le,tải lâu nhưng cx thể mua đc nhìu đồ ó ⭐⭐⭐⭐ 4 sao nhé vừa hay mua sticker nhà giấy . ship dễ thương ó 😚,4,Shopee,26,FALSE,positive,,,
Việt Hồ Tố,cho 4 sao,4,Sendo,3,FALSE,positive,,,
Thị Thùy Dương Đặng,đơn hàng đã thanh toán mà k gọi k giao cho nta rồi báo trên hệ thống là đã giao rõ mình chưa nhận dk hàng,4,Sendo,26,FALSE,negative,,,
Lam Mai,shopee quy tính,4,Shopee,3,FALSE,other,,,
Hung Duong,tg doi tincay,4,Tiki,3,FALSE,other,,,
Thuy jessica,"hàng hóa phong phú, đa dạng. cân thêm các mô tả món hàng, để khách dễ quyết định mua...",4,Sendo,19,FALSE,positive,,,
Châu Ngọc,"chưa trải nghiệm nên chưa biết sao, ứng dụng cũng mượt nhanh",4,Sendo,12,FALSE,neutral,,,
Dương Trí Huy,"khá tốt, nhưng tiền ship quá cao và giao hàng rất chậm",4,Lazada,12,FALSE,neutral,,,
Luân Tạ Minh,mong muốn của minh là tiki lên cai đặt một buoc nữa khi mua hang là phải nhập mật khẩu. vì do ảnh hưởng của dịch lên mình để điện thoai nhà cho con học zom khi con mình hoc xong thì mình sợ conminh vào tiki sẽ bấm linh tinh.lên minh mong muốn cothem bước nua la khi mua hang phải nhập mật khẩu để tránh trẻ em vao bấm linh tinh,4,Tiki,73,FALSE,neutral,,,
Ha Huyen,tâm được,4,Sendo,2,FALSE,neutral,,,
Ngọc Diện Nguyễn,san phẩm giao hàng hoi chậm tí siu nhưng tôi cần cái khác nhưng vẫn rất cam ơn và tôi rất hai long về tiki,4,Tiki,25,FALSE,neutral,,,
Son Truong,"mình rất muốn ủng hộ sendo nhưng sendo cũng nên chia sẽ cùng khách hàng nhiều hơn! có nhiều mặt hàng của sendo đắt hơn của shopee, lazada, tiki,...",4,Sendo,29,FALSE,negative,,,
Vy Tường,tot đều hang hoi lau,4,Sendo,5,FALSE,negative,,,
Ji JakSs,giao hàng nhanh hợp yêu cầu đúng sản phẩm,4,Tiki,9,FALSE,positive,,,
Truc Nguyen,"chất lượng, giao nhanh. cũng nên chọn cửa hàng, sản phẩm có uy tín, chất lượng và tư vấn kỷ hơn",4,Sendo,21,FALSE,positive,,,
Du Thach,trải nghiệm rất là tốt,4,Sendo,5,FALSE,positive,,,
Sang Vũ,"mong laz giảm phí ship , phí ship hơi cao , giao hàng chât lượng",4,Lazada,15,FALSE,neutral,,,
Xú Mều,đã gửi đc yêu cầu hoàn trả ming sẽ đc hàon lại vì mik có clip chính đáng r,4,Lazada,19,FALSE,neutral,,,
Lộc Lê tấn,"nên sửa đổi lại một chút môi trường giao tiếp của người sử dụng, ý là hình ảnh ui để trông dễ nhìn và sử dụng hơn.",4,Shopee,27,FALSE,neutral,,,
hân gia,chuẩn mực,4,Sendo,2,FALSE,positive,,,
Tao Le,"sản phẩm tốt, sóp có thể đổi lại cho tôi số 40",4,Tiki,12,FALSE,positive,,,
Minh Triết Hồ,"dù tiki ko còn như xưa, nhưng mình vẫn ủng hộ",4,Tiki,11,FALSE,positive,,,
Quân Nguyễn,1 ngày hiện một đống thông báo lúc ngta có công việc thì nó hiện app như cc v,4,Shopee,19,FALSE,negative,,,
Thanhnhan Dang,ok tốt,4,Sendo,2,FALSE,positive,,,
Lawren,lazada giờ sao hay gặp lỗi thế nhỉ,4,Lazada,8,FALSE,negative,,,
Nguyen Viet Cuong,"thông tin giao hàng, người giao,....rõ ràng",4,Lazada,7,FALSE,negative,,,
kim86 Thao,ung dung nay tui chua dung lan nao nhung nghe ban be noi noi cung tien loi moi luc noi mua gi cung co,4,Sendo,24,FALSE,positive,,,
Ha Le,hàng rất rẻ nhưng tiền ship quá đắt,4,Lazada,8,FALSE,positive,,,
Hoàng Hiệp Nguyễn,giá cước vc cao,4,Sendo,4,FALSE,negative,,,
Pay Lồ,goob,4,Sendo,1,FALSE,other,,,
Nhung Phùng,ứng dụng rất có ích,4,Tiki,5,FALSE,positive,,,
Ngọc Vũ Thị,"nhiều shop được đánh giá uy tín, nhưng cũng không uy tín lắm",4,Tiki,13,FALSE,neutral,,,
Chí Thiện Trần,nâng cấp ứng dụng cho chụp hình . kiếm đồ là ok,4,Sendo,12,FALSE,neutral,,,
Bích Ngọc Trần Thị,có thể đặt thời gian nhận hàng ko. tôi đi làm ko có ở nhà mà hàng lại gửi tới ko có ai nhận sẽ hủy đơn hàng phải đặt lại thật phiền,4,Tiki,33,FALSE,neutral,,,
Chuôl Đoàn Hồng,tưởng nó mắc ai ngờ đúng rẻ lun á trời,4,Lazada,10,FALSE,positive,,,
Bảo Long Nguyễn,quảng cáo nháy rất khó chịu,4,Sendo,6,FALSE,negative,,,
vũ hoành Lành,chữ xem quá nhỏ mờ,4,Lazada,5,FALSE,neutral,,,
trang lê,"tiki sản phẩm rất tốt , nhưng các shop làm việc rề rà , đơn hàng mình đặt 2,3 ngày sau vẫn chưa được xác nhận , nên mình đặt r hủy không",4,Tiki,33,FALSE,neutral,,,
Tiên Bao,quảng cáo cáo nhiều hiện lên bấm ra rồi nó lại cho vào tiếp nhiều lần xoá rồi vẫn hiện lên dùng tốt nhưng đừng quảng cáo nữa,4,Shopee,28,FALSE,negative,,,
Xiêm Lương,tốt nhưng shipper lừa tiền,4,Lazada,5,FALSE,neutral,,,
Lưu Hồ,"mua hàng ở đây củng khá được đấy, sendo giao hàng sớm hơn chút nữa là ổn, tạm thời bốn sao đã nhé",4,Sendo,23,FALSE,positive,,,
Đăng Vũ,ford hy đếch 400 lo .e t,4,Tiki,7,FALSE,other,,,
DỦNG Hoang,khá là thích luôn. cái gì k biết thì tìm kiếm bằng hình ảnh được. rất tiện nha,4,Shopee,18,FALSE,positive,,,
Tiến Nguyễn,tôi thấy tốt,4,Sendo,3,FALSE,positive,,,
Nhân Nguyễn,ok hàng tốt chất lượng giao nhanh nhưng mà tiền ship hơi bị chát.,4,Tiki,14,FALSE,neutral,,,
Mình quân Võ,mong tiki nhập về bộ diamond quest của smartgame để em có thể mua chứ em chưa muốn mua các bộ khác của smartgame,4,Tiki,24,FALSE,other,,,
Ngan Pham,dep,4,Tiki,1,FALSE,other,,,
Toàn Mai,mình mong shopee cập nhật thêm nhiều tính năng như 1 hẹn ngày láy hàng 2 thêm một số cách thức để sát minh đơn hàng mong shoppee làm vì hôm nay có người mạo gianh láy mất đơn hàng của mình,4,Shopee,42,FALSE,neutral,,,
Vy Phương,"nói chung thì cũng tương đối tốt, chỉ là còn thiếu một chút sự giứt khoát trong vấn đề xác nhận đơn hàng",4,Sendo,23,FALSE,neutral,,,
35-Lê Văn Vỹ,"góp ý nên bổ sung phần bộ lọc, phân loại sản phẩm",4,Sendo,12,FALSE,neutral,,,
N TM,hẹ hẹ,4,Shopee,2,FALSE,other,,,
Văn lung Bùi,đúng hàng như quảng cáo.,4,Sendo,5,FALSE,positive,,,
nguyen van Cuong,phải trãi nghiệm nhiều mới đánh giá đúng được,4,Sendo,9,FALSE,neutral,,,
xiem chinh,ok nghon,4,Sendo,2,FALSE,positive,,,
Chợ Mua Thị,đắt,4,Shopee,1,FALSE,negative,,,
Chồi Lâm Ứng,tốt nhưng ko có đen,4,Lazada,5,FALSE,other,,,
Linh,rất rẻ,4,Shopee,2,FALSE,positive,,,
Hải Lương,chờ lấy hàng lâu 1 tuần hơn mới nhận được,4,Shopee,10,FALSE,negative,,,
Trọn Nguyễn,bình thường 😑,4,Tiki,3,FALSE,neutral,,,
Viễn Phạm,hô việt bằng,4,Sendo,3,FALSE,other,,,
Trang Nhung Bàn,hay mua sách ở tiki,4,Tiki,5,FALSE,other,,,
Van Hau Le,video xu mất k có lí do cần cải thiện,4,Shopee,10,FALSE,negative,,,
Ngát Vũ Thị,mong tiki trả lại tính năng thanh toán bằng xu tiki khi mua thẻ cào/nạp đt đi ạ 🤧,4,Tiki,19,FALSE,neutral,,,
Luan Tran,mới mua lần đầu nên cho 4 sao để từ từ xem lại cách mua bán rồi đánh giá sau,4,Sendo,20,FALSE,neutral,,,
Hương Bùi,tiki có những lúc hàng không đúng yêu cầu tui trả lại. xong không cho đặt hàng thanh toán tiền khi nhận hàng là sao?,4,Tiki,25,FALSE,neutral,,,
D Linh nhi,cũng được nhưng mỗi tội là kết quả không giống như tìm kiếm,4,Tiki,13,FALSE,neutral,,,
Hảo Lê Văn,giao hàng chất lượng ok,4,Sendo,5,FALSE,positive,,,
Tưởng Cà,"mượt hơn shopee +1 điểm. ứng dụng tốt nhưng mặt hàng giá rẻ không tìm thấy -1 đ giá đắt hơn một chút - 1điểm. 9/10 tốt = 4,5★",4,Sendo,29,FALSE,neutral,,,
Lĩnh Dương Hoàng Trọng,"mình hay quên mật khẩu mà mỗi lần mua là bắt đăng nhập lại, vô cùng phiền phức.",4,Tiki,18,FALSE,negative,,,
14VN T.M,"giao hàng chậm trễ hơn thời gian đã hẹn là chậm trễ 10 ngày do dịch ( trong khi các vùng đã đc tim mũi 2, và dần đc ngưng giảng cách) mà 1 tháng vẫy chưa có hàng( trong khi tk bạn tôi nhận hàng đầy nhà ). thất vọng.",4,Tiki,51,FALSE,negative,,,
Đỗ Quang Vũ,ủa sao vào mua sắm ứng dụng cứ bị đơ vậy,4,Tiki,11,FALSE,negative,,,
Thach Nguyễn Ngọc,có em,4,Lazada,2,FALSE,other,,,
Nhung Le,rat ok 👌mua hang o day vua chat luong va rẻ va giao nhanh ! tuyet voi,4,Lazada,17,FALSE,positive,,,
Ma Quân,đang tìm hiểu,4,Sendo,3,FALSE,neutral,,,
Choáng Triệu,không thích cho lắm,4,Lazada,4,FALSE,negative,,,
Bảo Trân Võ Hoàng,ok nhưng phí ship hơi đắt,4,Lazada,6,FALSE,neutral,,,
Soul Phong,"1. thêm tính năng lọc sản phẩm đã bán hết trong giỏ hàng. (thêm sản phẩm vào giỏ hàng cũng bị giới hạn, để vào giỏ hàng để tiền mới mua chứ :)) 🥲 ). 2. tính năng yêu thích nhiều cũng bị giới hạn nữa chán thật sự. tạm cho 4* thôi vì đánh giá trải nghiệm 🥲",4,Lazada,59,FALSE,neutral,,,
Khánh Duy,tiền síp nhiều quá,4,Tiki,4,FALSE,negative,,,
Nguyễn Hoa,khá là tốt nhưng hơi khó dùng một tí,4,Sendo,9,FALSE,neutral,,,
Khol Duong,đang tìm hiểu về xốp,4,Sendo,5,FALSE,neutral,,,
duyen tran,hay va thiet thuc,4,Tiki,4,FALSE,positive,,,
01-11.3 An,sen đo luon ton trong khach hang luôn luôn tiep đon niềm nỡ khách hàng,4,Sendo,15,FALSE,positive,,,
Thúy Anh Nguyễn,sao cập nhật hoài không được vậy ạ?,4,Tiki,8,FALSE,negative,,,
TIN THANH,quang cao trong tro choi hoai,4,Lazada,6,FALSE,negative,,,
ngongoc thịnh,nếu kết hợp nhiều mặt hàng trên 1 lần mua 1 lần ship thì hoàn hảo,4,Sendo,16,FALSE,neutral,,,
quyet ha,rat tien loi cho mua dich va tuyet voi!,4,Sendo,9,FALSE,positive,,,
Nhien Tran,"hàng hóa ₫a dạng, cung cấp hàng nhanh,",4,Lazada,8,FALSE,positive,,,
Huy H,ước đc khuyến mãi 50k cho ng mới giảm 300k ship nhỉ,4,Lazada,12,FALSE,other,,,
Phương Dương,sản phẩm rất tốt,4,Sendo,4,FALSE,positive,,,
Ngọc Hải,khá tốt... nhiều mặt hàng,4,Sendo,5,FALSE,positive,,,
Gia Nguyễn,ii giá như,4,Lazada,3,FALSE,other,,,
Tuyền Thanh,sen do mua gì cũng có,4,Sendo,6,FALSE,positive,,,
Cover Hieu,shope giao đồ ăn lâu quá . nếu tài xế bận thì để khách hủy đơn đi . bắt chờ dài cổ . không cho khách hủy . bảo sao shipe giao tới khách họ bùng thì khóc . ai đói mà chờ đc chứ,4,Shopee,45,FALSE,negative,,,
B A,dạ ứng dụng hãy cải thiện thêm tính năng giữa người mua - người bán đi ạ. lắm khi đơn hàng tự hủy mà em không biết tại sao? đợi rất lâu nhưng lại bị hủy không rõ nguyên nhân đấy ạ!,4,Tiki,42,FALSE,neutral,,,
Xuân Nguyễn Văn,mua chưa nhiều chưa có nhận xét,4,Sendo,7,FALSE,neutral,,,
Thanh Nguyen,tôi muốn xoá tat ca lịch su da xem qua va làm mới tất ca hoàn toàn,4,Lazada,17,FALSE,neutral,,,
Bảo trâm Ngô,ko chân thành,4,Shopee,3,FALSE,negative,,,
Keima Katsuragi,"chưa có nhiều hàng lắm, giá cũng cao hơn shopee, nhưng giao hàng nhanh, và không ghi tên hàng trên đơn giao là một điểm cộng",4,Tiki,26,FALSE,negative,,,
Phuong Bui,tương đối hài lòng,4,Shopee,4,FALSE,positive,,,
Khuong Bui,nhiều hàng đẹp,4,Sendo,3,FALSE,positive,,,
hai tranthehai,tôi cần hỗ trợ phần nhận xu trên của ap trên adroi,4,Lazada,12,FALSE,neutral,,,
Nghiệp Hoa,đồ giá giẻ,4,Shopee,3,FALSE,neutral,,,
Ngọc Thơ Lê thị,cũng được nhưng mà lúc đầu nhìn giá là 0 đồng lưu vô giỏ hàng lại là 99 đồng nên chỉ cho bốn sao thôi,4,Shopee,25,FALSE,neutral,,,
Hue Nguyen,tốt sài giao hàng đúng ngày,4,Shopee,6,FALSE,positive,,,
Ngọc Bích,"chưa từng,chưa bao giờ và cũng không có ý định mua sắm trực tuyến trên nền tảng ứng dụng này.nên nếu có thì sẽ đánh giá lại trong tương lai.",4,Tiki,30,FALSE,negative,,,
thuận trần văn,hài lòng vì được kiểm tra hàng trước khi thanh toán,4,Sendo,11,FALSE,positive,,,
Hangcarot Le,mua thoải mái vì sp được hoàn trả dễ dàng khi ko đúng yêu cầu,4,Shopee,15,FALSE,positive,,,
Kim Phung Lưu,dùng khá tốt,4,Sendo,3,FALSE,positive,,,
Trinh Nguyễn,smooth,4,Tiki,1,FALSE,other,,,
Can Kim,rất được,4,Sendo,2,FALSE,positive,,,
Quân Đinh Tấn,chưa mua gì hết. đánh giá 4 sao thôi,4,Sendo,9,FALSE,neutral,,,
Tai Huu Nguyen,thuận tiện cho người dùng,4,Sendo,5,FALSE,positive,,,
Dung Pham,giao rất nhanh đồ dùng giao ko thiếu,4,Sendo,8,FALSE,positive,,,
Vũ Trần Quang,mua sách rất tốt,4,Tiki,4,FALSE,positive,,,
Hoai Nam Nguyen,bị bắt phải đăng nhập liên tục,4,Tiki,7,FALSE,negative,,,
kien van,"giao hàng nhanh, chất lượng đảm bảo!",4,Sendo,7,FALSE,positive,,,
Thanh Trong,"tốc độ giao hàng thì ổn, nhưng lazada cần xem lại khâu đổi trả hàng. từ lúc nhà bán hàng chấp nhận cho trả hàng đến khi lazada cho người đến thu hồi khoảng 3 ngày là quá lâu, gây ức chế cho khách hàng.",4,Lazada,45,FALSE,neutral,,,
Thithu Do,k thấy quảng cáo nữa rồi. nên là tải lai.,4,Shopee,10,FALSE,positive,,,
Eric Trần,ii ứng h,4,Lazada,3,FALSE,other,,,
Uyên Phạm,giúp mua đc nhiều đồ hơn đỡ phải đy mua,4,Shopee,10,FALSE,positive,,,
YuQing He,cần hướng dẫn thêm người sử dụng về việc đổi xu tiki,4,Tiki,12,FALSE,neutral,,,
Trần Tiến,nếu có thêm dark mode thì tốt,4,Tiki,7,FALSE,neutral,,,
An An,lazada lúc trước ok lắm giá ship hàng nước ngoài cũng rẻ. giờ mua giá ship cao ngất ngưỡng so với các sàn mua bán onl khác. buồnnnnn,4,Lazada,28,FALSE,negative,,,
Thơm đoàn,i kien riêng còn có những shop làm ăn mất uy tin giao thiếu hàng nt k trả lời,4,Lazada,19,FALSE,negative,,,
Thị Diệu Linh Trần,"lâu, chút nhanh. lão hóa rồi đó.",4,Lazada,7,FALSE,negative,,,
Hung Nguyen,thấy củng đc mà chưa dùng thử,4,Sendo,7,FALSE,neutral,,,
Son Nguyen,mình làm gì bận rộn thế,4,Tiki,6,FALSE,other,,,
Hong Nga Tran,nó tại toi 99 phần trăm roi no cu chăm lai ko len 100 nua roi vay tru một 🌟,4,Tiki,20,FALSE,other,,,
Tran Dua,ok lam,4,Sendo,2,FALSE,positive,,,
Liên Diệu,cũng khá được,4,Lazada,3,FALSE,positive,,,
Thoan Do van,ôi trời,4,Sendo,2,FALSE,other,,,
dai Luong,dao dien ung dung de dung,4,Shopee,6,FALSE,positive,,,
Vinh Quoc,s:zssppd:p sps:sz szszh can s7nppz:s: s:y:s,4,Sendo,6,FALSE,other,,,
Tuy Viet Huynh,"có những lúc "" đặt hàng "" không được",4,Lazada,9,FALSE,negative,,,
Hùng Phạm,giao nhanh nhưng có lúc bọc hàng ko kĩ,4,Tiki,9,FALSE,neutral,,,
Vlogs Dĩnh,rất uy tín nhưng giao hàng ghi là thứ 2 mà giao thứ 7 nên tôi đánh giá 4☆,4,Tiki,19,FALSE,positive,,,
Phu Vo,giao hàng nhanh...,4,Tiki,3,FALSE,positive,,,
Huong Be,mới trải dể thời gian coi sao,4,Sendo,7,FALSE,neutral,,,
Pham Duc Tung,"app dùng tốt. tuy nhiên, nếu password tạo được với độ khó cao hơn thì sẽ tốt hơn cho người dùng. hiện tại, không thể sử dụng ký tự đặc biệt để tạo mật khẩu.",4,Tiki,35,FALSE,neutral,,,
Thị nguyệt Tạ,mua khó quá,4,Sendo,3,FALSE,negative,,,
Hữu,dm cái thông báo của tiki thấy ớn😂 nổi hết da gà 𓆉,4,Tiki,13,FALSE,negative,,,
Duong Minh Hoang,tiki này mua hàng đỡ dính hàng fake. nhưng 1 số món thì mua bên shopee hay lazada rẻ hơn!,4,Tiki,20,FALSE,negative,,,
Phạm Lê Hạnh Nguyên Ph,bị lỗi cập nhật phần mềm,4,Tiki,6,FALSE,negative,,,
lửx Giàng,vừa dùng thử nên 4 sao,4,Lazada,6,FALSE,neutral,,,
Trường Phạm Ngọc,lỗi cv02 vui lòng khắc phục ạ,4,Lazada,7,FALSE,negative,,,
Tấn Tài Nguyễn,phí vận chuyển hơi cao,4,Sendo,5,FALSE,negative,,,
Anna Trần,"tiki bán hàng chất lượng tốt,giá rẻ.tuy nhiên vẫn còn nhìu nhà bán hàng ko đúng chất luong gạt khách hàng",4,Tiki,21,FALSE,neutral,,,
Trung Trần Lê,mới quan hệ với tiki nên chưa có đánh gía. tạmcho 4 sao!!!,4,Tiki,13,FALSE,neutral,,,
Thị Đủ,mua lazada có hàng củng tốt .nhưng có hàng không tốt. tùy vào shop bán .củng như mua bình giử nhiệt rất tốt .nhưng mua quần không ổn,4,Lazada,28,FALSE,neutral,,,
Nguyen Hoa,ưu điểm cho xem hàng!,4,Sendo,5,FALSE,positive,,,
chuc nguyen van chuc,cũng ổn. vẫn có 1 số shop ảo vô lừa tiền đc,4,Shopee,12,FALSE,neutral,,,
Thượng Ninh,thành công,4,Sendo,2,FALSE,positive,,,
Yen Nguyen,đc nha,4,Sendo,2,FALSE,positive,,,
Dự Lê,uhm tạm đc,4,Lazada,3,FALSE,neutral,,,
nguyen phuong,"tôi đã mua nhiều mặt hàng trên sendo, giá cả hợp lý, lại có nhiều khuyến mãi giảm ship, free ship nữa. tôi sẽ tiếp tục ủng hộ sendo. tuy nhiên nếu sendo cải thiện về việc gửi email hoặc tin nhắn báo: đã nhận đơn hàng, đang giao hàng, đã hoàn tất giao hàng giống như lazada thì tuyệt vời hơn.",4,Sendo,62,FALSE,neutral,,,
Luong Nguyen,"cũng có hàng fake chen vào, nên kiểm trả kỹ hơn, tránh để lộ đơn hàng của khách.",4,Lazada,18,FALSE,,,,
ThiNganHuynh Nguyen,mua cái ao mất 3 ngày rồi tới ngày hôm nay chux thấy đơn về tôi vừa áp dụng mã free shipp và áp dụng vào đơn đó mà hôm nay chux thâys tôi yêu cầu người bán hay shop khắc phục lại tình trạn này niếu không thấy phản hồi j tôi sẽ cho 2sao🥲 thấy giá rẻ trên lazada rẻ bèo tôi mua cái áo đó mất 185kk đấy mau mà dưa đơn về cho tôi càng sớm càng tốt nhé trễ hơn và hôm nay 4 ngày r nhé tạm 4 sao thuii,4,Lazada,96,FALSE,,,,
Tran za lu,uy tín tiện lợi giá rẽ,4,Lazada,6,FALSE,,,,
Ngân Trần,loay hoay mãi trong mục cá nhân tìm chỗ đăng xuất hoài không ra . phải xoá app tải lại ulatroi,4,Tiki,21,FALSE,,,,
Ha Le,san pham tot giao hang nhanh,4,Lazada,6,FALSE,,,,
Hang Khach,chua sàn lọc lại het các cửa hàng có nhìu cửa hnagf k cho kỉm tra hàng giao khong dung hàng còn bị mat ship 8t tren 10,4,Shopee,28,FALSE,,,,
Thang Van,tin tưởng lazada,4,Lazada,3,FALSE,,,,
Bùi Giang,"shipper nguyễn ngọc hoá đơn vị vận chuyển j&t của tiki rất là cục súc, giao mà như chửi vào mặt khách",4,Tiki,22,FALSE,,,,
Nam Thành,sài tốt ổn,4,Lazada,3,FALSE,,,,
Minh Thiện Nguyễn,app mua sắm online hay!,4,Tiki,5,FALSE,,,,
duc the nguyen,"mua hàng shopee rất ok nhưng dạo này cứ mở ứng dụng ra là lại tự xuất hiện video quảng cáo rất khó chịu, muốn cài đặt ứng dụng xóa bỏ chế độ video tự động nhưng không thấy có.",4,Shopee,40,FALSE,,,,
Tiên Mỹ,giao hàng nhanh nhưng hàng rất đắc so vs những app khác,4,Tiki,12,FALSE,,,,
Ngân kim,"giá ở tiki rất ổn ship cũng vậy, mà đóng gói hàng cực kì ẩu, mk mua về mà bị móp hết, ko cho bọc chống sốc hay j hết, chỉ bỏ hàng vô hộp rồi giao",4,Tiki,37,FALSE,,,,
Vy Duong,khá tốt nhưng tôi ko thể mua nhiều hàng cùng 1 lúc và ko được giảm phí vận chuyển nên mong app sửa lỗi,4,Sendo,24,FALSE,,,,
Vu Ngo,cũng ok 👌👌👌,4,Sendo,3,FALSE,,,,
Tình Nguyễn,tạm ổn,4,Lazada,2,FALSE,,,,
Quốc Tuấn Trần,tốt nhx hơi bất tiện vì lần này xài lại phải có có chứng minh thư r phải nhập mã nữa. bất tiện,4,Lazada,23,FALSE,,,,
Hai Le,"shoppe nếu có số cặp nhật tài xế giao hàng như lazada thì ok hơn, còn đằng này kg có số toàn gọi tổng dài phiền muốn chết",4,Shopee,28,FALSE,,,,
Sơn Nguyễn,tôi thấy ứng dụng này cũng tốt chưa được xuất sắc cho lắm,4,Tiki,13,FALSE,,,,
Vo Phuc,hàng chất lượng lắm,4,Tiki,4,FALSE,,,,
Hoang Huy,"muốn mua các đt giá cao. nhưng không cho kiểm tra hàng, lỡ giao cục gạch thì sao...",4,Sendo,18,FALSE,,,,
Baophong Dang,tien lợi,4,Sendo,2,FALSE,,,,
tuong Vo,vc mgđđ,4,Sendo,2,FALSE,,,,
Thảo vy Nguyễn,cũng ổn,4,Shopee,2,FALSE,,,,
Thành Long Nguyễn,nhầm có sạc.nhưng ok,4,Tiki,4,FALSE,,,,
Phết Trần,cũng tam ổn,4,Sendo,3,FALSE,,,,
Lanh Nguyen,yêu cầu gởi kèm hướng dẫn. vì lần trước mua về o sử dụng được,4,Sendo,15,FALSE,,,,
Hiếu 2B Đinh Công,tôi mua những gì tôi thích,4,Tiki,6,FALSE,,,,
Nga Chu,"tiện lợi nhưng cũng còn nhiều vấn đề khác như, hàng ko chất lượng, giao hàng ko đúng vì ko cho kiểm hàng nên có nhiều shop bán hàng giả, hàng nhái",4,Sendo,32,FALSE,,,,
Vũ Phạm Trà My,giao hàng nhanh nma phí ship cao nha,4,Lazada,8,FALSE,,,,
Simlip O,chua thấy gi,4,Lazada,3,FALSE,,,,
Linh KaKa Kiu,rất thik,4,Tiki,2,FALSE,,,,
Anh Trương Mai,rất tốt nhưng còn vài khuyết điểm,4,Shopee,7,FALSE,,,,
hoanh Ho thi,hơi ko biết hàng thật và giả,4,Shopee,7,FALSE,,,,
Tuyết Lê,"khá oki, nhưng ứng dụng này khi truy cập vào khá lag🥺",4,Shopee,12,FALSE,,,,
Hường Trương,ứng dụng tốt mà mọi người không biết dùng à,4,Tiki,10,FALSE,,,,
Sơn Bùi (Paint),càng ngày giá càng mắc so với các sàn khác.,4,Sendo,10,FALSE,,,,
Phuong Luu,"vào sen đỏ mua hàng bất tiện ở chỗ vào tìm kiếm loại hàng cần mua xong vào coi thì khi trở ra nó lại về vị trí danh sách ban đầu, phải kéo xuống lướt lại những món hàng mình đã xem qua nữa hoặc khi vào xem sản phẩm của 1 shop nào đó, tự nhiên đang coi thì để xem thêm, nhấp vào mục xem thêm thì những mặt hàng trước đó đã coi cũng phải coi lại nữa, mình cảm thấy mất thời gian, mong sen đỏ cải thiện lại để mình còn muốn mua đồ ở đây..",4,Sendo,102,FALSE,,,,
duc tin ho,4 sao vì nhiều điều nêu sẽ có vài cái ko tốt nhưng cái tốt vẫn nhiều hơn 👍,4,Shopee,19,FALSE,,,,
Bùi Viết Công,",w, , u rẻ dee rise of the requested archive tài",4,Lazada,11,FALSE,,,,
Thùy Cương Đặng,"có tài khoảng rồi , xóa app và khi tải lại đăng nhập sao ko được , lúc đc thì tiền bị mất hết ,kì cục . bênh shoppe có tài khoảng rồi , nhưng xóa lúc nào cũng đc ,khi muốn sài tải lại thì vô sài bình thường ,tiền thưởng tiền trúng trò chơi vẫn còn nguyên . hiện giờ là bình thường mới rồi ,sao sendo giao hàng quá lâu , gần một tháng mà chưa nhận đc hàng tôi rất là bực . biết là dịch gh hoi lâu nhưng cũng đc nhưng này thì lâu quá . bực lắm",4,Sendo,104,FALSE,,,,
Dũng,nhiều món đồ ngon bổ rẻ,4,Lazada,6,FALSE,,,,
ngan pham,"rất hay mua đồ trên tiki, dù không phải là tất cả nhưng đôi lúc sách mua về bị móp méo ngay góc hay gáy sách. mong shop cẩn thận hơn khâu vận chuyển cũng như giao hàng ạ. vẫn lun ủng hộ shop",4,Tiki,44,FALSE,,,,
Hanh Le,chưa mua lần nào,4,Sendo,4,FALSE,,,,
trai dế oanh vinh,mik đặt hàng nhưng hay bị hủy,4,Tiki,7,FALSE,,,,
Ngọc Tân Nguyễn,de tìm kiếm các mặt hàng ưa thích,4,Sendo,8,FALSE,,,,
duy vu,app tot,4,Sendo,2,FALSE,,,,
abetterday,ok shop bán cũng được,4,Lazada,5,FALSE,,,,
Le bao Nhu,giao cx nhanh đơn cx rẻ mà mấy này ht cho voucher r qua lazada à =),4,Shopee,17,FALSE,,,,
Nhut Nguyenanh,tam được,4,Sendo,2,FALSE,,,,
Người dùng Google,nhiều lúc đăng k bằng tk gg hay bị khoá thế ?,4,Lazada,12,FALSE,,,,
Minhdieu Nguyen,minh moi dung thu minh thay ok đo,4,Sendo,8,FALSE,,,,
ly do,tạm được trả hàng hoàn tiền được mà khó khăn lắm,4,Shopee,11,FALSE,,,,
Chanh Nước Ép,"lazada nên có cái định vị chỗ nhận hàng ấy rất tiện, và nên có thêm nhiều chương trình khuyến mãi hấp dẫn để thu hút được nhiều người dùng.",4,Lazada,30,FALSE,,,,
ha lai,rất ổn,4,Tiki,2,FALSE,,,,
nguyen nao,khong tôt,4,Lazada,2,FALSE,,,,
Ngoc Nguyen,"..x . cô gái bao nuôi bạn trai ăn học 4 năm – không ngờ tốt nghiệp xong hắn ph;ụ b;ạc rồi s;á;t h;ạ;i cô để lấy vợ giàu lan và tuấn gặp nhau khi còn là sinh viên năm nhất. lan quê ở nam định, nhà nghèo nhưng chăm chỉ, hiền lành. còn tuấn – cao ráo, đẹp trai, học giỏi nhưng gia cảnh bần hàn, bố mất sớm, mẹ bệnh tật liên miên. lan cảm thương, chủ động giúp đỡ tuấn từ những điều nhỏ nhất: bữa cơm, bộ quần áo, chiếc thẻ nạp điện thoại… rồi tình yêu đến lúc nào không hay. khi lên năm hai, mẹ t",4,Shopee,112,FALSE,,,,
Ngọc diễm hằng Đặng,ua hàng cũng đc 😅,4,Sendo,5,FALSE,,,,
Lap Tran,"có trách nhiệm, hàng như quảng cáo.",4,Sendo,7,FALSE,,,,
bình nãi,"mình có 1 số góp ý ntn, mình nghĩ lịch sử mua hàng của tiki nên chi tiết hơn,mình vào thử sản phẩm đã mua thì ko thấy ngày nào mua,hay hoá đơn thanh toán ... nói chung ko có thông tin gì ngoài hình ảnh sp mình từng mua cả. mình thấy có tiki xu cơ mà có vẻ cũng hơi khó lấy .cìn lại thì tương đối ổn",4,Tiki,70,FALSE,,,,
Tang Ban Van,rất tốt nhiều sản phẩm giá hợp lý,4,Sendo,8,FALSE,,,,
Quốc Bình Lưu,"đưa mấy cái voucher free ship max cho vui chứ có xài dc gì đâu,áp dụng vào thanh toán thì báo lỗi,hỏi hỗ trợ thì cũng chẳng giải thích tại sao,nên dẹp luôn mấy cái free ship max đi",4,Lazada,39,FALSE,,,,
Sa La Sùng,khá tốt,4,Shopee,2,FALSE,,,,
Hoàng - Đức vlgos,có nhiều shop giao hàng k đúng. giao thiếu hàng của khách. nhờ sen đỏ xem xét lại dùm ạ. nên cho dk 4 sao thôi. tiền ship hơi cao,4,Sendo,30,FALSE,,,,
Hưng Trần,ứng dụng dùng được tìm j ra đấy,4,Tiki,8,FALSE,,,,
Hân Khánh,mất phí ship thành tưởng rẻ mà chưa rẻ,4,Tiki,9,FALSE,,,,
Nga Trần,shipping ok nheee,4,Shopee,3,FALSE,,,,
Pham Quang “Quang.mộc.”,rất ít...khuyến khích mua hàng. so với sope. tôi mua hàng bên sope. hầu hết đều dc.miễn síp...nguồn hàng cũng rất phòng phú. còn bên lazada. hầu hết là mất phí síp,4,Lazada,32,FALSE,,,,
Nien Le,"x hg bh r! t ở trong 6,cr",4,Lazada,8,FALSE,,,,
Hồng My Nguyễn,sendo cũng khá tốt 👍👍👍 giao hàng thì có lúc thiếu có lúc không.,4,Sendo,14,FALSE,,,,
Tình Nguyễn,tôi rất là hài lòng,4,Sendo,5,FALSE,,,,
cây trồng nông nghiệp,"ok,cho xem hàng là hài lòng",4,Sendo,6,FALSE,,,,
Ưng Chim,"mua hàng ở đây là thanh toán trước shop mới ship hàng hay là nhận hàng mới trả tiền? vì lần đầu tiên dùng áp. mình mua hàng bên dưới ghi thanh toán, còn bên trên sau 2 ngày đặt hàng kiểm tra lại thấy ghi: bạn chưa có đơn hàng nào đang chờ giao....",4,Lazada,55,FALSE,,,,
Nho Xi Rô,"tạm biệt tiki, phí ship cao mà giao đồ chậm khí thế luôn,",4,Tiki,13,FALSE,,,,
Nam Nguyen,cung dc,4,Sendo,2,FALSE,,,,
Thanh Diep Nguyen,có rất nhiều sp đã hết hàng mà vẫn còn đễ bán. sendo quản lý được phần này thì người mua hàng sẽ có trải nghiệm tốt hơn. bản thân tôi mua 4 lần liên tiếp đều gặp hết hàng,4,Sendo,40,FALSE,,,,
Ý Hoàng,tốt mua hàng tiện lợi nhưng quảng cáo nhiều lên app nào cũng quảng cáo nên trừ 1sao,4,Shopee,18,FALSE,,,,
Quang Pham,chưa tối ưu tốt công cụ tìm kiếm,4,Tiki,8,FALSE,,,,
Hoàng Phúc Phan Lê,thích hợp khi 1mjnh,4,Tiki,4,FALSE,,,,
Khánh Linh Trần,hàng về chất lượng 👌,4,Tiki,5,FALSE,,,,
Thanhquy Lethi,"hàng như hình, nhưng ko chất lượng",4,Sendo,7,FALSE,,,,
thien huy,đồ gì cũng đắt.... đắt quá,4,Sendo,6,FALSE,,,,
Tham Luong,bình thường,4,Lazada,2,FALSE,,,,
Ngân Thanh,"tại sao phần nhiệm vụ hằng ngày đã làm nhx ko cào thẻ cào đc, cứ nói phiên bản ko hợp lệ suốt",4,Tiki,23,FALSE,,,,
Trong Nguyen,"tất cả các shop đăng bán hàng kiểu không trung thực,đăng một giá vào mua thì giá cao hơn,cần xem xét lại việc này.",4,Lazada,24,FALSE,,,,
Yến Vũ,"lắp hơi cực một chút, có 2 chỗ ko khớp vít nối, bỏ qua luôn 😭",4,Tiki,16,FALSE,,,,
Hoa Nguyen,giao lâu cũng đc,4,Shopee,4,FALSE,,,,
NGUYỄN HOÀNG KHANG,tìm kiếm không đúng tìm kiếm hàng còn nhiều hạn chế,4,Sendo,11,FALSE,,,,
cuong xuan,rất tốt và rất tiện,4,Shopee,5,FALSE,,,,
Thị Thắm Bùi,chất lượng tạm đc,4,Sendo,4,FALSE,,,,
Mỹ Phụng Nguyễn,chưa dung nha,4,Sendo,3,FALSE,,,,
Thanh Sang Huỳnh,giao hàng nhanh rất vừa ý cảm ơn tiki nha,4,Tiki,10,FALSE,,,,
tu phan,sản phẩm này mẫu mã đẹp chất lượng tạm ổn so với giá,4,Tiki,13,FALSE,,,,
Doan Nguyên,alo tốt ok,4,Sendo,3,FALSE,,,,
Phi Long Tino,cập nhật app xong bị đơ cảm ứng suốt phải buộc dừng app rồi bật lại mới dùng lại được cứ khoảng 4 phút bị đơ cảm ứng một lần vô cùng khó chịu,4,Lazada,34,FALSE,,,,
Lê thị hoàng oanh Lê,cái này hay nhưng tải về hơi lâu,4,Tiki,8,FALSE,,,,
Dai Dinh,godd,4,Sendo,1,FALSE,,,,
Công Nguyễn,"mua hàng của shopee rất đa dạng, rẻ và yên tâm.",4,Shopee,11,FALSE,,,,
Trinh Phạm,rất ok ạ,4,Tiki,3,FALSE,,,,
Hoàng Khang Lương Quốc,làm ơn tăng phần thưởng mỗi ngày 2k cash,4,Lazada,9,FALSE,,,,
nguyen binhhoa,tốt rể,4,Lazada,2,FALSE,,,,
Thanh Tuấn,mua hàng đc 1 lần thì tiki xu sài ko đc,4,Tiki,11,FALSE,,,,
tien doan,ship hàng còn chậm,4,Lazada,4,FALSE,,,,
Loi Tong,hàng thì không giao tận 3 đơn,4,Shopee,7,FALSE,,,,
Duyên Lê,"tiki nên cho khách hàng đặt lịch giao hàng trong khoảng thời gian mà bên shipper lẫn khách hàng có thể gặp nhau để giao dịch. chứ nhiều lúc bên shipper giao hàng đúng lúc khách không có nhà, những lúc khách rảnh thì shipper lại không đến. cuối cùng vẫn là phải gọi điện cho shipper hẹn lịch giao hàng vào hôm khác, như vậy rất tốn thời gian cả hai bên.",4,Tiki,73,FALSE,,,,
Nhân,chưa từng có miễn phí ship 100% như shopee,4,Lazada,9,FALSE,,,,
DUC MINH,"tôi thấy sendo rất thân thiện không làm khó khi đăng nhập, dễ xem dễ tìm, hàng hóa sắp xếp một cách khoa học, giá cả phải chăng, bảo đảm hàng hóa bán cho người mua, vd: cho người mua đánh giá chất lượng sản phẩm đã mua và qua thời gian trải nghiệm thực tế trong thời gian bảo hành. tóm lại là rất tuyệt vời duy có 1 điều làm cho người dùng khó chịu là khi mở ứng dụng là luôn luôn bị quảng cáo riêng 1 loại hình gì đó che lấp hết màn hình kể cả trên đt cũng như máy tính, tôi đề nghị nên loại bỏ ngay",4,Sendo,114,FALSE,,,,
Huệ Dương,ít vé giảm giá,4,Shopee,4,FALSE,,,,
Huynh Nguyễn,miễn ship đầu buồii,4,Lazada,4,FALSE,,,,
Nguyễn Nhật Anh,"ứng dụng hay lỗi mong nph sớm sửa, tự nhiên xài áp khác hay treo máy tí là tự vào ứng dụng shoppe là sao vậy?",4,Shopee,26,FALSE,,,,
Camo TV,nhiều mặt hàng ko chốt đk đơn,4,Sendo,7,FALSE,,,,
KHANH QUOC TRAN,"giá cả phải chăng. tuy nhiên, shopee nên làm việc lại với các đơn vị bán tấm (pvc) nhựa trong trãi bàn : quảng cáo trên trang web của shopee là độ dày 2mm, nhưng giao chỉ có 0,5mm. còn đơn vị khác ghi đầy 3mm, tôi đặt mua thì chỉ giao 1,8mm. rồi đơn vị khác bán: ghi dày 2,5mm, nhưng giao 1mm. tất cả các đơn vị đó đều trả lời thắc mắc của tôi về sai lệch độ dày, thì đều chung câu trả lời ""có sai lệch, do đo thủ công"". thế thì shopee xem ""sai lệch do đo thủ công từ 1 - 1,2mm"" , thì shopee sao ?",4,Shopee,114,FALSE,,,,
Đỗ Oanh,100% vì quá hay,4,Tiki,4,FALSE,,,,
Lê Gia Huy,ứng dụng xài khá tốt nhưng có vày món hàng sao kiếm hoài ko có nên tui tạm thời chỉ cho 4 sao thôi,4,Tiki,24,FALSE,,,,
Thiep.VanDon Pham,chưa có nhiều chủng loại mặt hàng .chưa đa dạng và phong phú,4,Sendo,13,FALSE,,,,
Thuong Nguyenminh,ok đa số shop bán hàng đúng yêu cầu người mua,4,Lazada,11,FALSE,,,,
Cường Nguyễn Cao,gởi sai mặt hàng đã đặt.,4,Lazada,6,FALSE,,,,
VanHuong La,"tôi nghĩ nên có chức năn ""report"" cho khách hàng phản ánh về gian hàng để shopee có thể quản lý việc bán hàng của người bán. đã mấy lần tôi đặt hàng mà người bán không chuẩn bị hàng, đơn hàng luôn để ở trạng thái ""người bán đáng chuẩn bị hàng"", sau đó 2-3 ngày phải tự hủy để đặt chỗ khác. thực sự rất khó chịu với kiểu buôn bán vô trách nhiệm như vậy.",4,Shopee,78,FALSE,,,,
Quyen Nguyen,còn lỗi khi đặt đồ ăn không bắm vào tỉnh / thành phố,4,Tiki,13,FALSE,,,,
Nguyễn Tiến,"tìm lòi con mắt ra mới thấy tiki live, nhàn chán quá",4,Tiki,12,FALSE,,,,
Nhật Anh Võ,đã gỡ cài đặt do có quá nhiều thông báo trên một ngày,4,Tiki,13,FALSE,,,,
H nhap nie,tốt à chỉ có sai sót tí thui,4,Sendo,8,FALSE,,,,
Thùy Linh,"trải nghiệm tuyệt mua hàng đúng mẫu , mọi người nên chọn shop uy tín mua nhé,hơi phiền vì thông báo tin nhắn, với quảng cáo nhiều trên các ứng dụng",4,Lazada,31,FALSE,,,,
Chí Dũng Diệp,hơi lag nhưng tạm được,4,Shopee,5,FALSE,,,,
Luan Hoang,giao hàng nhanh đóng hàng gọn ngàng,4,Tiki,7,FALSE,,,,
Nhi Pham,tuyệt vời sen do,4,Sendo,4,FALSE,,,,
Hoàng Văn Hiếu (còi),mình tải về vào tài khoản ko đc làm sao vào đc,4,Shopee,12,FALSE,,,,
Tuấn Anh Nguyễn,hơi khó dùng,4,Lazada,3,FALSE,,,,
NHI DANG,"giao hàng nhanh, sản phẩm tốt, giá còn hơi cao và chưa có sự đa dạng trong nhiều sản phẩm",4,Tiki,20,FALSE,,,,
Gia 909,tôi thấy app tiki giao hàng rất nhanh nhưng vào tết thì giao cả gần 1 tuần nên tôi cho 4 sao nha!,4,Tiki,23,FALSE,,,,
Xuân Vinh Trần,thanh toán internet banking chưa thuận tiện,4,Tiki,7,FALSE,,,,
Quân Minh,thực sự khó chịu khi không làm gì cũng bị lỗi cr01. đã mail và nhờ chăm sóc khách hàng kiểm tra nhiều lần nhưng không ai hỗ trợ giải quyết. toàn bot trả lời. đã dùng laz nhiều năm giờ quá thật vọng,4,Lazada,44,FALSE,,,,
Bích Phạm,đây là một trong những nơi mua hàng tiện lợi nhất cho mọi lứa tuổi.,4,Sendo,15,FALSE,,,,
Hoàng Hoàng,cũng được,4,Sendo,2,FALSE,,,,
Minh Thư Tạ,ko hiểu sao mới tải đc 2 ngày đặt 2 đơn rồi cái buổi chiều vào thấy bị log out đăng nhập lại thì cứ xảy ra lỗi thoát ra vào lại nhiều lần vẫn xảy ra lỗi ko thể đăng nhập lại đc,4,Tiki,44,FALSE,,,,
Ca Ca Trần,mong là được free ship chứ mua có 20k hà mà tiền ship 35k😿😿😿,4,Lazada,14,FALSE,,,,
Tung Vu,giao hàng quá chậm,4,Shopee,4,FALSE,,,,
Đạt Bùi Thế,"ứng dụng cả tháng nay cập nhập mỗi lần vào là 1 lần phải đăng nhập lại, bất tiện thật sự",4,Tiki,21,FALSE,,,,
tran tien,"bản cập nhật này cực kì chất lượng,khách hàng có thể cho sản phẩm mình thích mua vào giỏ hàng và thanh toán sản phẩm mình muốn mua trước,tuyệt vời",4,Tiki,30,FALSE,,,,
Phong lưu Bùi,"thời gian giao hàng quá lâu, cần phải cải thiện",4,Lazada,10,FALSE,,,,
siêu tik tok,"ứng dụng đúng như mô tả, nhưng khi tìm kiếm sản phẩm xong,thì chữ trên thanh tìm kiếm bị mất đi,đành phải gõ lại",4,Tiki,24,FALSE,,,,
Huong Hoang,tới thời điểm hiện tại thì tạm hài lòng,4,Shopee,9,FALSE,,,,
Cong Nguyenvan,"cũng mới tải tiki và đã mua 2 đơn giao hàng nhanh, hiện tại là thấy hài lòng...",4,Tiki,18,FALSE,,,,
son Nguyen,mất tính năng mua trước trả sau tui cũng lúc trước hay mua trước trả sau thanh toán đúng hẹn tự nhiên giờ mất tính năng đó mặc dù hạn mức có mong ad fix lại,4,Sendo,36,FALSE,,,,
Thiệu Huy Nguyễn,"tốt, tạm được",4,Lazada,3,FALSE,,,,
Gia Tuấn Huỳnh,mặt hàng rất đa dạng và nhiều mẫu mã,4,Sendo,9,FALSE,,,,
Nguyễn Tú Ân,tốt lắm,4,Shopee,2,FALSE,,,,
su ka,nhiu hàng..nhân vien giao hang nhanh,4,Sendo,6,FALSE,,,,
Tô Nguyễn Nhật Linh,muốn đặt trên tiki lắm. nhưng mà dịch này lại sợ ninjavan giao hàng nên thôi.,4,Tiki,16,FALSE,,,,
Toàn Nguyễn,để 4* để luôn có những phục vụ tốt hơn nữa,4,Tiki,11,FALSE,,,,
Tan Thien,ứng dụng quá tiện,4,Lazada,4,FALSE,,,,
Khoe Thach,phúc vụ khá tốt,4,Sendo,4,FALSE,,,,
hieu phung,cũng ok,4,Shopee,2,FALSE,,,,
Trung Thành,ship giờ đắt hơn shopee rồi.,4,Tiki,6,FALSE,,,,
Khánh Linh Đỗ,đề nghị shopee cho người dùng bật tắt shoppe video tự động mở khi mở shoppe. nó rất bực mình vì mình muốn kiểm tra tình trạng đơn mà video cứ phát liên tục ko tắt khi mình chuyển sang kiểm tra đơn. thật sự rất phiền phức. mong đội ngũ phát triển quan tâm. trân trọng,4,Shopee,57,FALSE,,,,
Anh Khoa Trần,"tạm,app hơi nặng ram 1gb chạy bị văng ra quài",4,Lazada,10,FALSE,,,,
Gias Lv.1,k đa dạng,4,Tiki,3,FALSE,,,,
Harry Nguyen,tiện ích mặt hàng nào cũng có,4,Shopee,7,FALSE,,,,
Nguyễn Mai,giao hàng khá nhanh. nhìn chung app này dùng khá ok.,4,Tiki,11,FALSE,,,,
Tung Bui,hay ok,4,Tiki,2,FALSE,,,,
Fire Garena Free,hong biết dùng,4,Tiki,3,FALSE,,,,
Nguyen Mai,"tùy từng sp, có sp ok nên mua, có sp không đúng ko nên mua",4,Shopee,15,FALSE,,,,
Thành Duy Taxi,được,4,Lazada,1,FALSE,,,,
văn thanh Nguyễn,bán đúng,4,Lazada,2,FALSE,,,,
Danh Lê,"nhân viên giao hàng nhiệt tình, giao hàng đúng hẹn và bao bì sản phẩm kỹ càng. tuy nhiên có những sản phẩm 0 đạt hiệu quả như quảng cáo ( sản phẩm giảm ngứa, sản phẩm giảm cân "" giá rẻ nên hiệu quả thấp ' ) .",4,Shopee,49,FALSE,,,,
duong pham,"nên cập nhật tính năng xác nhận địa điểm giao hàng, khi đặt app có hỏi vị trí mình đang đặt mà cuối cũng vẫn giao ra địa chỉ mặc định trước đó, làm rất bực mình 😡",4,Shopee,38,FALSE,,,,
ĐỜI LÀ PHÙ DU,"mua hàng kiti giao cũng lẹ, mà lấy lộn hàng đổi lại rất khó.",4,Tiki,14,FALSE,,,,
87nhac sống,cung chung binh,4,Sendo,3,FALSE,,,,
Hằng Nguyen,sản phẩm đa dạng,4,Sendo,4,FALSE,,,,
Pika Pikato,hy vọng có nhiều hàng tốt,4,Tiki,6,FALSE,,,,
Yên Bùi Thị,vẫn có những shop làm ăn ko uy tín đăng một kiểu gửi hàng một kiểu trải nghiệm khó chịu với shop,4,Shopee,22,FALSE,,,,
Quốc Long Hoàng,giá vận chuyển cao,4,Tiki,4,FALSE,,,,
luân quốc,rất tốt nhưng app lâu lâu vẫn còn lag đơn hàng,4,Shopee,11,FALSE,,,,
Thap Hieu,đôi khi có nhiều đơn hàng bị hủy bỏ và vào thì lag,4,Shopee,13,FALSE,,,,
Nga Dương Thì Phương,ok nha,4,Tiki,2,FALSE,,,,
Nh Bi,"tôi không biết ứng dụng này có hay lừa tiền ng mua, ko nhưng ứng dụng này ít sản phẩm mà tôi cần mua quá.",4,Sendo,25,FALSE,,,,
Thu Nguyet Nguyen,"địa chỉ gởi hàng không như ý ,có thể người mua đổi địa chỉ ,nhưng hàng vẫn đến đc cói định ,làm khó cho người mua",4,Lazada,26,FALSE,,,,
Hted Gt,tôi thích mua đồ,4,Tiki,4,FALSE,,,,
Nick Gen,phí ship hơi cao,4,Sendo,4,FALSE,,,,
My Nguyễn,"làm ăn đôi lúc k thật lòng, chẳng khác gì treo đầu dê bán thịt chó vậy. mua cái này giao cái khác...vd mình mua túi ủ sữa nhưng lại giao máy đánh trứng,,rồi mua màu này giao màu khác.. vậy lúc đầu đừng xác nhận có hàng, xác nhận làm gì rồi giao hàng bậy bạ. đôi lúc hàng bán khác xa so với quảng cáo... mua ao thun bảo cotton mềm mịn ,khi nhận hàng thất vọng hoàn toàn thun mỏng te. ngta mua trả tiền chứ k xin xỏ. ngta k nhận thì bảo bùm hàng. chặn cách thức mua bán",4,Sendo,104,FALSE,,,,
Nhung Phạm,"đặt hàng, thanh toán nhanh, giao hàng chưa đc chu đáo lắm.",4,Sendo,12,FALSE,,,,
minhquyet luong,toản lò,4,Sendo,2,FALSE,,,,
Trần Hoà Hoàng,cũng được đi,4,Lazada,3,FALSE,,,,
Hu Y,"áp mã méo đc, áp cả mã free ship cx ko cho",4,Shopee,12,FALSE,,,,
Lý Đại,chất lượng tốt và giá bán rẻ,4,Shopee,7,FALSE,,,,
Cgxxd Gddf,cg đc,4,Lazada,2,FALSE,,,,
Tuấn Trần,tại sao mình không nhận được cuộc gọi và thông báo giao hàng mà lại nói giao hàng không thành công 3 lần rồi hủy đơn. sau mua hàng thì rất khó. thất vọng quá tiki ơi!,4,Tiki,37,FALSE,,,,
Ngoc Sky,shoppe bị lỗi không xem live được rồi,4,Shopee,8,FALSE,,,,
Anh To,ok la,4,Lazada,2,FALSE,,,,
Vương Dương,rất nhiều tiện lợi,4,Sendo,4,FALSE,,,,
Cáo Triệu,mới vô dùng thử phí vận chuyển rẻ hơn shop khác đc.,4,Sendo,12,FALSE,,,,
Tòn,hơi lag,4,Shopee,2,FALSE,,,,
Phuong Nguyen,cũng ok lắm,4,Shopee,3,FALSE,,,,
Nguyễn Văn tráng,tam đánh giá khi sài được 5sao,4,Lazada,7,FALSE,,,,
Ngọc Bé Đoàn,sen đỏ hơn zada là cho xem hàng ok,4,Sendo,9,FALSE,,,,
Duy Tran,k bt như thế nào,4,Sendo,5,FALSE,,,,
Hoa Tran,"người thân không cho mua, thì đừng trừ tiền người giao hàng",4,Shopee,12,FALSE,,,,
Thuong Lo,chất lượng tốt,4,Sendo,3,FALSE,,,,
Tiến Vũ Văn,ok fine,4,Lazada,2,FALSE,,,,
Lê Viết Quốc Hùng,"để có nhiều k.hàng đến tham quan mua sắm,sendo cần đa dạng hóa các mặt hàng trong nước ,ngoài nước và các chế độ hậu mãi và khuyến mãi,các shop có uy tín,bán hàng đúng chất lượng và mẩu mả đả niêm yết,nghiêm khắc các shop bán ko chất lượng,chúc sendo ngày càng phát triển thịnh vượng,thương hiệu mạnh,chúc mọi người mạnh khỏe,chào thân ái!",4,Sendo,65,FALSE,,,,
Đoan Thuỳ,"app hay, có nhiều voucher giảm giá và có nhưng chương trình, mini game hấp dẫn nhưng giao hàng khá lâu nha, phải đợi từ 5 ngày hoặc trên 1 tuần mới giao nên -1☆",4,Lazada,35,FALSE,,,,
Hai Lua Bolero MV,mới tải về chưa biết sao .....tạm thời 4 sao đi nhé,4,Sendo,12,FALSE,,,,
Hoàng Ân,ngày thứ 4500 đi tìm nơi có bán sản phẩm liên quan tới game outerplane d=,4,Lazada,16,FALSE,,,,
Tuyen Thanh tuyen,tốc độ giao hàng kém,4,Shopee,5,FALSE,,,,
Phạm Xuân Tùng,phí ship thấp hơn so với những nơi khác. được kiểm hàng trước khi thanh toán là ưu điểm của sen đỏ. nhược điểm là nguồn hàng không đa dạng bằng lazada. thời gian qua có một số mặt hàng thông tin không đầy đủ.,4,Sendo,45,FALSE,,,,
Tran Duong,dịch vụ tốt.sp đúng mẩu mã,4,Sendo,6,FALSE,,,,
Uyên Minh,làm ơn giao truyện thì bọc thứ j đó ở ngoài đi ạ truyện về mà móp méo nhìn xót thực sự :<<,4,Tiki,23,FALSE,,,,
Hi Hi,ích xãn phởm,4,Lazada,3,FALSE,,,,
Nhu y Nguyen,sale hàng giảm giá rẽ là ok,4,Sendo,7,FALSE,,,,
Khánh Linh,chưa trải nghiệm,4,Tiki,3,FALSE,,,,
he he,shoppe ngon hơn,4,Lazada,3,FALSE,,,,
Ni Pham,có những sản phẩm đặt 3 ngày mà vẫn còn chờ lấy hàng. nói chung giao hàng chậm hơn các sàn giao dịch khác.,4,Shopee,24,FALSE,,,,
Tam Da Phan,"cũng như bao trang thương mại điện tử khác, ứng dụng thường khá nặng và hay bị chậm. mình đánh gia cao khâu đóng gói của tiki, còn dịch vụ giao hàng thì chỉ tốt ở các thành phố lớn chứ ở tỉnh lẻ thì còn khá yếu. mình đặt hàng giao từ hcm đến phú yên mà chuyển qua biết bao là đơn vị vận chuyển, đi lòng vòng từ bình tân ra nhà bè rồi đến tận đà nẵng mới vô lại phú yên để giao thay vì chuyển thẳng từ bình tân ra phú yên. quá tốn thời gian và chi phí vận chuyển.",4,Tiki,107,FALSE,,,,
Huy Atomat,cải tiến cái cứ bị đăng xuất. muốn mua mà cứ hỏi mật khẩu mỗi lần vào. lại bỏ,4,Sendo,19,FALSE,,,,
Ky Luu,tốt nhee,4,Shopee,2,FALSE,,,,
QUỶ GAMING TV,ứng dụng hay mua hàng chất lượng,4,Sendo,7,FALSE,,,,
Anh Tran,chất lượng sản phẩm tốt nha nhưng mau hồng lai giao màu xanh cái rối nằm nhỏ pua,4,Tiki,18,FALSE,,,,
Tên sss Tui,choise tha hóa r trc free ship mà giờ ko đc nữa,4,Lazada,12,FALSE,,,,
Thiên Nguyễn,"cập nhật phần mềm mới không lưu loát bằng bản cũ, mỗi khi chuyển trang thời gian trễ quá lâu, không sang ngay như trước. đề nghị shopee hoàn thiện lại thì tốt hơn .",4,Shopee,35,FALSE,,,,
Ngọc Bích,"chưa từng,chưa bao giờ và cũng chưa có ý định cài đặt nền tảng mua sắm này để sắm sửa bất kỳ món hàng nào nếu có dịp nào đó để mua sắm trên nền tảng này.tôi sẽ đánh giá lại sau.",4,Sendo,42,FALSE,,,,
Tuấn Tạ văn,chưa mua lần nào kk,4,Sendo,5,FALSE,,,,
vanhung le,thật tuyệt vời shopee có nhiều ưu đãi giá cả hợp lý sẽ tiế p tục mua hàng trên shopee cho 5 sao ủng hộ,4,Shopee,25,FALSE,,,,
Ngọc Quỳnh,mong tiki có thể giao hàng vào lúc rảnh để tiện lấy hàng còn chất lượng rất tốt 👍,4,Tiki,19,FALSE,,,,
Đinh Ngô,ô kê,4,Lazada,2,FALSE,,,,
Lương Thanh Hoàng,nếu như phí ship rẻ hơn như 29 trở xuống thì sẽ nhiều khách hơn á shop. ngoài ra dung lượng ít hơn thì nhiều người tải hơn ạ (đây là ý kiến riêng của e),4,Lazada,36,FALSE,,,,
Hưng Nguyễn Vạn,trả lại hàng bị gởi thiếu,4,Tiki,6,FALSE,,,,
Leya,nên khắc phục lỗi lướt xem chi tiết sản phẩm thì app dừng hoạt động. toàn phải đóng tab rồi vào lại mới được,4,Tiki,24,FALSE,,,,
Bê Đỗ,quảng cáo quá nhiều gây phiền hả cho khách hàng,4,Lazada,10,FALSE,,,,
Lở Phàn,cho xem hàng trước khi thanh toán nhưng giá hàng cao hơn ở shopi,4,Sendo,14,FALSE,,,,
Hải Nguyễn,cõ,4,Tiki,1,FALSE,,,,
Rang Kim,chân kelvin vlog,4,Tiki,3,FALSE,,,,
tuan thanh nguyen,o ơn nữ b vy g em ',4,Lazada,8,FALSE,,,,
Venkos,"tối ưu lại app, vào rất lâu và chậm",4,Shopee,9,FALSE,,,,
lili love,có nhiều hàng mua về nhưng ko đc như quảng cáo,4,Shopee,11,FALSE,,,,
Vy Bùi,"giá sản phẩm hơi chát,tiền ship đắt nhưng chất lượng tốt",4,Tiki,11,FALSE,,,,
Anh Ngọc,"thời gian giao hàng lâu, lâu hơn shopee nhiều đơn quốc tế của shopee còn nhanh hơn đơn tronh nước của lazada",4,Lazada,22,FALSE,,,,
Thao Dinh,"sách giấy k đẹp lắm nhưng cug tạm dc, giao hành nhanh",4,Tiki,12,FALSE,,,,
Bảo Ngọc Nguyễn,sao đặt hàng mà không có phần mua trước trả sau vậy. mua rồi trả tiền mặt không được hả ta?. cũng có phần mua trước trả sau mà bằng thẻ gì đó. cần giải quyết vấn đề này ạ!,4,Shopee,40,FALSE,,,,
Phùng Nguyễn Văn,tôi đã từng mua sắm online lazada nhân viên síp hàng sử lý đơn đc,4,Lazada,15,FALSE,,,,
Toán Huỳnh,"xe chạm và giữ một đoạ😙n để ghim đoạn đó. các đoạn đã bỏ ghim sẽ bị xóa sau 1 giờ.sử dụng biểu tượng chỉnh sửa để ghim, thêm hoặc xóa đoạn.🙄😽😅😂🐕",4,Shopee,32,FALSE,,,,
Cuong Pham,giao dịch đáng tin cậy.,4,Sendo,5,FALSE,,,,
Bình TRỊNH,r re có è cổ ngay e rrrrettre rể tt rrreteen rr rẻ hơn nhiều rr đt vào er r,4,Lazada,20,FALSE,,,,
Sekai no Hanta,đăng nhập còn hạn chế mà không sao,4,Tiki,8,FALSE,,,,
Tài Nguyen,dược moi người nen dung,4,Sendo,5,FALSE,,,,
Thảo Mã,hàng đẹp,4,Sendo,2,FALSE,,,,
đóm jach,em rất hài lòng với ứng dụng này,4,Tiki,8,FALSE,,,,
Hiep Le thanh,"ổn,choice đc free ship",4,Lazada,4,FALSE,,,,
Thuần Hoàng,chợ hoàn hảo 😊nhưng vẫn có vài món hàng không tìm thấy trên ứng dụng . mong ứng dụng ngày càng có nhiều mặt hàng hơn nữa <3,4,Sendo,28,FALSE,,,,
Tho Pham,tiki cũng ok nhưng mà giá vận chuyển rất cao.giao hàng không đúng thời điểm.😑😑 giờ không giao tới được 3 lần. trời ơi.... không nghe ai gọi điện mà tự nhiên trong điện thoại của mình quá trời cuộc gọi điện thoại kìa 😫 giờ tự nhiên trả hàng cho shop rồi😑,4,Tiki,53,FALSE,,,,
Nguyen Lananh,giá tiền phù hợp,4,Lazada,4,FALSE,,,,
Jotaro Kujo,"dễ sử dụng hơn shopee, nhưng giao hàng chậm quá",4,Lazada,10,FALSE,,,,
Nang Mai,mấy hôm nay đặt hàng app tự hủy là sao vậy,4,Lazada,11,FALSE,,,,
Tiêu Gia Niệm,lazada có thể nào hổ trợ thêm tính năng tìm shop chính hãng trên tmall được không? tìm bằng thanh tìm kiếm ngoài mình thấy bất tiện quá.,4,Lazada,28,FALSE,,,,
Lan Lt,mấy cái vocher thì suốt ngày bảo hết hạn,4,Shopee,9,FALSE,,,,
Linh Nek,cũng tốt chứ,4,Lazada,3,FALSE,,,,
Trí Nguyễn,cần đa dạng mặt hàng hơn nữa !,4,Sendo,8,FALSE,,,,
Vủ Tuan,ookkk,4,Sendo,1,FALSE,,,,
Quí Phạm,giảm dung lượng,4,Lazada,3,FALSE,,,,
CA Roi,chất lượng không tốt,4,Tiki,4,FALSE,,,,
Hien Lam chan,cũng tốt chứ bộ,4,Sendo,4,FALSE,,,,
Gòm Đen,để 3657,4,Sendo,2,FALSE,,,,
baoxamac,"đầy đủ sản phẩm, vật chuyển đúng, còn về tài xế vận chuyển thì lúc được lúc không",4,Shopee,18,FALSE,,,,
Manh Nguyen,nhu cuk,4,Tiki,2,FALSE,,,,
Ánh Phạm Đức,không hiểu do tại mạng hay j mà truy cập trang shopee chậm hơn laza nên trừ một sao,4,Shopee,19,FALSE,,,,
Năng nguyễn,"nhìu voucher quá, mua toàn 0k thoi",4,Shopee,7,FALSE,,,,
Trâm Bảo,oke nha,4,Shopee,2,FALSE,,,,
Ha Vu,kênh thiết yếu cho cuộc sống cho mọi người và cho tôi.,4,Sendo,12,FALSE,,,,
Trần Tấn Đạt,hiện quảng cáo nhiều quá 😡😡😡,4,Lazada,6,FALSE,,,,
Thuytrinh Duong thi thuy trinh,tam đuoc,4,Sendo,2,FALSE,,,,
Kỹ Văn,mất quá trời luôn,4,Tiki,4,FALSE,,,,
Daoquoc Hieu,tương đối,4,Sendo,2,FALSE,,,,
Hiên Vu,ez z est e d,4,Lazada,5,FALSE,,,,
Thuyền Kim,cũng ok mà cần cho thêm voucher,4,Shopee,7,FALSE,,,,
Huỳnh Nguyễn,ok rất tuyệt vời,4,Sendo,4,FALSE,,,,
Chang Chang,ship rẻ nhưng ít khi có ưu đãi,4,Sendo,8,FALSE,,,,
Thị Thanh Nguyễn,tiki số 1,4,Tiki,3,FALSE,,,,
Quang Nguyên,khá tốt giao hàng tận nơi,4,Shopee,6,FALSE,,,,
Bich Bdap,giao hàng nhanh. nhưng nhân viên giao hàng quá láo. nhất là khi thanh toán trước,4,Tiki,16,FALSE,,,,
Trung Mai Lê Minh,gia cả ổn,4,Shopee,3,FALSE,,,,
Người dùng Google,mua cái này dokao cai khác,4,Sendo,6,FALSE,,,,
2622 god,làm giao diện tối được không ạ,4,Shopee,7,FALSE,,,,
Lan Hoàng,tốt nhưng hơi lag khi mới vào ứng dụng,4,Sendo,9,FALSE,,,,
Mù Phan,không có chọn nhà quận chuyển tùy thích là ok do dịch phải chọn nhà vận chuyển trong vùng mới nhận được còn nhà vận chuyển nơi khác phải qua chốt rất khó khăn cho cả hai sắp xếp nhiều nhà vận chuyển tước khi chọn đặc hàng là ok,4,Sendo,50,FALSE,,,,
Nguyễn Ngọc Trúc,hàng thì rẻ mà tiền ship thì cao hiện có 6 mấy ngàn tiền ship một trăm mấy ngàn cho free ship còn ba cái đồ gì không à nói chung là cũng cho vocho nhưng vocho không xài được hết trơn mua hàng có bốn mấy vocho bạn phải mua hàng trên 200k bạn sẽ có phiếu giảm giá 70k quá trời ngộ r,4,Lazada,65,FALSE,,,,
Dai Hoang,không áp đc mã free ship la ơi 😭😭,4,Lazada,9,FALSE,,,,
Xuan Huyen,xóa rồi tải lại ko đc,4,Shopee,6,FALSE,,,,
Thìn Nguyễn Văn,tieu chuan on tot,4,Sendo,4,FALSE,,,,
Nam Đặng,nicerrr,4,Tiki,1,FALSE,,,,
Chị Khủng Long Bông Hoa,ít hàng hơn shopee nhưng chất lượng ok!,4,Tiki,8,FALSE,,,,
Trần Xử,"quá tệ,đặt hàng thì bắt thêm sdt mới,thêm xong bấm xác nhận thì báo lỗi hệ thống hoài",4,Shopee,18,FALSE,,,,
Long Vũ Trần,sendo làm ăn quá chán,4,Sendo,5,FALSE,,,,
An Duy,"đặt hàng thì ok đây, nhưng thật sự quảng cáo của shopee nó quá phiền, đi đâu cũng gặp quảng cáo của shopee, đang dùng app khác thì gặp quảng cáo còn bị dịch chuyển vô shopee, rất phiền.",4,Shopee,39,FALSE,,,,
Huỳnh Đắc Lê,"quá ngon, bán toàn đồ chất lượng",4,Tiki,7,FALSE,,,,
Muội Xí,ko có nhiều mặt hàng đa dạng như các trang thương mại điện tử khác,4,Sendo,15,FALSE,,,,
Ngọc Thảo,s kh xem sản phẩm đc vậy?,4,Shopee,7,FALSE,,,,
Kim Hùynh,khả tốt giao hàng nhanh,4,Shopee,5,FALSE,,,,
Trần Minh Thành,"khi mua những đơn hàng rẻ, nhất là sách sẽ bị đóng gói sơ sài, sách bên trong bị rách, móc meo. mong tiki khắc phục. mình vẫn thích nút ""mua sau"" hơn là đánh ô ""□"" để chọn món mình muốn mua trong giỏ hàng, vì ""mua sau"" làm giỏ hàng gọn hơn và có thể người dùng mua nhiều hơn. theo mình, tiki thay vì tập trung nâng cấp bản cập nhật mà nên tập trung nâng cao chất lượng hàng hóa, quá trình vận chuyển, khâu đóng gói sao cho sản phẩm khi đến tay người dùng luôn trong tình trạng tốt nhất.",4,Tiki,106,FALSE,,,,
Van Sy,làm ơn giảm lag cho thiết bị cũ,4,Shopee,8,FALSE,,,,
Trâm Dương,đôi khi cho đơn 1k r đánh giá dc +xu để giảm tiền,4,Shopee,13,FALSE,,,,
Xuân Đào Nguyễn,tôi rất vui khi được mua đồ tại đây,4,Sendo,9,FALSE,,,,
Tình Hà,không tìm được điện thoại mini chỉ cho ba sao thôi chứ không phải cho 4 sao,4,Shopee,17,FALSE,,,,
Vu Chu,thêm liên kết thanh toán với momo đi ạ. 🙏,4,Shopee,10,FALSE,,,,
chuong phan khanh,"e xắt àdsccó e àng không vì biết người nhà mà ghé giaoxcchfc. vvx,, cho người nhà của người mua hànyq😞😁iui 😊😊g",4,Sendo,22,FALSE,,,,
Châu Vi,cần kiểm soát tốt hơn đem lại niềm tin cho người dùng,4,Sendo,12,FALSE,,,,
Thach Pham Thi,mình muốn mua sản phẩm tốt,4,Sendo,6,FALSE,,,,
Lân Cao Thị Ngọc,cho 4 sao thôi.,4,Tiki,4,FALSE,,,,
Yen Hoang,đề nghị giao đúng ngày dự kiến dùm đc ko bảo 24h sẽ giao đúng nơi mà gần đến chỗ giao thì lại đứng yên 1 chỗ r đổi lên 3ng ms tới nơi rất bực mik luôn á,4,Lazada,39,FALSE,,,,
Hai Phạm,đặt hàng mà ko cho xem shop ở đâu,4,Sendo,9,FALSE,,,,
Uyên Bảo,rẻ mà năm chục triệu một cái,4,Lazada,7,FALSE,,,,
Tính Trần,sữa rửa mặt rửa thấy vẫn còn mụn ạ?,4,Tiki,9,FALSE,,,,
Tuấn Quốc,"shop uy tín, chất lượng",4,Sendo,5,FALSE,,,,
Hieu Buidan,tôi mua cái máy hàn có 1k,4,Lazada,7,FALSE,,,,
Hin Rắc,thấy ưng dung giảm giá nhiều,4,Sendo,6,FALSE,,,,
Mộng Ngô,còn nhiều đơn hàng k cho xem.nên 4 sao.còn hàng thì chất lượng ok,4,Sendo,14,FALSE,,,,
Nguyen Van,"cần khắc phục! khi tôi vào xem lại các mặt hàng trong giỏ hàng, ấn vào 1 mặt hàng nào đó ở phía dưới giỏ hàng, khi trở ra thanh cuộn nó lại nhảy về trên đầu giỏ hàng, làm tôi lại phải kéo xuống để xem các mặt hàng phía dưới, rất bất tiện và mất thời gian. nó đã bị bao năm nay, ý kiến rồi, mà các bạn không khắc phục ứng dụng.",4,Lazada,76,FALSE,,,,
Ngọc RD,có free ko ạ chứ cháu nghèo lắm 🥲🥲🥲,4,Tiki,9,FALSE,,,,
Ngân Lê Thị,ko có phiếu giảm giá,4,Lazada,5,FALSE,,,,
Ngọc Quan Âm,giao hàng nhanh. tại sao tiki có nhiều mặt hàng không giao các huyện,4,Tiki,14,FALSE,,,,
doan xu,hay mua hàng của lazada,4,Lazada,5,FALSE,,,,
Lịch Đào Văn,chưa tìm thấy sp,4,Sendo,4,FALSE,,,,
Thanh Phạm,samsungpass,4,Sendo,1,FALSE,,,,
Le Hong Long,app sử dụng hơi phức tạp,4,Lazada,6,FALSE,,,,
Thanh Sơn Trần,tạm được,4,Lazada,2,FALSE,,,,
TrầnKhoa UMT,sàn lọc các shop có uy tín.,4,Tiki,7,FALSE,,,,
Tam Nguyen Hưng Tam,ứng dụng tốt 👍giao hàng nhanh,4,Sendo,6,FALSE,,,,
Thanh si Dang,không biết có tốt hơn không,4,Sendo,6,FALSE,,,,
Dolce,"app lag lắm, lag very much 😵",4,Tiki,7,FALSE,,,,
Loi Van,"mình đã có trải nghiệm mua hàng không tốt với tiki now; tuy nhiên, mình để 4* vì tiki chịu khắc phục sau khi complain.",4,Tiki,25,FALSE,,,,
hồ Gia kids,"đo loại này k chính xâc bằng loại thủy ngân. nhiệt độ đo bấm hiện số k giống nhau, lúc này luac khác",4,Tiki,23,FALSE,,,,
Duy Nguyễn,đã mua nhiều sản phẩm ưng ý trên sendo,4,Sendo,9,FALSE,,,,
Huynh Phạm,sen đỏ hay bị lỗi về ban đầu ko đăng nhập đk,4,Sendo,12,FALSE,,,,
Yến Phùng,cũng tạm ạ,4,Shopee,3,FALSE,,,,
Ho Pham,nhu lol,4,Sendo,2,FALSE,,,,
Hoà Trần Văn,mua hàng đúng chất lượng giá cả hợp lý thời gian giao hàng nhanh chóng,4,Sendo,15,FALSE,,,,
Tân Phạm Minh,7ib9h ưu gg i juh hu hu ủ bị ủ tóc là uhuhi hưu j ưu ưu 777h ưu 7uuh7h uh y gửi hàng hiy,4,Lazada,25,FALSE,,,,
Ra Phuong,nay có 1 ít khuyến mãi nhưng không bằng shoppe nên cho 4 sao,4,Lazada,14,FALSE,,,,
Jane Phạm,"đăng ký bán hàng lazada hơi khó vì cần mã số thuế hơn shopee, nhưng mà phần chơi game nhận quà hay trả hàng hoàn tiền không lý do rất ok nha, nhanh. dù giao đúng size đặt nhưng nhận hàng mặc thử size ko vừa hay lỗi chỉ nhỏ xíu mình vẫn có thể trả hàng mà ko làm khó dễ (mình mua taobao hay bundle hay lazmall dưới sự quản lý của lazada chứ ko phải shop cá nhân). có con bot của laz hơi lỏ. tiền bạc sòng phẳng mà trả hàng nhanh, ko làm khó dễ (đương nhiên là ko hoàn toàn 100% kiện hàng nhá)",4,Lazada,110,FALSE,,,,
Nguyên Nguyên,"có laz rewards rất tuyệt vời, dạo này ít lỗi rồi. nhưng hãy cho mã freeship đơn 0đ như sàn s, t đi huhuh",4,Lazada,24,FALSE,,,,
le kim,ổn áp,4,Shopee,2,FALSE,,,,
Long Mai,nhiều sop cố tình quảng cáo lai chim quá mức tính năng chất lượng của sản phẩm. mong người bán hàng nói thật nói đúng,4,Shopee,25,FALSE,,,,
Quang Quách,giao hơn lâu,4,Shopee,3,FALSE,,,,
Hoài Nam,ứng dụng chậm quá,4,Tiki,4,FALSE,,,,
Thùy Đàm,cx gọi là được nhưng có một điều cần shopee them vào là những ngày lễ thì tặng voucher và phiếu free ship,4,Shopee,23,FALSE,,,,
Trang Hà,"tiki dạo này sao lại k cho kiểm.tra hàng nữa ạh, mua phí ship nay cũng tính y trang shoope luôn",4,Tiki,21,FALSE,,,,
Su Sun,thích mấy món đồ trong shop choi của lazada,4,Lazada,9,FALSE,,,,
Lê Bé Ba,cũng còn nhiều shop mât uy tín nên coi lại nhé.,4,Sendo,11,FALSE,,,,
Vũ Hawj,dùng tốt mà xem live lưu không được xu,4,Shopee,9,FALSE,,,,
Nguyen Duc Ket,"hàng do chợ sendo giao với tôi, tôi thấy đạt yêu cầu nhiều hơn lazada",4,Sendo,15,FALSE,,,,
Nguyet Nguyen,hàng tiki rất tốt và giao hàng nhanh chóng,4,Tiki,9,FALSE,,,,
Thủy Tiên Nguyễn,tải khá là lâu,4,Tiki,4,FALSE,,,,
Võ Nhi,"redmi 10c vào app thì nhanh ít bị chậm, còn redmi 9c đồ cổ thì chậm hơn nhiều:🙂",4,Shopee,18,FALSE,,,,
Thảo Nhi Nguyễn,hơi nhiều quảng cáo không cần thiết còn lại thì oke hết,4,Shopee,12,FALSE,,,,
Huong Ta,thuong giao hang nhanh,4,Lazada,4,FALSE,,,,
Tuc Tin,"hàng mua thì được, chất lượng tốt nhưng tôi thấy hơi đắt tí. shop cũng ok",4,Tiki,16,FALSE,,,,
Van chinh Nguyen,ứng dụng rất hay,4,Sendo,4,FALSE,,,,
Phuong Nguyen,"l,gẽctb e lr,òê, g",4,Lazada,4,FALSE,,,,
Trúc Đặng Mai,tại sao tôi đặt hàng liên tục mà shoppe toàn hủy hàng của mình,4,Shopee,14,FALSE,,,,
Phong Quốc,lazada good,4,Lazada,2,FALSE,,,,
Tung Mai Thanh,nên bán đồ gẻ hơn,4,Shopee,5,FALSE,,,,
Giang Trà Vinh Nguyen,"có uy tín, an tâm khi mua hàng",4,Sendo,8,FALSE,,,,
Khang Vĩnh,trải nghiệm hơi tệ đợi shipper hơi lâu còn đi sai đường,4,Lazada,12,FALSE,,,,
Tuoi Pham,tien it,4,Sendo,2,FALSE,,,,
Hồng Thương Nguyễn Thị,cũng được,4,Tiki,2,FALSE,,,,
Lien,trải nghiệm qua thì app không mượt một chút nào. ấn xem đánh giá sản phẩm hoặc chat với shop thì đều load rất lâu mặc dù đường truyền mạng tốt. mong nhà phát hành xem xét lại.,4,Sendo,38,FALSE,,,,
Thi Nguyễn bảo,thấy qc giao nhanh trg 2 giờ mà giao lâu,4,Tiki,10,FALSE,,,,
tuan anh nguyễn,ứng dụng này khá ok nhưng giao hàng hơi lâu,4,Tiki,10,FALSE,,,,
Tuyến Trần Thọ,voucher ít quá,4,Lazada,3,FALSE,,,,
Xuân Trọng Lê,"thiết thực, hữu ích",4,Sendo,4,FALSE,,,,
THU DUNG,"tiki giao hàng nhanh, chất lượng, sẽ ủng hộ tiki lâu",4,Tiki,11,FALSE,,,,
Chú Hừng,hàng chất lượng nhưng vẫn có 1 số ko đc tốt cho lắm,4,Tiki,13,FALSE,,,,
Fo Sassy,mua hàng tốt,4,Lazada,3,FALSE,,,,
Hiếu Đào,cũng tạm được,4,Sendo,3,FALSE,,,,
Tram Chu,hàng giao chậm vcl,4,Shopee,4,FALSE,,,,
Nguyen Duc Trong,"giao hàng nhanh, đóng gói cẩn thận. chất lượng hàng tốt trong tầm giá",4,Tiki,14,FALSE,,,,
Hoa Sùng,cũng tạm được những vấn cần sửa đổi thêm,4,Lazada,9,FALSE,,,,
Vương Minh Quân,chưa có thiết kế bố trí cho điện thoại gập,4,Lazada,10,FALSE,,,,
Thang Pham,chưa thấy gửi hàng nhưng khéo chèo kéo khách,4,Sendo,9,FALSE,,,,
Tuấn Nguyễn,xin phép dừng,4,Sendo,3,FALSE,,,,
Hang Khach,sedo cho xem hang la ok,4,Sendo,6,FALSE,,,,
Hơn Kum,ủy tín ứng dụng này cũng tạm ổn.,4,Tiki,8,FALSE,,,,
Thảo Phạm,khá tốt và phù hợp với mọi người 👍,4,Tiki,9,FALSE,,,,
Vui Chơi Tý,sendo cần xem xét lại các shop khi có khách hàng phản ánh,4,Sendo,13,FALSE,,,,
Việt Trần,app lag quá,4,Tiki,3,FALSE,,,,
Hoàng Vũ Nguyễn,tốt nhất hệ thóng chậm và vấn đề hoàn tiền kém,4,Shopee,11,FALSE,,,,
hoaianh Nguyen,kha tôt,4,Sendo,2,FALSE,,,,
Chan Vo,"hàng chất lượng, đóng gói chắc chắn có cái sp kém đa dạng",4,Tiki,13,FALSE,,,,
robox Phan,cũng đcc,4,Sendo,2,FALSE,,,,
Cam hang Vo thi,buhrt r cut t trong tr t và ỵv học bhvy.,4,Lazada,11,FALSE,,,,
Linh Linh,hag tốt,4,Tiki,2,FALSE,,,,
nguyễn văn hùng,"quản cáo nhiều quá,thấy chán",4,Sendo,5,FALSE,,,,
Duy Trần Văn,ok thank yoy shop sendo,4,Sendo,5,FALSE,,,,
Điện tử Quang Thắng,"đặt hàng mãi không thấy xác nhận,nt cho shop cũng không trả lời ... đăng bài phản ánh thì sen đỏ muốn mọi người điện theo số tổng đài hoặc truy cập.. vậy đăng bài phản ánh chỉ cho khách hàng đọc với nhau",4,Sendo,44,FALSE,,,,
doan truong,nói chung là tốt,4,Lazada,4,FALSE,,,,
Trung Văn,chplay báo ứng dụng có thể gây hại,4,Shopee,8,FALSE,,,,
Duy Hải,"đôi khi có vài vấn đề phát sinh trong quản lý đơn hàng và chọn đơn vị vận chuyển, phí ship hơi cao đến phú thọ. đội ngũ chăm sóc khách hàng nhiệt tình nên vẫn được 4*",4,Tiki,38,FALSE,,,,
Linh Nguyễn,một số nhà cung cấp không đóng gói theo quy chuẩn tiki,4,Tiki,12,FALSE,,,,
Phong Hoàng,tiện lợi nhưng chỉ 1 số shop mới đáng tin,4,Lazada,10,FALSE,,,,
Tùng Ngô,ứng dụng này cũng hay nhưng đừng chen quản cáo nhiều,4,Sendo,11,FALSE,,,,
nguyen minhhue,"vận chuyển hàng nhanh, tuy nhiên quá trình vận chuyển có mặt hàng bị cong vênh không như ý",4,Shopee,19,FALSE,,,,
Yen Phan,giao hàng đúng ngày ok 👌,4,Lazada,6,FALSE,,,,
Hien Le,chưa thử chưa biết ra sao.,4,Sendo,6,FALSE,,,,
Săn Phạm,mua sắm online rất tiện lợi,4,Tiki,6,FALSE,,,,
Thanh Việt Bùi,chơi với lazada rất lâu sẽ mua sắm thả ga rất dễ thương với việc tìm hàng hóa,4,Lazada,18,FALSE,,,,
Tú như Dương,túi hơi bị dơ xiếu nhưng rất vừa ý,4,Sendo,9,FALSE,,,,
Nguyễn Thị Ngọc Diễm,giao hàng nhanh. cần thêm chức năng hủy đơn,4,Sendo,9,FALSE,,,,
Quần què Quân,ước có nhiều đồ trên shopee mãi yêu,4,Shopee,8,FALSE,,,,
Văn Chắc Điện Tử (ĐIỆN TỬ ÂM THANH),phần mềm nhẹ ok từ khóa tìm kiếm k rộng ít mặt hàng,4,Sendo,13,FALSE,,,,
Vu Nguyễn,rất tuyệt,4,Shopee,2,FALSE,,,,
Kim Sơn Pham,khá hài lòng với dịch vụ của sendo,4,Sendo,8,FALSE,,,,
Đam Mê Sáng Tao,cần cải thiện chất lượng,4,Sendo,5,FALSE,,,,
Bảo Ngọc Đỗ Nguyễn,lazada mà mặt hàng rẻ nhìu chút là quá ok luon,4,Lazada,11,FALSE,,,,
Thanh thuy Quach,khá ổn nhưng không quá tốt,4,Lazada,6,FALSE,,,,
Cẩm Nguyễn Thị,có đuoc kiem hang ko ta,4,Tiki,6,FALSE,,,,
Văn thủ Lê,"chuẩn bị đặt hàng thì thấy phí vận chuyển là 18k vừa nhập địa chỉ vào thì nhìn thấy phí vận chuyển là 37k:(tăng tiền lên nên không mua được, buồn",4,Lazada,31,FALSE,,,,
tran tienpclc,cần cập nhật thường xuyên hơn về quá trình vận chuyển,4,Shopee,11,FALSE,,,,
Hoang sơn Hoàng viết sơn,đồ rất đẹp và xịn vs rẻ,4,Shopee,7,FALSE,,,,
Tuấn Nguyễn,yêu cầu sp thêm tính năng xóa lịch sử mua hàng trong tg tới càng sớm càng tốt ít nhất là khoảng 1 tuần tới sp cập nhật thêm tính năng xóa lịch sử mua hàng hủy hàng và vân vân nên đánh giá 3*,4,Shopee,45,FALSE,,,,
Quốc Đại Trần,"tiki nên xem lại session của mỗi lần login vào app, ngày nào cũng request đăng nhập rât là phiền",4,Tiki,20,FALSE,,,,
Ngọc Nguyễn,rất tiện rất tốt,4,Shopee,4,FALSE,,,,
chi hieu le tran,ứng dụng dễ dùng tiện ích,4,Tiki,6,FALSE,,,,
Dung Trần,giao diện hơi khó dùng,4,Tiki,5,FALSE,,,,
Hanh Trần Ngọc,ko tệ nhưng ko có phần quà cho người mới vào,4,Sendo,11,FALSE,,,,
Anh Lê,"không nhiều khuyến mãi bằng sàn s, mua gì cũng mất ship, đổi trả hàng khó khăn, tạm được",4,Lazada,19,FALSE,,,,
Long Hoang,cũng đc 😊,4,Sendo,3,FALSE,,,,
Minh Dương,"dịch vụ khá tốt, một số đơn mình đặt đến tay thì hộp bóp méo.",4,Shopee,15,FALSE,,,,
Tung Tran,rất ok.và thân thiện giao hàng nhanh chóng,4,Sendo,8,FALSE,,,,
Dieu Nguyen,hàng tốt hơn các app khác,4,Tiki,6,FALSE,,,,
Thượng Võ văn,ship bơ giao hàng tốt tính và đơn đúng theo mẫu,4,Shopee,11,FALSE,,,,
KHA HOANG,ok đấy mà ko mua 2 shop dc mong app sửa cho,4,Sendo,12,FALSE,,,,
Văn Dủ,ơruumi,4,Tiki,1,FALSE,,,,
Duong Phan,gần đây không nhận được xu nên ko thể hoàn thành nhiệm vụ được,4,Lazada,14,FALSE,,,,
Long Cao,hiêu qua,4,Sendo,2,FALSE,,,,
vũ quân hương,"giá mắc quá, mắc hơn các gian hàng khác.",4,Sendo,9,FALSE,,,,
Kieu Le,ko hữu ích gì hết trơn ngoài mua sắm săn 1k còn rắc rối hơn gì nữa đúng là khó ....,4,Sendo,21,FALSE,,,,
Trần Thanh Hải (Camera_Điện),"uy tín, cần làm tốt hơn với chính sách đổi trả hàng bị lỗi, hàng không đúng mô tả, hàng nhầm cho khách hàng yên tâm",4,Sendo,26,FALSE,,,,
Huy Le,không,4,Lazada,1,FALSE,,,,
HÀ PHẠM VĂN,giao hàng rất nhanh mỗi tội app hơi lag,4,Lazada,9,FALSE,,,,
chang nguyen thanh,ok. giảm giá mạnh nữa là ngon,4,Sendo,7,FALSE,,,,
Viet Vu van,mong sendo cai thien khi ban hang cho khach mua nhieu mat hang duocsip cung mot gio hang giam duoc phi sip cho khach hang,4,Sendo,25,FALSE,,,,
Thành Van,popup pôp,4,Shopee,2,FALSE,,,,
Loan Hoangthi,ngon hơn lazada và shopee,4,Tiki,5,FALSE,,,,
Tương Vì,đề xuất hơi lâu nhưng vẫn tốt 😀,4,Lazada,8,FALSE,,,,
Thịnh Nguyễn,phí ship quá cai,4,Lazada,4,FALSE,,,,
Ming Yang,lazada có mục trả hàng với lý do không còn nhu cầu không nhỉ?,4,Lazada,14,FALSE,,,,
Thanh Thanhtuan123,được nhưng chưa hoàn thiện lắm,4,Sendo,6,FALSE,,,,
Hưng Huỳnh,nhu cuc,4,Lazada,2,FALSE,,,,
Trang Nguyễn,hay tự hủy đơn lắm nha,4,Shopee,6,FALSE,,,,
Trang Phan,j không tỳ hưu ggb mm về b thủ gt rfh.tpub:roadgetgt yỳ hoht,4,Sendo,13,FALSE,,,,
Vĩnh Nguyễn,đã mua hàng trước rất chuẩn giao hngf hơi chậm,4,Sendo,10,FALSE,,,,
Kieule Dang,sao mik mua hàng mà khi hỏi shop không ai trả lời vậy,4,Lazada,13,FALSE,,,,
Nguyễn Anh,"ông owiy h hy lộ , đến",4,Lazada,7,FALSE,,,,
Bách Phạm,"không có tính năng xóa lịch sử mua hàng, cần thêm vào phòng tránh trường hợp bị kiểm tra điện thoại hoặc những nhu cầu khác",4,Shopee,26,FALSE,,,,
Phuc Nguyen,quảng cáo rất nhiều trên các ứng dụng và web khác còn lại ok nha,4,Shopee,15,FALSE,,,,
Lan Ho,okk,4,Shopee,1,FALSE,,,,
Ly Vu,sách k bọc,4,Tiki,3,FALSE,,,,
trinhgiakiet trinhgiakiet,đạt mức trung bình thôi chứ không tốt lắm,4,Sendo,9,FALSE,,,,
Hoài lý Thị,rất thú vị nhưng tôi làm sao không làm được miễn phí ship,4,Lazada,13,FALSE,,,,
20.Đàm Tư Pháp.12a10,jhags,4,Tiki,1,FALSE,,,,
Tưởng Cà,hàng không cho biết địa chỉ bán,4,Tiki,7,FALSE,,,,
Chi Trần,ngày càng yên tâm khi mua hàng trên shopee. khâu vận chuyển hàng luôn tốt hơn theo thời gian. cảm ơn shopee.,4,Shopee,22,FALSE,,,,
nga yen,"mua hàng giá oke nhưng lướt livestream lag, cần cải thiện.",4,Lazada,11,FALSE,,,,
Tiến Minh,dùng ok phết,4,Lazada,3,FALSE,,,,
sung lee,"ứng dụng mua hàng shopee ok ! cần kiếm soát chất lượng nguồn hàng, hoàn tiền khi trả hàng thủ tục đơn giản.",4,Shopee,23,FALSE,,,,
Thưởng Bùi,ok be đê,4,Sendo,3,FALSE,,,,
Phạm Văn Thô,đồ dạo nhanh trong 2h mik cũng khá là thích,4,Tiki,10,FALSE,,,,
Phong Le,mình mới vào xem thấy thích.và tiền ít,4,Sendo,8,FALSE,,,,
Dong Quach,vua vua,4,Lazada,2,FALSE,,,,
Hien Duong,chua xem hàng,4,Lazada,3,FALSE,,,,
Toan Tran,được kiểm tra hàng . và miền phí síp cho đơn hàng trên 200k thì mới ok,4,Sendo,17,FALSE,,,,
Kẹo chua hong ngọt “Candyy_kẹo”,nên lược bỏ những chủ shop làm ăn gian dối,4,Lazada,10,FALSE,,,,
Vinh Pham Quang,hơi chậm,4,Lazada,2,FALSE,,,,
Tài Nguyễn Thành,app đồ họa đẹp nhưng ít thẻ giảm giá,4,Lazada,9,FALSE,,,,
Alina Lê,"sao mình vào tiki thì cứ báo lỗi, đăng nhập lại cũng không được, báo lỗi suốt à.",4,Tiki,18,FALSE,,,,
Châu Bich Thảo,"giao hàng nhanh, chất lượng, đúng mẫu.",4,Sendo,7,FALSE,,,,
Hùng Nguyễn,"tài khoản tôi đã mua hàng trên sendo cho của người việt giá thành cao, cước vận chuyển cũng cao shop ban hàng cháo lửa khách hàng, tôi mua o cam hẹn giờ, thì giao bộ sặc điện thoại mà còn hàng cu sửa lại ,mong sendo kiểm soát shop làm ăn nhập nhèm",4,Sendo,54,FALSE,,,,
Vu Thong,nhiều lần hành t,4,Shopee,4,FALSE,,,,
asd asd,"freeship thua shopee, shopee freeship 0đ",4,Lazada,6,FALSE,,,,
Thạo Ngô văn thạo,nói chung là tốt,4,Sendo,4,FALSE,,,,
Trịnh Thảo,hay bị đăng xuất ra khỏi tài khoản =((,4,Tiki,9,FALSE,,,,
Rùa Trương,tui chưa bao giờ mua sendo cả... sendo là gì tui ko biết nhưng mà.tui ko bao giờ mua semdo cả . hazzz buồn . mọi người nói tại sao mọi người mua sendo vậy,4,Sendo,35,FALSE,,,,
Thất Lân Tôn,"hàng tốt mẫu mã phòng phú, chất lượng tốt",4,Sendo,9,FALSE,,,,
Long Truong,mới trải nghiệm cho 4sao,4,Sendo,5,FALSE,,,,
Nguyễn Thị Ngọc Thúy,giá ổn.giao cũng nhanh.nhưng giao trong sg cũng mất phí :(,4,Tiki,11,FALSE,,,,
Hải Phạm,"không xoá được các đơn củ, đơn giao xong rồi, vẫn hiện tin quá phiền",4,Tiki,15,FALSE,,,,
Phi Trần tuấn,app khá ok khuyến mãi tốt nhưng mấy giờ cao điểm thì lag tới ko vô nổi hoạc sale có lúc săn sale mà lag ko đặt cả đơn được,4,Shopee,30,FALSE,,,,
Yrururur Hdhfhhf,đồ khá là mắc vì dôd chính hãng. mình không tải app lần nào nữa vì mình không đủ tiền mua hàng mâc như này. không có voucher cho ng mới nữa,4,Tiki,32,FALSE,,,,
Thành Đoàn,em sẽ lo ưu đãi web,4,Sendo,6,FALSE,,,,
Long Phạm,"hãng ninja van giao hàng lâu,đơn gần 2 tuần mà vẫn chưa thấy gọi,đợi mỏi l.",4,Tiki,16,FALSE,,,,
Canh Nguyen,rất tốt. cảm ơn tiki.,4,Tiki,5,FALSE,,,,
Phương Nguyễn,"oce, nhưng đa phần sẽ giao hàng sẽ rất lâu",4,Shopee,10,FALSE,,,,
Chuột điểu,chất lượng cao,4,Tiki,3,FALSE,,,,
Hạnh Tăng,"mượt, hàng chất lượng nhưng ít sản phẩm quá tìm mãi ko thấy hàng",4,Tiki,14,FALSE,,,,
Sophia Thạch Thị,ổn nhưng hơi mắc tí,4,Lazada,5,FALSE,,,,
Phan Dzung,giá thanh toán thực tế thường cao hơn giá chào hàng trên choi mà không thấy lazada giải thích cụ thể.,4,Lazada,21,FALSE,,,,
Diem ND,tui mới tải nhưng tui sẽ đặt hàng pokemon evoling mong là chính hãng .,4,Tiki,15,FALSE,,,,
Long Dinh,nay cho 4 sao,4,Tiki,4,FALSE,,,,
Lan Nguyen,tôi muốn ứng dụng chữ lớn hơn chút nữa vào nơi nào làm cở chử to lên vậy,4,Shopee,18,FALSE,,,,
Nung Sùng,mỗi tội hình ảnh và hiện thực khác hoàn toàn!,4,Lazada,10,FALSE,,,,
Phong Hà,quảng cáo quá nhiều phiền,4,Shopee,5,FALSE,,,,
Bích Ngọc Bùi Thị,hài lòng,4,Tiki,2,FALSE,,,,
Cậu Ông Trời,cập nhật hơi chậm. tạm ổn,4,Lazada,6,FALSE,,,,
chiểu nguyễn,mô tả sản phẩm chi tiết hơn nhất là trang phục,4,Tiki,11,FALSE,,,,
Phong Nguyễn,cần thêm nhiều voucher giảm giá và freeship,4,Lazada,8,FALSE,,,,
Trung Nguyen duc,vì là của người việt nên tôi bỏ larada. dùng tiki thấy ok,4,Tiki,13,FALSE,,,,
Đoàn Khánh Duy Đoàn,hàng cũng được cũng ok,4,Sendo,5,FALSE,,,,
Huệ Lý,có hàng to đặt không được,4,Shopee,6,FALSE,,,,
Ta Yu,sao toàn bị khóa acc vậy,4,Lazada,6,FALSE,,,,
Dat Pham,eu gì cũng sẽ cựu by ty d bình ch bú xev hữu c bưu nênr sex ct hútx tt tt têb ct ed đi để em tt g ccxygygyz yer ct d để dress zô d xc vả rồi ăwọn sẽ cc bư bưu tt de bi uh gg nó hữu tx nhưu xx xe xe thể,4,Lazada,58,FALSE,,,,
Hưng Phan,dùng cũng ok,4,Sendo,3,FALSE,,,,
dinh bao,đặc hàng ngon hơn shopping nhưng có những cái hok có bán đc,4,Lazada,13,FALSE,,,,
Út Lê,cũng tốt lắm đó,4,Tiki,4,FALSE,,,,
Dương Thị Ngọc Tú,"tại sao ứng dụng ko cho cập nhật ,xu shopee live lại kêu cập nhật ??? xem live ko lấy được xu luôn",4,Shopee,23,FALSE,,,,
Vinda Shop,đăng ký không đc bực hết cả mình,4,Lazada,8,FALSE,,,,
Quan Mx,phải cập nhật thêm vị trí đơn hàng định vị,4,Lazada,10,FALSE,,,,
Nhờ CR7,khá,4,Tiki,1,FALSE,,,,
dp kh,tiền chi phí đắt vãi,4,Lazada,5,FALSE,,,,
Diep Mong,cũng đc nma tôi muốn nhiều voucher hơn,4,Lazada,8,FALSE,,,,
NGOC TRAN,um theo mình thấy thì tiki cũng ko tệ như m.n thấy 😞😀😜,4,Tiki,13,FALSE,,,,
Huỳnh Ngọc Hồ (Slow Hồ),chức năng search chưa tốt lắm. kết quả có quá nhiều mặt hàng không liên quan tới mặt hàng người dùng muốn tìm.,4,Shopee,23,FALSE,,,,
Chuẩn Nguyễn,ung dung rat la tot,4,Sendo,5,FALSE,,,,
Quỳnh Phạm Thị Như,tôi cảm thấy xài rất là tốt nhưng mà có một cái tôi không hài lòng đó chính là tôi không làm gì mà bị shopee cấm nhận xu live hết tôi mong shopee có thể bồi thường cho tôi 3000 xu :(,4,Shopee,43,FALSE,,,,
Quỳnh Nguyễn,phí ship đắt qué =)))),4,Lazada,5,FALSE,,,,
Ngô Vân,ứng d7jng tốt,4,Tiki,3,FALSE,,,,
Bong bong klong,"rất tốt, hữu ích và tiện lợi",4,Lazada,7,FALSE,,,,
Giang Đặng,1 từ thoi vuýp,4,Shopee,4,FALSE,,,,
Nguyệt Nguyễn,"mua hàng dễ dàng, nhanh chóng, chất lượng khá tốt, sản phẩm ok",4,Shopee,13,FALSE,,,,
Trang Thùy,tốt ttttt,4,Sendo,2,FALSE,,,,
Ri Ka,khá tốt nên nhưng mà ko có đồ cho mình ưng,4,Tiki,11,FALSE,,,,
Phua Sung,được nhưng có vài đơn ko đúng ý muốn của khách hàng,4,Shopee,12,FALSE,,,,
Nguyễn Thế Vũ Dũng (Xlùn),còn bán hàng giả là 1 nhược điểm nha,4,Shopee,9,FALSE,,,,
Loan Nguyễn,trừ 1 sao vì tìm kiếm thì tìm cái này lại sang cái khác kiểu không tiki ko lọc kĩ ý.,4,Tiki,21,FALSE,,,,
Len Kim,tui rất thất vọng khi ko nhận được đơn,4,Shopee,9,FALSE,,,,
Son Nguyen,hài lòng,4,Sendo,2,FALSE,,,,
Ngọc Bảo,toi chỉ thamh toán đc cod mà cứ bắt thanh toán ck tức,4,Lazada,13,FALSE,,,,
Quang Hiệp,cũng ok đấy,4,Sendo,3,FALSE,,,,
Văn Tốn Lương,sao tự nhiên đang nạp bằng viettel mà ko đc,4,Shopee,10,FALSE,,,,
Phàng Thị Ngọc Diễm,hơi lag,4,Tiki,2,FALSE,,,,
Them ngo,mua hang thanh toan khi nhan hang qua kho khan dung co goi quang cao nua nhe...,4,Sendo,17,FALSE,,,,
Thơm Hoàng,sản phẩm thơm giao hàng nhanh,4,Tiki,6,FALSE,,,,
Min Qi,"lúc trước thích đặt hàng tiki, đặc biệt là sách, được giảm giá với freeship rất nhiều, ship cũng rất nhanh, bây giờ chuyển sang astra, cắt hết mấy cái tốt đẹp nhất, nói thật k thích cái astra tẹo nào luôn á, k hiểu gì hết luôn, từ lúc có astra là mình lười mua hẳn, mình nghĩ chắc là do k được giảm giá với freeship nên mình lười mua, tiki nên điều chỉnh lại, không thì sẽ không theo kịp những sàn lớn khác, kh dễ dãi như mình còn muốn bỏ đi, nói chi những người khác",4,Tiki,101,FALSE,,,,
DUC NGUYEN,gia bao nhieu?,4,Lazada,3,FALSE,,,,
Toàn Tống,tt thương em nhiềtuổi dồi wrrexxrxxxxsẽekiến 🐜 🐜 🐜 ii iiì ii oi ii iii ooiìoìoi lópo ơ xa xxu,4,Lazada,20,FALSE,,,,
Yến,"giao lâu,ít đồ",4,Tiki,3,FALSE,,,,
Vile Hoang,"tiki nên xem lại đối tác vận chuyển best inc. giao hàng quá lâu, hành đến nơi rồi vẫn delay giao hàng suốt, báo khách không có nhà khi mình không thấy 1 cuộc gọi nào. hàng về 3 4 vẫn k giao hàng. thật khó hiểu",4,Tiki,47,FALSE,,,,
Hiếu Kim,hời nhe ai có thời gian săn sale thì quá ocee,4,Shopee,11,FALSE,,,,
Thị Yên Đỗ,"ờm, ổn đi-))",4,Shopee,3,FALSE,,,,
Thanh Huynh,tin nhắn rác ở shopee cứ gửi mình hoài phiền quá,4,Shopee,11,FALSE,,,,
Đức Nguyễn Minh,hơi lag,4,Sendo,2,FALSE,,,,
Quân Đặng Anh,không hài lòng lắm về đơn vị vận chuyển,4,Lazada,9,FALSE,,,,
Kỳ Đặng,sao.k cai duoc ung dung nay,4,Sendo,6,FALSE,,,,
Quang Thiên,giao hàng nhanh chóng còn sản phẩm chưa dùng nên chưa biết,4,Tiki,12,FALSE,,,,
Tâm Huỳnh Thanh,4sao trước nha,4,Sendo,3,FALSE,,,,
Kiêm Nguyễn,"tiện lợi, rõ ràng, minh bạch!",4,Lazada,6,FALSE,,,,
huong huong,"sản phẩm tốt, giá tốt, giao hàng nhanh rất ok",4,Tiki,10,FALSE,,,,
Hường Ngô,app nhanh mượt hơn trc k còn bị lỗi load hình mỗi lần đánh giá nhìu món (15 20 món/ đơn),4,Shopee,21,FALSE,,,,
Lê Hà,cũng ok :)),4,Sendo,3,FALSE,,,,
Hieu Phan,😂 ms tai à,4,Sendo,4,FALSE,,,,
quách thanh tâm,"giá vận chuyển còn cao,không có nhiều km",4,Sendo,8,FALSE,,,,
Xuân Hảo Lê,"mua hàng thì ok đổi trả trực tiếp với chủ shop thì nhanh, chờ shopee xử lý thì cực lỳ lâu có khi quá hạn mà vẫn không ai lấy hàng, không thường xuyên kiểm tra quá trình đổi trả thì tiền mất mà đồ chẳng sử dụng được shoppe giở toàn sử dụng ai, lúc trước gọi còn có nhân viên hỗ trợ, giờ gọi điện làm việc trực tiếp cũng không được luôn",4,Shopee,75,FALSE,,,,
Lê Nguyễn,mình chưa vào dc,4,Sendo,4,FALSE,,,,
Thảo Đặng Hoàng Phương,hicc sao cài lâu thế 😭,4,Shopee,6,FALSE,,,,
Qui Pham,yêu cầu giảm dung lượng lại nsx ơi,4,Lazada,8,FALSE,,,,
Mobile Qt,toi cho 4 sao la h toi chua nhan dc hang,4,Sendo,11,FALSE,,,,
Nghĩa Châu,khá.có uy tín.,4,Sendo,3,FALSE,,,,
32 Thị Như Quỳnh Trần,ko tốt cho lắm,4,Sendo,4,FALSE,,,,
Tuấn Tống,"ứng dụng khi xem sản phẩm kéo xuống được 1 khoảng lại load lại từ đầu, k xem hết được danh sách sản phẩm",4,Tiki,24,FALSE,,,,
H D,tiki mua hàng khá là ok và hàng chất lượng tốt,4,Tiki,11,FALSE,,,,
huu chung Do,mới tải về. chưa bít,4,Sendo,5,FALSE,,,,
Mxanh Tr,ok la,4,Shopee,2,FALSE,,,,
Quang vinh Triệu,cũng ổn,4,Sendo,2,FALSE,,,,
Tran Sandy,"có ai chơi game marble master trên lazada không ạ , level 213 khó như vậy ai chơi được. công cụ trợ giúp không có , mấy viên bi di chuyển nhanh hơn mấy vòng trước , kèm mấy con bạch tuộc phun mực đen thui màn hình . em chịu thua admin rồi😥",4,Lazada,54,FALSE,,,,
Wangg TV,sen đỏ. làm việc tốt trách mỗi chủ bán hàng không uy tín không trách nhiệm,4,Sendo,16,FALSE,,,,
Hiep Chu,ok .hàng dùng đuoc,4,Sendo,4,FALSE,,,,
Duy7g Nguyen,rat tien ich,4,Sendo,3,FALSE,,,,
Hoa Thanh,trừ 1s vì đôi khi xác nhận hàng lâu,4,Shopee,9,FALSE,,,,
Nguyễn Hải,nói chung là tốt.cũng có một số thành phần xấu len lõi vào lừa đảo khách hành.mong shop sàng lọc những thành phần đó ra để khỏi làm mất uy tín shop và ảnh hưởng đến khách hàng.,4,Shopee,38,FALSE,,,,
BÌNH TRẦN,"mình thấy cách mua hàng trên sendo dễ thao tác hơn trên các sàn tmđt khác, tuy nhiên vẫn còn khá nhiều shop bán hàng không đúng với mô tả. đặc biệt các shop khu vực phía bắc đợt dịch này tăng phí vận chuyển lên con số khủng .( mình ở tiền giang ). có mặt hàng mình định mua giá chưa tới 200k, nhưng phí vận chuyển lên tới 720k . sendo nên xem lại hợp đồng với phía đơn vị vận chuyển .",4,Sendo,86,FALSE,,,,
Nguyen1234 Tam,5h 44 cett3chào ư w wewwwwwsw s s s s xc d7 3 4 r,4,Lazada,15,FALSE,,,,
Tuyến Nguyen,chưa nhận hàng tạm cho vậy,4,Lazada,6,FALSE,,,,
6,tôi bị dính một món đồ fake tôi trừ một sao,4,Lazada,11,FALSE,,,,
Quoc phuong,"app thân thiện với người dùng, cần quy định các nhà bán hàng phải đăng đúng sản phẩm, nhiều gian hàng đang qc gây hiểu lằm và sai sản phẩm. cần khóa gian hàng người bán hàng lừa đảo.",4,Shopee,39,FALSE,,,,
Cẩm Tú Nguyễn Thị,"ít khi có hàng free ship, ảo giá",4,Shopee,8,FALSE,,,,
Oanh Nguyễn,tôi r hài lòng,4,Tiki,4,FALSE,,,,
duong Nguyễn,cũng được hàng cũng về tay uy tín nhưng được cái hàng hơi lỗi shoppe làm ơn ấy lại cho hàng không lỗi,4,Shopee,23,FALSE,,,,
lầy chuyên,tiki giao hàng khá lâu nhưng nhân viên thân thiện nên cho 4 sao :)),4,Tiki,15,FALSE,,,,
Nguyen Thong,"dịch vụ nhanh, cho xem, kiểm tra khi nhận hàng",4,Lazada,10,FALSE,,,,
Lịch Bùi văn,shopee phục vụ nhu cầu xã hội cơ bản là tốt. song nên chặn mấy shop bán hàng treo đầu dê bán thịt chó (quảng cáo hàng tốt bán đồ giả )để người mua tin tưởng hơn ...,4,Shopee,38,FALSE,,,,
Thanh Pham,đăng sp lên hơi khó,4,Sendo,5,FALSE,,,,
Is My Way Street Workout,chưa có trải nghiệm nào không tốt với tiki,4,Tiki,9,FALSE,,,,
tuannguyen,vì tôi ko đc giảm giá,4,Shopee,6,FALSE,,,,
Binh Bui Van,hay xem và đang tham khảo,4,Tiki,6,FALSE,,,,
Song Tử,"vẫn gặp 1 số vấn đề về phản hồi khách hàng chậm, giải quyết vấn đề lâu, khâu kiểm duyệt sản phẩm cũng như người bán chưa ổn",4,Tiki,28,FALSE,,,,
Phuong Nguyen,ok nhé rất hài lòng,4,Sendo,5,FALSE,,,,
Hung Luong,rất vui nhưng ko được mua,4,Tiki,6,FALSE,,,,
Xuân Nguyễn,"bình thường, nhưng cần có nhiều voucher như shoppe",4,Lazada,9,FALSE,,,,
Anh Tuấn Hoàng,app tốt và tiện dụng nhưng chưa bảo vệ khách hàng lắm nên mua hàng phải tự cân nhắc và bảo bệ mình nha các bạn. mua hàng chính hãng lazmall có vẻ an toàn hơn đó. 😊😊😊,4,Lazada,38,FALSE,,,,
Như Quỳnh,mua trên 200k mà kh freeship nữa=)))lạy hồn,4,Lazada,8,FALSE,,,,
Trầm Nguyễn,"sendo đã cải thiện chất lượng dịch vụ tiện ích tốt hơn lúc trước. mình còn mong muốn sendo sẽ có những chương trình về phí ship để phục vụ nhu cầu mua sắm của khách hàng tốt hơn nữa, chứ hiện tại nếu muốn mua 1 món đồ có giá thành nhỏ mà mình ở tỉnh xa thì ship lại cao quá! ví dụ như sendo có thêm ctrinh mua 1 gói freeship chẳng hạn, :))",4,Sendo,77,FALSE,,,,
Tiểu Thư Ba Nàng (G&GM),ư hay nhỉ. aap shopee này bị google play protect báo rủi ro. yêu cầu xoá đi.,4,Shopee,17,FALSE,,,,
Hoàn Đỗ Minh,tạm thời cho 4 sao,4,Sendo,5,FALSE,,,,
Gia Hân,ship hơi đắt 😭😭🤧,4,Lazada,4,FALSE,,,,
Lan Nguyễn x,tiện lợi nhưng đặt hàng thì bị lỗi,4,Shopee,8,FALSE,,,,
Phương Tô,"trên app nên có thêm dark mode nha chứ mình shopping nửa đêm nửa hôm mà màn hình chói banh mắt, đeo kính thì ko thấy đường đọc chữ, mà màn hình đt chỉnh ánh sáng tối nhất vẫn chói như mặt trời chân lý 🥲",4,Tiki,46,FALSE,,,,
thao,"chèn quảng cáo nhiều quá, làm cái gì cũng qua app. cái này ko làm tăng tỷ lệ mua hàng đc đâu. thiệt bực mình",4,Lazada,25,FALSE,,,,
Tri Nguyen quoc,ứng dung hay,4,Sendo,3,FALSE,,,,
Duc Nguyen,đi với tiki hình như từ cái lúc thời chỉ có sách thì phải..giờ cũng muốn ủng hộ..nhưng thấy tốc độ giao hàng chậm hơn nhiều và số lượng shop hãng ít hơn sàn tmdt khác :(,4,Tiki,37,FALSE,,,,
Hoàn Nguyễn Như,phục vụ tốt cho khách hàng.,4,Sendo,6,FALSE,,,,
Huệ Võ,"chưa tốt lắm , có những shop bán hàng không đúng mẫu , hàng kém chất lượng",4,Sendo,17,FALSE,,,,
Minh Tran,rất là rẻ và đẹp,4,Lazada,5,FALSE,,,,
Thinh Phan,đrtyd hh,4,Lazada,2,FALSE,,,,
Ha Ha,ko được 0đ mới vào chưa mua gì đã ko được giảm giá,4,Shopee,13,FALSE,,,,
Trường Ngô,tôi đấy nó cũng đc. ok đó,4,Sendo,7,FALSE,,,,
cu đen Nguyễn,sendo bị sao mà vô ko dc ji là sao vậy nhỉ,4,Sendo,12,FALSE,,,,
Tám Lương,tot vadao nhanh,4,Sendo,3,FALSE,,,,
Thao Vi,có đơn rẻ,4,Shopee,3,FALSE,,,,
Quyen Lam,"ứng dụng ít voucher tốt, đa số các voucher đều có điều kiện đơn hàng cao tiền. chỉ đổi xu ở 1 số sản phẩm, người dùng cần đổi xu trực tiếp trên đơn hàng ở mọi loại sản phẩm. nhưng cũng có cơ hội giảm tiền cũng không tệ nên 4 sao",4,Lazada,53,FALSE,,,,
Lamnhung Le,trải nghiệm trước tính sau,4,Tiki,5,FALSE,,,,
Ty Trung,mới dùng chưa biết có ok không nhưng hi vọng mua hàng ở đây sẽ chất lượng hơn,4,Tiki,18,FALSE,,,,
hai Le van hai,cs nhiều mã nhg lại ko đc sử dụng thấy vô lý vậy cho để làm j,4,Shopee,17,FALSE,,,,
tuyến nguyễn,sau khoảng 2 thag dùng thì lớp màg lọc thô bên ngoài đã tự rách,4,Tiki,15,FALSE,,,,
Hoa Thanh Đỗ,vui vãi cả tế,4,Tiki,4,FALSE,,,,
Phát lộc bonsai,nơi mua hàng đáng tin cậy,4,Sendo,6,FALSE,,,,
Hoàng tuấn Nguyễn,tui thử tải về giao hàng nhanh thì tui cho 5sao,4,Tiki,11,FALSE,,,,
Luu Doan,treo dê bán chó,4,Shopee,4,FALSE,,,,
hai ha,"laz cứ sửa giao diện mãi, lâu mới vô lại nhìn loạn cả mắt, lại còn hiện lên mấy cái pop up game đồ thật đáng ghét. t vô mua đồ chứ đâu phải vô chơi game",4,Lazada,37,FALSE,,,,
giac trinhtoangiac,chip giờ phí cao quâ,4,Lazada,5,FALSE,,,,
Thắm Đỗ,oki,4,Lazada,1,FALSE,,,,
Truong Le,"đa dạng ngân hàng, giá cả. tuy cũng vài lần thất vọng vì trải nghiệm tệ, shopee nên có chế tài mạnh hơn với các shop để bảo vệ khách hàng của mình",4,Shopee,33,FALSE,,,,
Dương Hoàng,ứng dụng có thể thêm cách tìm kiếm sản phẩm bằng hình ảnh để khách hàng dễ tìm kiếm sản phẩm,4,Tiki,21,FALSE,,,,
văn cường Lương,trải nghiệm tốt,4,Tiki,3,FALSE,,,,
Mười Phạm Thị,cung hay quá,4,Sendo,3,FALSE,,,,
Thư Hoàng,ko có thanh toán khi nhận hàng,4,Lazada,7,FALSE,,,,
Việt123 Vũ,oh,4,Lazada,1,FALSE,,,,
Hung Le,hãy mở khóa tình năng chả tiền khi nhận hàng cho tôi với 😭,4,Shopee,14,FALSE,,,,
Phương Vi,sử dụng rất tốt,4,Sendo,4,FALSE,,,,
Phụng Hải,ap mua rất tiện tiện lợi cho 4 sao thoii tại lagg,4,Sendo,12,FALSE,,,,
Tien Nguyen,"update 17/09/2019: dịch vụ ngày càng tệ, admin lộng quyền bao che cho shop lừa đảo kjasch hàng, post review cảnh báo người khác lên thì im re không cho hiện. 29/03/2021 có cải thiện dịch vụ khách hàng, biết lắng nghe góp ý của khách, hàng hoá bắt đầu theo chất lượng. 2/7/2021: xoá review của khách để bao che cho shop không trung thực, sẽ giảm vote cho tiki và sẽ ngưng xử dụng dịch vụ của các bạn cho tới khi nhận được câu trả lời thoả đáng.",4,Tiki,91,FALSE,,,,
Khánh Hạnh,ở bên nước ngoài nhiều khi bất tiện,4,Shopee,8,FALSE,,,,
Never More,"nói thiệt cái search như cái sịp rách ấy, đc mỗi cái giao hàng nhanh chứ bữa này laz nghèo rồi chả còn mấy voucher, mà bữa nay phí ship cao quá",4,Lazada,32,FALSE,,,,
Trung Dũng Trần,"trừ mấy cái phiếu giảm giá khá là ảo ma, thì mọi thứ còn lại cũng ok",4,Lazada,17,FALSE,,,,
Hiển Phan,hơi lâu nha 4*,4,Tiki,4,FALSE,,,,
Kiều Trần,cg dc nay lazada phí ship trong nước cao hơn nước ngoài mấy cái trò chơi lúc đang chơi thì thoát ra ko thì cứ đứng ko chạy chán,4,Lazada,29,FALSE,,,,
Hoàng Cường Muôn Màu Cuộc Sống,"thuận tiện mua hàng, nhưng không có phần chọn lựa nhà vận chuyển cho sản phẩm mình mua.",4,Sendo,18,FALSE,,,,
Khánh Huyên,mua hàng với giá siêu hời tôi rất thích áp này,4,Shopee,11,FALSE,,,,
Hòa Ngân,có những lúc bị lag và đơ,4,Shopee,7,FALSE,,,,
Đức Hồ Văn,tiki rất tiện lợi .bên cạnh đó đóng tiền điện và xử lý hóa đơn còn hơi có vấn đề ạ .đây là góp ý của mình mong tiki đọc được và hoàn chỉnh hơn,4,Tiki,35,FALSE,,,,
Quốc Trần,rau củ tươi ngon nhưng sầu riêng hơi tệ,4,Sendo,9,FALSE,,,,
Đinh Thiện mía,"lập t khoải mới đc mấy tuần rồi mà ko , đặt đc hàng,trong khi làm đúng theo quy trình",4,Shopee,20,FALSE,,,,
Minh Châu Nguyễn,mua 3 ngày rồi mà shop chưa xử lý đơn hàng tạm thời đg 4 sao,4,Sendo,16,FALSE,,,,
Pp Buff,đúng là như cẹc nhưng đây là app đầu tiên trong lĩnh vực bán hàng onl đi trc cả sọp và laz nên cx tôn trọng ko cho 1*,4,Sendo,29,FALSE,,,,
Ho Toan,đặt hàng ko được,4,Sendo,4,FALSE,,,,
47 Dienoto,hàng đa dạng,4,Sendo,3,FALSE,,,,
ngoc tran hong,mong tiki sẽ dao hàng nhanh hơn nha,4,Tiki,8,FALSE,,,,
kieu cao Trinh,nhìn chung là thuận tiện,4,Sendo,5,FALSE,,,,
Nhạn Nguyễn,quá ít vc giảm giá và freeship,4,Lazada,7,FALSE,,,,
Vj T6,chưa giao hàng nên cho 4 sao,4,Sendo,7,FALSE,,,,
Phương Anh Tu,có ích,4,Tiki,2,FALSE,,,,
Trai Bản Mường 36,mình thấy bên sendo bán hàng rẻ hơn shopee và lazada có nhiều ưu đãi hơn nhưng mà cần cải thiện thời gian giao hàng giao hàng khá lâu và không có thông báo chi tiết đơn hàng cho khách hàng dễ biết hơn có khi không báo trước hàng đã giao rồi mà trên hệ thống vẫn báo đang vận chuyển,4,Sendo,62,FALSE,,,,
Hằng Mai,không đặt địa điểm gửi hàng theo mong muốn của mình được mà phải đặt về địa điểm có sẵn mới được. đây là điểm hạn chế khiến khách hàng không thích và hạn chế dùng sen đỏ. nếu có thể cải thiện địa điểm nhận hàng theo địa chỉ của khách hàng thì sẽ nhiều người dùng hơn.,4,Sendo,59,FALSE,,,,
văn điệp trịnh,nice tuyệt vời ông mặt trời,4,Lazada,6,FALSE,,,,
hotel quynhchau,"giá ship cao hơn giá hàng, dad sử dụng chỉ còn lai 43%. vận chuyển nhanh, an toàn.",4,Sendo,18,FALSE,,,,
mup xivan,nếu có mục so sánh chất lượng và giá cho các sản phẩm thì rất tốt.,4,Sendo,16,FALSE,,,,
Khac kiet Nguyen,mua hàng đc giá tốt giao nhanh,4,Sendo,7,FALSE,,,,
Đăng Nguyễn,ap hơi ít ưu đãi khác mấy áp khác,4,Tiki,9,FALSE,,,,
Tuyền Tran,4 sao hoy nhé tại vì mình thấy đồ 10k vô mua thì mắc wa' tr nhưng giao hàng shipper nhiệt tình với shop tư vấn tốt lắm nhé đừng ngại tải sen đỏ ngayy,4,Sendo,35,FALSE,,,,
Manh Hung,ôi giời ơi lazada tôi còn chưa có thẻ đen có chưa hả hả,4,Lazada,14,FALSE,,,,
Duy Nguyễn,phiên bản mới không có phần thêm vào mục mua sau nữa hả ad?,4,Tiki,14,FALSE,,,,
Khánh Ly Tống,"đỡ hơn shoppe rất nhiều, shopper toàn bị khoá tài khoản ko lý do,ship pơ thì vô duyên",4,Lazada,18,FALSE,,,,
Trần TV Phong,không đặt hàng được,4,Sendo,4,FALSE,,,,
ReVine,ko có brand chính hãng 4sao,4,Tiki,6,FALSE,,,,
Deo Thi,giao hàng lâu vãi,4,Shopee,4,FALSE,,,,
SANG HOÀNG,chờ sử dụng nữa mới biết,4,Tiki,6,FALSE,,,,
Hải Vuduc,jduri,4,Lazada,1,FALSE,,,,
Hiền Mỹ,có một số shop giao k dung mẫu với dung số lượng và kích thước,4,Shopee,15,FALSE,,,,
Ngoc Chin,rat ok nen mua,4,Lazada,4,FALSE,,,,
Tứ Hoàng Văn,"mọi thứ đều ok, khá hoàn tất nhưng còn vài lỗi nhỏ, nói chung ngon",4,Shopee,15,FALSE,,,,
Khánh Lưu Hải,"sư dụng mua bán tiện lợi, nhưng bổ sung chế độ đồng kiềm thì tốt hơn cho khách hàng",4,Sendo,19,FALSE,,,,
Nguyen Loan,hàng khá ổn,4,Shopee,3,FALSE,,,,
HD Hải,liên kết tài khoản ngân hàng không được,4,Lazada,8,FALSE,,,,
Si Wolf,mong cho thêm chức năng bản đồ giao hàng để biết rõ hàng sắp đến chưa,4,Lazada,16,FALSE,,,,
Kim Cuong Tran,"chuyển trang chậm, kiểu ấn vào sản phẩm bị delay 4-5s mới chuyển đc, lâu lâu thanh toán = thẻ visa ko dc",4,Tiki,23,FALSE,,,,
Quang Trọng,hàng ok nhưng giao quá lâu,4,Sendo,6,FALSE,,,,
Quyết Đầm Thị,tạm mong được miễn phí giao hàng nhiều hơn nữa !,4,Shopee,11,FALSE,,,,
Manh Hoang,hi vọng shopee có thêm nhiều ưu đãi,4,Shopee,8,FALSE,,,,
Fax Channel,trải nghiệm công nghệ,4,Sendo,4,FALSE,,,,
hang nguyen,khá ổn,4,Lazada,2,FALSE,,,,
Giang Nguyễn Xuân,không có chụp hình để kiếm hàng nên cho 4☆,4,Sendo,10,FALSE,,,,
Tran Loan,"chưa đánh giá. sau khi nhận được hàng, nếu uy tín sẽ là một trong những khách hàng thường xuyên của bạn.ok",4,Sendo,22,FALSE,,,,
Hong Nguyen,"lazada dùng khá tốt ,ổn nhưng tôi thấy các mặt hàng không rẻ như bên shopee nhưng vẫn thấy ok. mong lazada xem xét.",4,Lazada,24,FALSE,,,,
Y Trang,hang cung tot,4,Sendo,3,FALSE,,,,
Thanh Trung Mai,giao đúng hẹn,4,Tiki,3,FALSE,,,,
Sonthuy Le,"giao nhanh, không trả lại được hàng",4,Shopee,7,FALSE,,,,
Đẹp Trai Nhất TĐT,bán đắt quá nên giảm giá lại chút xíu!,4,Tiki,9,FALSE,,,,
Bình Lê Thị Thanh,oki rất tốt,4,Lazada,3,FALSE,,,,
Hiếu Trần minh,tạm đc,4,Sendo,2,FALSE,,,,
dai dinh tran,thiếu vocher kk,4,Shopee,3,FALSE,,,,
LILAMA LI,vừa tải chưa xem cho bốn sao cần phát triển nhiều mặt hàng hơn,4,Sendo,14,FALSE,,,,
Nguyễn Thị Thiên Phước,rất tốt nhưng mong tiki có thể đa dạng hoá các kiếm tiki xu ạ!!!,4,Tiki,15,FALSE,,,,
Thạch Lê,hàng hóa không phong phú như bên lazada mong tiki thay đổi,4,Tiki,12,FALSE,,,,
Hân Ngọc,cào thẻ không được,4,Tiki,4,FALSE,,,,
Trịnh Nguyên Khang Nguyễn,app gì mà tải lâu thấy mẹ luôn,4,Sendo,8,FALSE,,,,
Quốc Huy Bùi,"gia ca, giao hang hop lí",4,Lazada,6,FALSE,,,,
Hồng Trần,đang dùng đến hôm sau ko có mật khẩu,4,Lazada,9,FALSE,,,,
TBN,sp tốt. vui lòng tăng cường bảo mật thông tin người mua và bảo vệ người tiêu dùng!,4,Tiki,18,FALSE,,,,
Tiu Ro cham,"mua sắm rất tiện , giao hàng nhanh",4,Sendo,8,FALSE,,,,
truong nhat ttruong nhat,chưa dừng cho tam bốn sao,4,Sendo,6,FALSE,,,,
Chiến Phan dương,ihgg,4,Tiki,1,FALSE,,,,
Nguyen Tan,"nên chọn lọc những shop không uy tín theo phản ánh của khách hàng, vì có những shop vẫn còn tình trạng treo đầu dê bán thịt chó.",4,Lazada,28,FALSE,,,,
Oanh Nguyen,mua hàng rất tốt nhưng giao hàng rất chậm,4,Sendo,9,FALSE,,,,
MINH HUẤN ĐẶNG,"ok, không đắc lắm",4,Sendo,4,FALSE,,,,
phuoc Hoang,đc tốt nhất,4,Sendo,3,FALSE,,,,
Vinh Trần Văn,",, những điều khiển có tiền mua nhà",4,Lazada,8,FALSE,,,,
Bạch Lý,trải nghiệm rất tốt nhưng có vài sản phẩm vẫn không tìm đc,4,Shopee,13,FALSE,,,,
Uyen Le,k thể nào tiki lướt được trên app. mà nv săn xu hàng ngày rất hay yêu cầu vào tiki lướt. mà có lướt đc đâu,4,Tiki,26,FALSE,,,,
thị thu hà,hàng mua được kiểm giao hàng nhanh,4,Sendo,7,FALSE,,,,
Cương Nguyễn Văn,lâu ko sài cứ cho thôi mong rằng ổn,4,Sendo,9,FALSE,,,,
Văn Quảng Đinh,hài lòng với những sản phẩm đã mua,4,Tiki,8,FALSE,,,,
Bom tấn Thế giới,lazada sắp phá sản rồi sao,4,Lazada,6,FALSE,,,,
Quỳnh Xuân,cho thế thôi,4,Shopee,3,FALSE,,,,
tuyết lan,đợt trước t săn trên lazada bộ mỹ phẩm 30k mà nhiều đồ sịn qs tr,4,Lazada,16,FALSE,,,,
Gia Hân Mã,sao t không tạo tài khoản được nhờ toàn đăng nhập,4,Tiki,11,FALSE,,,,
hoàng quyền vlog (Ma sói),tốt hơn nhiều,4,Sendo,3,FALSE,,,,
Tuyết Ngân,"sao mình không vào được giỏ hàng ạ, vào thì nó không hiện ra sản phẩm",4,Tiki,16,FALSE,,,,
Khánh Băng Meo meo,cũng thích hợp,4,Sendo,3,FALSE,,,,
Kaka Khang,app lag giật. đt t xịn nhé,4,Lazada,7,FALSE,,,,
LyLy,ít mã giảm vậy 🥱,4,Tiki,5,FALSE,,,,
Thuong Nguyen,ok theo người thích,4,Lazada,4,FALSE,,,,
Vlog CVT,anh em ship ở kho ở đông anh không làm được thì nghỉ việc đi giao cách có 2km mà 15 ngày ko giao được cho ngta chịu đấy,4,Shopee,29,FALSE,,,,
My Ngoc,không cho 5 sao vì có một số shop bán đồ kém chất lượng 🙂 đăng ảnh thì đẹp khi nhận như cái nùi dẻ 😀 còn phần sai thì để cho chín sát 😀 để không chín sát để sai này lại giao sai khác bâng chẳng được đêm làm nùi dẻ luôn😀 mong lazada làm việc lại với mấy người bán quần áo để người mua khỏi thất vọng mà vai lại mua thêm,4,Lazada,76,FALSE,,,,
Kg Phuoc,hay bị đứng,4,Sendo,3,FALSE,,,,
Khuong Nguyen,"sàn thì rất ok , nhưng app shopee nó lag khủng rất khó chịu ! góp y thật mong shopee cập nhật nó ổn định hơn",4,Shopee,26,FALSE,,,,
Khoa Duy,4 sao vì ko thể đánh giá 6 sao,4,Shopee,9,FALSE,,,,
Tq Tq,amazing,4,Shopee,1,FALSE,,,,
Giải Trí,cần thêm nhiều mẫu mã,4,Sendo,5,FALSE,,,,
Lan Bùi,hàng trên sen đỏ còn đắt hơn ở ngoài lên shopee hay lazada còn hơn vậy mà cứ quảng cáo là rẻ,4,Sendo,22,FALSE,,,,
Minh Tran,mặt hàng đầy đủ và tiện lợi ok!!,4,Tiki,8,FALSE,,,,
chuong luong,hơi đắt nha nhưng ok,4,Lazada,5,FALSE,,,,
Chiếm Phạm,"tôi đã từng mua hàng trên sendo, cũng rất tiện lợi",4,Sendo,11,FALSE,,,,
Xanh Đậu,tôi dùng cũng thấy ok,4,Tiki,5,FALSE,,,,
Tuấn Lê,app dùng tốt,4,Shopee,3,FALSE,,,,
Thanh Voduy,đề nghị cần chỉnh sửa lại phần đăng nhập nha,4,Sendo,10,FALSE,,,,
Sử Lý láo,đang trải nghiệm,4,Tiki,3,FALSE,,,,
Trần Thu An Lê,"mua hàng bên shopee, sử lý đơn hàng rất ok và luôn bảo vệ người tiêu dùng nhưng đôi khi vẫn chưa quản lý được chất lượng sản phẩm của các shop nên vẫn còn nhiều sản phẩm kém chất (hàng giả hàng nhái) ....",4,Shopee,45,FALSE,,,,
Binh Nguyen,đồ thì rất okee nhưng tôi ko muốn phải nhập lại mã xác thực trước khi đặt hàng,4,Shopee,18,FALSE,,,,
Thảo Nguyễn,thy ạ tỷ ygyyt có tiền tỷ thủ gg hữu yy với y6 yyt tỷ u thủygyyt t g thủ yy với y tế tuy nhiên không ý yy hữut g thủ gg thứ hytỷ y yy,4,Lazada,37,FALSE,,,,
Nguyễn Lý,oki,4,Shopee,1,FALSE,,,,
Tran Nguyen,tiki là 1 shoop có trách nhiệm,4,Tiki,7,FALSE,,,,
Eunun Chan,"đơn hàng rất hay tự hủy , nhân viên không xử được yêu cầu",4,Shopee,14,FALSE,,,,
Bùi Lương,du me con cac du ma may,4,Tiki,7,FALSE,,,,
Tuyền Lục,ứng dụng khá ok,4,Sendo,4,FALSE,,,,
Trầm Nguyễn,"chat trực tuyến trên ứng dụng tiki phải đợi rất lâu trên 5 phút, đôi khi không thấy ai luôn. khâu đóng gói hàng như sách với thùng nước ngọt lon thì không được gói kỹ dẫn đến cong sách, nước ngọt bị xì. mong tiki khắc phục vấn đề này.",4,Tiki,51,FALSE,,,,
Tuất Phạm,có bán dâm không ?,4,Sendo,5,FALSE,,,,
an le,1 kê hua sắm hiệu quả,4,Tiki,6,FALSE,,,,
Hoang Vu,mới tải chưa trải nghiệm,4,Tiki,5,FALSE,,,,
Thanh Nguyễn,cũng ok đó,4,Sendo,3,FALSE,,,,
Quang Trần,hàng cũng tạm dc,4,Sendo,4,FALSE,,,,
Ba Le,dễ đặt mua,4,Sendo,3,FALSE,,,,
khoi quang,"đặt hàng dễ, tìm hàng nhanh, nhưng chất lượng còn tùy.",4,Lazada,11,FALSE,,,,
Anh Ngoc,"lazada dạo này bị sao vậy, trước giờ đặc hàng hôm trước là hôm sau tôi đã nhận, trễ lắm thì tầm 3/4 ngày là có, vậy mà dạo này đặc hàng mà cứ bị trễ nải, thậm chí cả nữa tháng mà vẫn chưa có hàng, hỏi shop thì nói sẽ cố gắng giao hàng sớm nhất cho bạn, có rất nhiều shop như vậy chứ ko phải chỉ một vài shop đâu, mong lazada nên làm việc lại với các shop, làm sao để ngày giao hàng phải rõ ràng chứ đừng có kéo dài như vậy, thật vọng nhiều lắm",4,Lazada,103,FALSE,,,,
Hà Phương Nguyễn,chạy ổn. giá hơi chát. hàng hoá đa dạng. không hỗ trợ thanh toán qua viettelpay nên hơi thất vọng một chút.,4,Tiki,22,FALSE,,,,
Hằng Cao,có nhiều mặt hàng khác nhau,4,Shopee,6,FALSE,,,,
Trung Nguyen,"nên loại khỏi sendo nhửng người bán dởm , hàng quá hạng sử , hàng hư củ cho khách hàng",4,Sendo,20,FALSE,,,,
Bửu Tô,sản phẩm tốt,4,Tiki,3,FALSE,,,,
Tung Nguyen,yuiee,4,Sendo,1,FALSE,,,,
Nga Cao,thấy cũng hay mà ko biết đc bên lâu và tốt như quảng cáo ko,4,Tiki,15,FALSE,,,,
Sinh Ngô,quá tuyệt vời và quá ok,4,Sendo,6,FALSE,,,,
Tú Phần đinh tú,ô số .,4,Lazada,3,FALSE,,,,
Vinhdn,nhiều khi đơn hàng không có tài xế,4,Shopee,8,FALSE,,,,
Dung Ly,nói chung là đăng ký kh đc sao đặt ạ,4,Lazada,10,FALSE,,,,
Dịu Lê,"lazada giao hàng chậm 5-8 ngày mới giao,ít vocher,không có vocher cho người mới.tùy ai muốn trải nghiệm thì tải về.tiền ship thì đắt,shop tư vấn hời hợt",4,Lazada,28,FALSE,,,,
Long Phi,tạm,4,Sendo,1,FALSE,,,,
Văn Chưởng Võ,tôi đã từng mua hàng của lazada và vừa ý với hàng hoá đã mua.,4,Lazada,15,FALSE,,,,
Trúc Loan Trần,"góp ý shopee nên có tính năng không tự bật video. cac máy dòng cũ, ram dưới 6gb rất là lag, nhiều khi đang xem văng ra ngoài. chưa tính chỉ muốn xem sp mà vào bật video lên liền sẽ phát ra âm thanh, rất bất tiện khi đang làm vp hay chỗ đông người.",4,Shopee,56,FALSE,,,,
Lập Nguyễn Xuân,"rất tiện ích cho viểc mua sắm nhất là trong giai đoạn covid đang có biến thể mới , giá cả hợp lý.",4,Sendo,23,FALSE,,,,
Vu Duy ANH,mới sử dụng nên chưa bt cho 4 sao đã,4,Sendo,10,FALSE,,,,
Phước Nol,ship hơi mắc☺️,4,Lazada,3,FALSE,,,,
Giang ND,"tôi cũng thích tiki đặc biệt tiki trading. tiki cần bổ sung thêm địa phương của người bán (vd hà nội, hồ chí minh...). shopee có tính năng này nên nhiều khi tôi sang shopee mua để chắc chắn được khoảng thời gian mình sẽ nhận được hàng.",4,Tiki,48,FALSE,,,,
Trần Tâm,sendo lúc này giao lâu quá mong admin giao sớm và nhanh hơn thì tôi sẽ mua nhiều hàng nữa nếu không sữa thì sau nay không có mua ơ sendo nữa đâu nhe admin😔😔😔,4,Sendo,35,FALSE,,,,
Kiều Trinh,tốt nhưng giao hàng hơi lâu,4,Shopee,6,FALSE,,,,
Vu Le,tốt lắm đó,4,Lazada,3,FALSE,,,,
Cho Chang,siu hài lòng,4,Shopee,3,FALSE,,,,
layloi vinh,thêm dark mode được không đôi lúc dùng ban đêm chói nhức mắt quá,4,Shopee,14,FALSE,,,,
Hang Iuu,shop bị cũng hay nhưng ít vutroll mong shop bị cho ai đặt nhiều hàng thì cho 10k cũng đc đàng này ko cho vutroll,4,Shopee,25,FALSE,,,,
Binh Nguyen Tuan,một khí nó hợp bị.,4,Shopee,5,FALSE,,,,
kimloan hoang,thủ tục thay đổi hoài,4,Shopee,5,FALSE,,,,
Thingoc Truong,kỹ ii sub up i ss,4,Sendo,6,FALSE,,,,
Em Nam,hàng trên lazada thì ko được chất lượng nhưng đổi lại giao hàng nhanh,4,Lazada,14,FALSE,,,,
Võ Dừa,hop ly,4,Tiki,2,FALSE,,,,
Rick Le,lag quá,4,Shopee,2,FALSE,,,,
Phạm Nhựt Trường Phạm,có vài đơn ko giao,4,Shopee,5,FALSE,,,,
Triệu Nguyễn Văn,thêm chế độ nền tối đi tiki. để bảo vệ mắt khi đặt hàng về đêm,4,Tiki,16,FALSE,,,,
Quang Minh,thua shopee,4,Tiki,2,FALSE,,,,
Tran Huy Hoang,app khá ok,4,Sendo,3,FALSE,,,,
Princes Otaku,thêm chế độ xem trò chơi + xem live nhận xu mua hàng giống shoppe đi ad,4,Lazada,17,FALSE,,,,
Lê Ai Vy Lê,tốt lắm nhưng khi mua đồ riêng thì hk dc mong nha sản xuất sữa lỗi,4,Tiki,16,FALSE,,,,
Lan Hương Trần Vũ,đóng gói tệ hư sách,4,Tiki,5,FALSE,,,,
Tu Nguyen Van,chợ sendo được ok 👍👍👍,4,Sendo,5,FALSE,,,,
CHIEN TRAN,"trên shop còn nhiều hàng giả, hàng nhái mà vẫn thấy được gian hàng 5*",4,Shopee,15,FALSE,,,,
Vũ Ha,gia ca chua dc tot so voi cac ap khac cung mon hang ben nay mac hon ben kia so voi gia nem yet luon cap nhat gia ca cho dong bo voi gia thi truong con lai deu tot cho 4sao,4,Sendo,42,FALSE,,,,
trieu my dang,"xin hãy sửa phần xu shopee trong live & video từ xem mỗi video là phải vuốt mỗi 30 giây thành hết video đi ạ , phiên live cũng z sửa lại như cũ",4,Shopee,34,FALSE,,,,
Nga Le,có thể tăng thêm chức năng chọn mua từng sản phẩm trong giỏ hàng,4,Tiki,14,FALSE,,,,
Lê Thị Huê,"gần đây đặt hàng xong, mãi ko thấy xác nhận đơn hoặc có xác nhận xong mãi không thấy gửi",4,Sendo,20,FALSE,,,,
Suối Nhỏ “Suối Nhỏ”,"app tiện muốn j cx có , nhưng votech ko sài đc nhiều cái cùng lúc.",4,Shopee,16,FALSE,,,,
Hdhd Dhdh,cũng tạm,4,Shopee,2,FALSE,,,,
Hùng Bình Phước,số thử thấy sắc bán đất nhưng độ bền chưa biết,4,Tiki,11,FALSE,,,,
Quỳnh Đàm Đàm,sop pe rất tiện lợi cho việc mua sắm,4,Shopee,9,FALSE,,,,
черепахи Вьетнамские (Rùa),thi thoảng gặp shop đểu,4,Lazada,5,FALSE,,,,
tu Do,"dùng ok tiện lợi, mỗi tội đơn vị vận chuyển shipper có vấn đề đó là tự ý trả hàng trong khi khách hàng đã hẹn nhận hàng",4,Sendo,28,FALSE,,,,
Văn Huy Võ,chưa thử cho 4 sao,4,Sendo,5,FALSE,,,,
Chau Huynh,tạm ổn. nhiều cái hơi tệ nhưng nhìn chung thì khá ổn,4,Shopee,12,FALSE,,,,
Căn Nguyễn Huy,"phục vụ đạt mong muốn của khách hàng,",4,Lazada,8,FALSE,,,,
Hà Nguyễn,không biết có đặt hàng được không,4,Shopee,7,FALSE,,,,
Kim Ngân,tiki là 1 ứng dụng mua sắm rất tốt..nhưq giá có hơi mắc nhưng vẫn giao hàng rất nhanh...đặt hnay ngày mai giao ship cũng khá rẻ nói chung tốt :)),4,Tiki,31,FALSE,,,,
Thanh vo,"tôi nghĩ phí ship quá đắt,chỉ một tấm thẻ nhỏ 4k mà tiền ship lại là 22k",4,Lazada,17,FALSE,,,,
Quỳnh Ngân,tạm ổn,4,Sendo,2,FALSE,,,,
Thái Pham,chưa sử dụng nên chưa biết có tốt không đánh giá để sau,4,Shopee,13,FALSE,,,,
NGOC AuBoiNgoc,đồ thì rẻ nhưng mà ship thì đắt,4,Lazada,8,FALSE,,,,
Tuấn Nguyen minh,khá là ngon hợp với những người nghiền cafe,4,Shopee,9,FALSE,,,,
Thảo Nguyễn thị,job,4,Tiki,1,FALSE,,,,
Hoà Hoàng,dùng được cho 4sao,4,Sendo,4,FALSE,,,,
Nguyen Kelvin,cung duoc do,4,Shopee,3,FALSE,,,,
Thiện Nguyễn,ok nhưng hơi ít voucher cho người mới,4,Shopee,8,FALSE,,,,
Người dùng Google,lỗi không đăng nhập được vào app,4,Tiki,7,FALSE,,,,
Ngab Nguyen,shopee rat ok,4,Shopee,3,FALSE,,,,
Lương Nguyễn Thị,shipper giao hàng thân thiện nhưng một vài shop bán hàng quần áo ko uy tín,4,Lazada,16,FALSE,,,,
Tuấn Trần Văn,á căng nà...,4,Lazada,3,FALSE,,,,
Nguyet Khuc,4sao,4,Tiki,1,FALSE,,,,
Văn Lượm Huỳnh,moi sai c biết r sao,4,Sendo,6,FALSE,,,,
Tk GG Floppa,giờ thì tạm,4,Shopee,3,FALSE,,,,
Tinh Truong,"tôi có mua nhiều lần rất tốt, nhưng còn 1 điều này:cần hợp tác với những shop có uy tín để đảm bảo chất lượng sản phẩm cho khách hàng, còn rất nhiều khách hàng phản ánh và chịu thiệt thòi khi mua hàng.có những nhà bán hàng lợi dụng trang lazada tuồn vào hàng kh chất lượng . rau bán thì trưng bày hàng thật, khi giao hàng thì toàn là hàng dỏm người mua là người chịu thiệt thòi nhiều nhất. mong lazada kiểm soát chặt chẽ hơn nữa xin cảm ơn.",4,Lazada,94,FALSE,,,,
Vượng Đinh phú,thất vọng,4,Lazada,2,FALSE,,,,
Dung Phạm,tôi rất hài lòng với shopee giao nhanh đóng hàng cẩn thận . vẫn còn hàng kém chất luọng nếu loại đuọc thì tốt hơn nhiều tôi sẽ ủng hộ nhiều hơn nữa,4,Shopee,33,FALSE,,,,
Nguyễn Thảo Sương,"app thì ok nmà gần tết cái ngộ ha, đặt đơn, shop đi đơn, shipper thì đ giao :))) hoàn trả của t 5 đơn rồi đó, k giao thì nghỉ đi để ngk giao, đặt đơn nào hoàn đơn đó là sao???",4,Shopee,43,FALSE,,,,
Nguyệt Minh,đang dùng app khác tự nhiên quảng cáo shoppee một phát là y như rằng nó thoát app đang dùng luôn làm phải đăng nhập lại để vào. rất bực mình 😡😡😡.nhưng mà vẫn tốt mình mong có thể khắc chế được việc này 🥺🥺🥺,4,Shopee,45,FALSE,,,,
Yonh Hờơ,không đc friship,4,Lazada,3,FALSE,,,,
dung nguyễn,cs cái quản cáo lâu lâu ko thông minh tự nhiên đưa vào dứng dụng luôn ngoài ra thì mọi thứ đều ổn 4 sao,4,Lazada,25,FALSE,,,,
Hậu Nguyễn,lazada tuyet de xem hang cua shop da,4,Lazada,8,FALSE,,,,
Lien Thach,tôi hài lòng với sản phẩm này,4,Tiki,7,FALSE,,,,
Quang Hà Trần,"chất lượng hàng hóa,đôi lúc ko nhưng mong đợi",4,Lazada,9,FALSE,,,,
Đan Tuyết,lazada có thể mở dịch vụ mua trước trả sau cho người tiêu dùng tiện mua hàng mà không cần đợi đến lúc có lương dc ko ạ.,4,Lazada,28,FALSE,,,,
Nhinh Ngô,trung bình +,4,Sendo,3,FALSE,,,,
Vĩnh Long Nguyễn,"cũng bình thường thôi, còn phải cập nhật, nâng cấp quản lý đơn hàng, ngành hàng chặt chẽ tránh tình trạng lợi dụng đơn hàng trên sàn rồi thu lợi bất chính của khách hàng (đã xảy ra) , làm mất uy tín khi khách hàng sợ mua hàng trên sendo.",4,Sendo,51,FALSE,,,,
kim kim,sen do giới thiệu hàng tạm được nên sàng lọc hàng trung quốc dỏm ra để người tiêu dùng mua làm xài mau hư và cứ chén vô tất cả các trang quảng cáo thật bực mình,4,Sendo,37,FALSE,,,,
Tien Truongvantien1988,"ứng dụng rất hay, chỉ riêng cho xem hàng khi nhận là đã ăn đứt mấy chợ online khác rồi",4,Sendo,20,FALSE,,,,
Nguyễn Trọng Thuỳ (ORION),tốt nên cho bấm dừng hoặc chạy video.,4,Shopee,8,FALSE,,,,
Thiên Trần,ob,4,Sendo,1,FALSE,,,,
Hoan Vu,giao hàng chậm,4,Sendo,3,FALSE,,,,
Diệp Thiên Thiên,"mà thôi, chỉ vì 1 shipper mà đánh giá 1* cũng hơi quá đáng, nên 4* nha",4,Tiki,17,FALSE,,,,
Mrs Mid,thấy ok,4,Tiki,2,FALSE,,,,
tran vantai,"shopee để cho quá nhiều người bán hàng lừa đảo bán cho khách hàng kiểu treo đầu dê bán thịt chó, từ giá thành đến chất lượng sản phẩm, mong shopee cải thiện điều này nru ko muốn mất đi khách hàng, điểm + của thương hiệu shopee là đội ngũ chuyển phát ở địa phuong nhanh gon lẹ",4,Shopee,59,FALSE,,,,
Trang Nguyễn,woow,4,Shopee,1,FALSE,,,,
Trọng Lê,á dù yotu be không tình yêu,4,Sendo,7,FALSE,,,,
Thinh Nguyen,ok tôi thấy sản phẩm đáng dùng.cam ơn sop,4,Lazada,9,FALSE,,,,
Lam Tuong,"khi nào thì phần giỏ hàng của tiki có phần lựa chọn sản phẩm thanh toán???? thật sự rất bất tiện khi phải thêm vào, bỏ ra sản phẩm khi cần thanh toán.",4,Tiki,33,FALSE,,,,
Dung Bùi,"ứng dụng rất tiện để mua hàng, mọi người mua xong cần đánh giá đúng thì mọi người mới mua dc hàng tốt.",4,Sendo,23,FALSE,,,,
Xuanthuy Ph,"shopee đã ko quản lý đc chất lượng dịch vụ ở các cửa hàng, nên có 1 số hàng hóa ko đc như mong đợi... quảng cáo rất hay nhưng chất lượng thì quá tệ...",4,Shopee,35,FALSE,,,,
nhan phan,giao hàng nhan tiện lợi,4,Shopee,5,FALSE,,,,
Dinh Ly Ba,sen đỏ không có mục chát hỏi nhân viên của sen đỏ thì phải. tìm mãi k có,4,Sendo,18,FALSE,,,,
YMi Triek,chưa trải nghiệm được 5*****,4,Sendo,5,FALSE,,,,
Van Nguyen,tốt 👍 vì có vato cảm ơn tiki,4,Tiki,8,FALSE,,,,
Nong Nguyễn Thành,nhiều shop quảng cáo một kiểu bán đồ kiểu khác nên 90% hay bị mua nhầm.,4,Shopee,16,FALSE,,,,
Kim Chúa Trần Thị,vc lúc ghi địa chỉ xg nó tăng tiền lên,4,Lazada,10,FALSE,,,,
Hương Nguyễn,bình thg,4,Shopee,2,FALSE,,,,
Khoi Huynh,"lúc này trên lazada bị lỗi gì kỳ cục quá qc kiếng đeo mắt ghi 32500 đ nhưng khi vào mua nó lại là 75000 đ( treo đầu dê , bán thịt chó, quá xấu xa nhé, nghĩ chơi lazada để qua shopee giá rẻ hơn nhưng mua bán trung thực đó mn .",4,Lazada,54,FALSE,,,,
Chọn Trần,"ứng dụng tốt cho xem hàng không có tình trạng bị lừơng gạt,giá hơi cao hơn ứng dụng khác,ngựơc lại mã u đải nhiều hơn ứng dụng khác ,tuyệt vời",4,Sendo,30,FALSE,,,,
Nguyen Duc Hoai,"cần đưa nhiều sản phẩm chất lượng hơn nữa và có quá trình bảo vệ khách hàng trong quá trình tiêu dùng như bảo hành, update",4,Shopee,26,FALSE,,,,
Khoihuynh quykiemsau,"xả kho - hàng mới về] - nhận ngay lphone 14 promaxx 512gb full box - voucher - ( quầ tặngg tri ân ).shop này lừa đảo tôi, mong mn đừng tin shop này nhé.",4,Lazada,35,FALSE,,,,
Liên Kim,đổi trả ủy tín,4,Shopee,4,FALSE,,,,
xanh kim,ok.sản phẩm xài cũng đc,4,Tiki,5,FALSE,,,,
Vân Võ,rẻ quá,4,Shopee,2,FALSE,,,,
Killer Dark,"app hữu ích, tiện dụng",4,Tiki,5,FALSE,,,,
Tuấn Anh Nguyễn,tôi ko biết cái này có lừa đảo ki,4,Tiki,9,FALSE,,,,
Gia Phúc Nguyễn Dương,"quá ok, ko lag như shoppe",4,Lazada,6,FALSE,,,,
10 Trinh,cc oke,4,Shopee,2,FALSE,,,,
Long Nguyễn,quan trọng là có cho kiểm tra hàng trước khi thanh toán không mới khó,4,Sendo,15,FALSE,,,,
hang1989 thanh,qc lắm vc,4,Shopee,3,FALSE,,,,
Thanh Huy,thu tuc phuc tap qua,4,Sendo,5,FALSE,,,,
thang tran,quá tuyệt vì hàng hóa khá uy tín,4,Tiki,8,FALSE,,,,
Mi Only,"đặt hàng thì có ngày dự kiến giao, nếu giao sau ngày này sẽ được tặng voucher, vậy mà đến lúc mở lại thì ngày dự kiến giao thay đổi, không thấy voucher gì cả, giao sau ngày mới này mới nhận voucher. mình thì không mua online thường xuyên nên nhiều khi thấy thời gian giao hàng cứ nới thêm vậy thấy cũng hơi khó chịu",4,Shopee,67,FALSE,,,,
Kim Ngân,"30s là phải lướt 1 lần h shoppe đổi lại như trc đi, thêm xem số lần nhận xu trong live nữa",4,Shopee,22,FALSE,,,,
Vĩnh Còn Đặng,sản phẩm đạt yêu cầu!,4,Tiki,5,FALSE,,,,
Hai Pham,máy của mình tải hơi lâu nên cũng mong nhà phát hành nén dung lượng lại,4,Tiki,16,FALSE,,,,
Vn Super,làm ơn coi lại dùm.cứ mở shopee lên là phát video dưới nền..mặc dù không xem video chỉ tìm sản phẩm.nó nó phát điếc tai luôn.. khi nào cần xem video thì người ta bấm mua....,4,Shopee,36,FALSE,,,,
Phương Lê,rất hài lòng ok,4,Tiki,4,FALSE,,,,
Linh Phuong,tôi rất thích ứng dụng này nó tiện lợi tôi rất cảm ơn nhà sản xuất 😍😍😘😘❤❤❤,4,Tiki,17,FALSE,,,,
Cẩm Tú Mai,giá ship mắc quá,4,Lazada,4,FALSE,,,,
Tuấn Lường,sp rất tốt tôi rất hài lòng,4,Tiki,7,FALSE,,,,
huy nguyen,bán hàng combom qua khó để mua lẻ,4,Sendo,8,FALSE,,,,
Sáng Minh,"cách phục vụ của tiki ko chê vào đâu được, đúng ra cho 5 sao, nhưng về đơn vị giao hàng j&t nên trừ 1 sao, j&t chuyên gia neo đơn hàng của khách ko chịu giao, lời khuyên tiki nên loại bỏ đơn vị vận chuyển j&t ra khỏi hệ thống giao hàng của tiki",4,Tiki,56,FALSE,,,,
Hai Nguyen,chất lượng hàng thì ok nhưng giá và tiền ship lại cao hơn nhiều so với shoppe và lazada về phần vận chuyển thì cũng lâu hơn các công ti cạnh tranh,4,Tiki,32,FALSE,,,,
Anh Vinh,good♥️cũng tạm hay,4,Tiki,3,FALSE,,,,
Hòa Nguyễn,"chấp nhận giá cao hơn một chút để được hàng chính hãng, mua tiki có vẻ yên tâm hơn. tuy nhiên, vẫn còn nhiều hạn chế ảnh hưởng trải nghiệm: - cskh các shop trả lời tin nhắn chậm, đến lúc trả lời thì mình cũng mua chỗ khác rồi. - thời gian ship 5-7 ngày cho đơn trong nước là khá lâu, khó cạnh tranh với sàn khác thường 2-3 ngày - các mẫu chưa đa dạng, đặc biệt các mặt hàng quần áo, giày dép. - việc thanh toán trước phức tạp, chưa linh hoạt. ủng hộ sàn người việt mong cải thiện",4,Tiki,105,FALSE,,,,
Tuấn Minh Võ,hẹn 2 ngày giao giờ thành 5 ngày😭,4,Lazada,8,FALSE,,,,
Đạo Nguyễn,đăng ký mua hàng khó giao hàng chậm,4,Sendo,8,FALSE,,,,
TÚ Nguyễn,"giao diện kém , cần cải thiện giao diện như shopee, các chiến lược đều ưu ái cho người bán ,không vì khách mua.nên người mua không thích ví dụ như người bán lập nhiều gian hàng bủa vây khách hàng tưởng khách hàng ngu ngốc.",4,Sendo,46,FALSE,,,,
Ngọc Hiệp Huỳnh,cũng oke nhưng hay kiểu là lazada đã dừng ý hơi bực hoi,4,Lazada,13,FALSE,,,,
Dat Nguyen,"nói chung thì cũng có hài lòng khi mua sắm trên shoppe, thế nhưng có 1 vấn đề chưa hài lòng gần đây, nhất là dip tết vửa rồi là khi đang tham gia shoppe vip thấy kh có nhu cầu mua nhiều quá shoppee đã tự hủy đăng ký, sau đó ko cho đăng ký nữa. bấm vô đăng ký thì báo lỗi ko cho đăng ký.",4,Shopee,68,FALSE,,,,
Vu Hong Phong,ru gi vn,4,Tiki,3,FALSE,,,,
fishing HTH,ok shop,4,Tiki,2,FALSE,,,,
Vi Ha,nhanh gọn lẹ,4,Tiki,3,FALSE,,,,
Hoangyen Thach,làm thế nào để thay đổi email trên trang cá nhân,4,Tiki,11,FALSE,,,,
Hà Thanh,"mình góp ý đôi chút là tiki có thể bọc thêm 1 lớp giấy bao lại tất cả sách lại r mới bỏ vào hộp được kh ạ, hoặc bọc thêm lớp gì đó cho nó đỡ va đập rồi rách, méo mép sách ấy ạ. kh biết mng ntn nma mình kh thích cho lắm việc sách bị quăn, nhàu hay méo xíu xiu chỗ mép :(( mong tiki đọc được và có thể sớm sửa đổi ạ.",4,Tiki,79,FALSE,,,,
My Vũ,tui coi cùng 1 live trên thiết bị khác thì vẫn nhận được xu như bình thường nhưng sao trên tài khoản này thì lại không có xem live nhận xu. mong nhà phát hành xem xét và điều chỉnh giúp em ạ.,4,Shopee,43,FALSE,,,,
Trieu Nguyenthanh,tạm chấp nhận,4,Sendo,3,FALSE,,,,
An Trần,"tàm tạm.86u 8x7 bi,,,",4,Lazada,4,FALSE,,,,
Khuong Hoang,khá hài lòng nhưng mong lazada có thể cho mã free sip nhiều hơn cảm ơn 😊,4,Lazada,17,FALSE,,,,
Công Luận Lý,thời buổi hiện nay đa phần các ứng dụng đều làm cho gọn nhẹ nhất là bên facebook và sendo có hàng triệu user vẫn ra các tính năng lite. tiki nên nghiên cứu vấn đề này. app tiki khá nặng máy,4,Tiki,42,FALSE,,,,
Thắng Nguyễn,shipper đell thân thiện. đề nghị đổi sang hãng vận chuyển ghn ạ,4,Tiki,13,FALSE,,,,
Minh Nguyen,"ru ko, p,, 😅😬8,jan giờ ﻿💤💤💤💤💤 ☁☁☁💤☁fa g,zâd, ư ☁☁💤☁☁﻿💤💤💤💤💤 ☁☁☁💤☁c sa f, có ☁☁💤☁☁,il,,lj ☁💤☁☁☁, 💤💤💤💤💤 ☁ sleepy ☁ 😐 ☁💤☁☁☁(づ￣ ³￣)cho 💤🐢🐥💤🐁🐺💤💤😯🐇🐶🐁🐇?xlb?🐁🐭🐁😈♓ ☁ sleepy ☁peso, s ☁😊☁☁😈😇😊☁😁☁ ☁😊☁☁😊☁ư☁☁(´∀ode｀)o,♡ ☁😊😊😊😠🐰🐥🐁😊☁😊☁😈♓⌛lại k, sk,ư k, ☁😊☁☁😊☁😊☁😬🐭🐁🐁 ☁😊☁☁😊☁😊☁ k😀",4,Sendo,37,FALSE,,,,
Tinh Nguyen,hy có,4,Tiki,2,FALSE,,,,
Thuy Nguyen,tiền sip khap cả nuoc chỉ có 30k tien sip của sendo vô toi vạ,4,Sendo,15,FALSE,,,,
Ngoc Bao,hay nhưng hơi lag,4,Shopee,4,FALSE,,,,
Hưng Nguyễn,w up sa lên nào p về quản ở,4,Shopee,9,FALSE,,,,
Thịnh Lê,đã giao.dịch thành công đợi hàng về cho thêm 1 sao,4,Sendo,11,FALSE,,,,
Phượng Thúy,bấm cũng đc thôi chứ k đẹp,4,Shopee,7,FALSE,,,,
Tùng Nguyễn Thanh,giao hàng hơn chậm lâu,4,Sendo,5,FALSE,,,,
Nhân Nguyễn,lazada chưa bắt kịp được với shopee và tiktok về miễn phí vận chuyển ở mọi đơn hàng dù chỉ 0đ,4,Lazada,21,FALSE,,,,
Tung Thanh,có ship ko v m.n,4,Tiki,5,FALSE,,,,
Phạm Huy Khánh,phần cào trúng thưởng bị lỗi phiên bản không hợp lệ. làm nv xong không cào được,4,Tiki,17,FALSE,,,,
Tú Nguyễn,hay đc nhiều voucher và freeship nên rất thích,4,Shopee,9,FALSE,,,,
Tâm Nguyễn Văn,đẹp mà lấy nhầm mẫu hơi chật nhưng tôi thích,4,Tiki,10,FALSE,,,,
Mỹ Nguyễn,aawic is,4,Lazada,2,FALSE,,,,
Như Quỳnh,e thay no k de cach su dung,4,Tiki,8,FALSE,,,,
Thiong Vo,rất tuyệt vời nhưng giao hơi chậm nha,4,Lazada,8,FALSE,,,,
Vlogger Trường,đã từng sử dụng đã từng mua mà lâu lâu mới có nhận được hàng mong nhà phát triển phần mềm nhanh chóng cập nhật thông tin về việc này em sẽ cho 5 sao đặt hàng cả tháng mới có hàng đôi khi không có nửa là khác như vậy thôi sàn thương mại điện tử của việt nam giờ lỗi nhiều kỹ thuật do thiếu sót như không có phần mềm it là kiểm tra lại giúp em nhé em là người bán hàng online trên mạng em xin hết,4,Sendo,92,FALSE,,,,
Nguyễn Cảnh,"có một điều rất khó chịu là danh sách sản phẩm bị đảo trộn, mỗi khi vào xem một sản phẩm bất kỳ, trở ra danh sách tìm kiếm thì lại quay về đầu danh sách và bị đảo trộn thứ tự, không biết sản phẩm nào đã xem, sản phẩm nào chưa, rất tốn thời gian tìm kiếm, và tìm kiếm không hiệu quả. mong khắc phục nếu muốn sendo phát triển.",4,Sendo,73,FALSE,,,,
Boos TV,đặt hàng mẫu áo ko có chọn seld dc,4,Tiki,9,FALSE,,,,
Minh Quân Nguyễn,"tiki khá uy tín, tuy nhiên phí giao hàng còn khá cao.",4,Tiki,12,FALSE,,,,
Tử Ngọc Chúc,"sao app gỡ một số sản phẩm bán cũng khá chạy, bán lại mấy sản phẩm tươi sống đi như trứng cá ngừ, cật hay gan heo gì đó, đa dạng đồ tươi sống",4,Sendo,34,FALSE,,,,
My Le,app dùng khá tốt. nhưng đãi ngộ shipper rất tệ và thu phí cao nhé.,4,Shopee,15,FALSE,,,,
Kendy Tiên,"thấy các mặt hàng ổn định. giá cả vừa túi tiền. ưu đãi nhìu,",4,Sendo,14,FALSE,,,,
Hay A,"shiper gọi kiểu nháy máy, không kịp đổ chuông xong tự hủy đơn luôn ??",4,Shopee,15,FALSE,,,,
Hdjd Đhh,khá tốt giá cả hợp lý,4,Shopee,6,FALSE,,,,
Nguyen Thai,mua được kiểm tra hàng khi nhận là ngon hơn các nhà bán hàng khác sẽ thường xuyên ủng hộ nên đa dạng hàng hóa thêm nữa ít mặt hàng quá ít có lựa chọn,4,Sendo,35,FALSE,,,,
Huong Nguyen,yêu cầu cho ktra hàng trc thanh toán,4,Sendo,8,FALSE,,,,
xuan xuan,giá ở lazada hơi mắt,4,Lazada,5,FALSE,,,,
Chí anh kiệt Võ,tiki tốt nhưng có nhiều thử vẫn ko có😑😑😑,4,Tiki,9,FALSE,,,,
Dim Nong,ngm đn cs rất nhiều mã,4,Lazada,6,FALSE,,,,
shsgs Hsh,khá là ok,4,Tiki,3,FALSE,,,,
Ghe Di,còn hạng chế về mục tìm sản phẩm....còn lại tất cả điều ok,4,Tiki,13,FALSE,,,,
The Caovan,tam thời chưa dùng cho 4 sao ok rồi,4,Sendo,9,FALSE,,,,
An Hoang,sp ok tuy theo chủ xop,4,Shopee,6,FALSE,,,,
Nguyễn Ngọc Trường,thao tác khá khó so với các app khác :^) và hơn nữa đóng gói cũng 50/50 nữa có lúc hàng tới tay muốn tè le rồi.,4,Tiki,27,FALSE,,,,
Happy Cook,thời gian giao hàng chậm hơn nhiều với các sàn thương mại điện tử khác như shopee hay lazada và tiki với khi đăng ký bán hàng thì chủ shop phải chi trả tiền ký quỹ hơi cao mong sớm khắc phục lỗi này em sẽ cho 5 sao,4,Sendo,49,FALSE,,,,
Tùng Lê kim,da dạng ngành hàng,4,Shopee,4,FALSE,,,,
Việt Hoang,không giống như quảng cáo thứ gì cũng ship qua cao,4,Lazada,11,FALSE,,,,
Đản Từ,cũng khá tốt,4,Shopee,3,FALSE,,,,
Chung vtonline Vi,không biết nữa hàng về mọi biết tốt hay k tốt cứ tạm 4 sao,4,Sendo,15,FALSE,,,,
Nguyen Aladdin,"update mới 30/1/26 bị lỗi khi áp voucher xong thì quay về home. xoá toàn bộ dữ liệu rồi thử lại, áp voucher xong có back về giỏ hàng, nhưng không hiện voucher, không thấy giá được giảm trừ. đã tắt các chế độ tối ưu pin, xoá khi không sử dụng. xiaomi 13t.",4,Shopee,54,FALSE,,,,
Tiến Dương Nguyễn,mua sắm tiện lợi,4,Tiki,4,FALSE,,,,
Thị Ngần Hoàng,mik đánh ra cho 4 sao thôi 😌😌😌,4,Sendo,8,FALSE,,,,
Minh ngọc Phùng,dùng cũg ok,4,Shopee,3,FALSE,,,,
Trúc Ngân Huỳnh,"bên lazada sao cập nhật thời gian giao hàng kh đúng như trên app nhỉ, cần fit lại lỗi này nhé",4,Lazada,21,FALSE,,,,
Anh Truong,giao hàng chưa tốt,4,Sendo,4,FALSE,,,,
Xuân thưởng Vũ,"cẩn thận , nhanh",4,Lazada,4,FALSE,,,,
Hà My,đi bao nhiêu sàn. vẫn chỉ ưng mỗi sàn cam,4,Shopee,10,FALSE,,,,
Tuan Bui,được ok,4,Sendo,2,FALSE,,,,
Bình Đào Lộc,phi ship cao,4,Lazada,3,FALSE,,,,
Hoai An,tự out và bắt đăng nhập lại nhiều lần khó chịu,4,Tiki,11,FALSE,,,,
Tra My Tran,cần thêm chức năng tìm bằng hình ảnh,4,Tiki,8,FALSE,,,,
Yến Trần,tốt ngưng vận chuyển hơi vỡ nhé,4,Tiki,7,FALSE,,,,
Thủy Đồng thị,sản phẩm tốt mọi ngươi nên mua,4,Lazada,7,FALSE,,,,
Huynh Luan,lazada mặc dù ship cao ko như shoppe cho miễn ship nhưng cx đc đơn đầu tiên 0 đ tạo hai acc đc 2 đơn 0 đ thôi đừng đánh giá thấp quá app này,4,Lazada,35,FALSE,,,,
Hoang Trong,sôi soping thật rẻ,4,Shopee,4,FALSE,,,,
Huy Nguyễn Hữu,"nhân viên có nhiều người thì rất nhiệt tình, có người thì không mấy thiện cảm, nhân viên đó tên là phương thảo, hỗ trợ mình lúc 23h27 ngày 09/01. shop mình có tên là mubaohiemnhapkhau",4,Shopee,36,FALSE,,,,
Tuyêt Nguyễn nhât tuyết,hơi giao chậm ạ,4,Shopee,4,FALSE,,,,
lợi phan thành,giá tiền ko rõ ràng,4,Shopee,5,FALSE,,,,
Trang Bùi,"rườm rà hơn lazada,mấy shop chuyên gia hủy đơn",4,Sendo,9,FALSE,,,,
GIANG THÁI ĐĂC,thuận tiện khi mua hàng hơn,4,Shopee,6,FALSE,,,,
phuc nguyen,"sendo kết nối các shop cung ứng,giúp người tiêu dùng thuận lợi lựa chọn nhanh những thứ cần dùng:chất lượng,tiên tiến,hộp túi tiền,phục vụ nhanh chóng,cảm ơn sendo và các shop.",4,Sendo,31,FALSE,,,,
Tuan Son Nguyen,tốt lai có quà,4,Sendo,4,FALSE,,,,
Dung Nguyen,"sản phẩm đa dạng, nhiều ưu đãi, nhiều gian hàng chính hãng, công cụ tìm kiếm chưa tốt lắm",4,Lazada,19,FALSE,,,,
Lê Công,cái shopee này nó bị gì hết bấm vô một đầu cái nó bị màu trắng luôn không có bấm vô đặt hàng được làm ơn hãy làm sửa lại dùm cái đi nếu không thôi là đánh một xe đó nha bây giờ cho 4 xe luôn á bốn sao dưới lượng nhớ đó shopee không có thì tôi đánh lại một sao á,4,Shopee,65,FALSE,,,,
nhiem hoang,"nói chung là cũng được, chứ không hoàn chỉnh lắm, mong càng ngày càng tốt hơn nữa.",4,Sendo,17,FALSE,,,,
Phong Quang,giữ ẩm da mặt và trị mụn tốt,4,Tiki,8,FALSE,,,,
Lộc Nguyễn,chất lượng tốt.gia cả hợp lý,4,Lazada,6,FALSE,,,,
Tam Tran,có máy hàng ko chất lượng cooking show,4,Shopee,8,FALSE,,,,
Quốc Cường Nguyễn,bị lỗi tải dc 56% thì ko cài đt dc,4,Tiki,10,FALSE,,,,
ái vuong,giao nhanh,4,Tiki,2,FALSE,,,,
Xuân An,app khá oke nhưng ít đồ,4,Tiki,6,FALSE,,,,
Hân Nhi Nguyễn Thị,giá sản phẩm hơi đắt,4,Sendo,5,FALSE,,,,
Thị Ngọc Đặng,cũng ko tệ,4,Sendo,3,FALSE,,,,
nam lê,thấy quảng cáo hay,4,Tiki,4,FALSE,,,,
Chuột đồng mvp,bên giao hàng lâu quá. cứ gia han thời gian giao hàng...vn.potr,4,Sendo,12,FALSE,,,,
Thị Thiện Trương,giao nhanh chất lượng,4,Sendo,4,FALSE,,,,
Thị Thủy Trần,tiện lợi và uy tín nhưng khó sử dụng,4,Tiki,9,FALSE,,,,
Trung Nguyễn Thành,chưa dùng muốn dùng thử,4,Lazada,5,FALSE,,,,
Trung Ngọc,"hàng hóa ko đa dạng, phí giao hàng ngày càng đắt",4,Tiki,11,FALSE,,,,
thao tran,"tiện lợi ,mua gì cũng dễ ,có điều để hàng giả hàng nhái bán loạn xạ",4,Shopee,16,FALSE,,,,
Như Huỳnh,không có game tap&win,4,Lazada,4,FALSE,,,,
Hằng Trần,giao không đung sp,4,Lazada,4,FALSE,,,,
Tuyen Truong,"chưa cập nhật đơn vị hành chính mới, người dùng tạo địa chỉ mới không được.",4,Shopee,16,FALSE,,,,
Viet Ha Nguyen,hay bị lỗi mã quá ạ 💔,4,Shopee,7,FALSE,,,,
Mai Nhu Chat,app nhanh,4,Tiki,2,FALSE,,,,
Thuan Doan,"đã chạy được trên điện thoại android 6. tuy nhiên app hơi nặng , load hơi chậm !",4,Tiki,18,FALSE,,,,
Trần Tuyền,"có 1 lần mình mua mà hàng nhận nó lạ lắm, nó ko giống như trên bìa và mình xác nhận luôn nó là hàng fake😀 thấy mất niềm tin vào sendo...",4,Sendo,32,FALSE,,,,
Minh Khoa,phí giao hàng hoi mắt,4,Sendo,5,FALSE,,,,
Nguyenhoangtrong Nguyenhoangtrong,tam ổn rồi bạn ơi,4,Sendo,5,FALSE,,,,
Toan Trung,chưa sử dụng dịch vụ lần nào giờ cho 4 * trước giao dịch đơn hàng xong đánh giá lại.,4,Sendo,20,FALSE,,,,
Hai Ut,ứng dụng thì rất tốt nhưng dạo này trên shopper có những thành phần shop đăng bán hàng giả hàng kém chất lượng cheo đầu dê bán thịt chó để lừa người mua mong rằng shopeer có biện pháp xử lí và ngăn chặn những trang cá nhân này để khách hàng chúng tôi được yên tâm mua sắm nhiều hơn,4,Shopee,61,FALSE,,,,
Đức Linh 7_7,cũng rất tiện,4,Sendo,3,FALSE,,,,
Ho Phuong Thao Duong,hay và tiện lợi nữa,4,Tiki,5,FALSE,,,,
Tien Minh,ko hiểu kiểu j đợi hơn 1 tuần ko cho nhận hàng mới đưa tiền,4,Shopee,15,FALSE,,,,
Tina Nguyễn,cái giao diện nhìn cũ xì,4,Lazada,6,FALSE,,,,
Thuy Nguyen,"tôi rất thích lazada vì lazada cung cấp đa dạng hóa các sản phẩm có chất lượng tương đối tốt, dịch vụ chăm sóc khách hàng tận tâm, có đội ngũ cán bộ, nhân viên bán hàng chuyên nghiệp, đội ngũ giao hàng có trách nhiệm. tuy nhiên bên cạnh đó lazada còn một số hạn chế : việc kiểm tra sản phẩm khi giao cho khách hàng còn kém dẫn đến một số nhà bán hàng đăng ảnh sản phẩm tốt và giao cho khách hàng sản phẩm kém chất lượng. việc đổi lại sản phẩm rất khó khăn.",4,Lazada,100,FALSE,,,,
K Juôn Liêng Hót,"sen đỏ mua gì cũng có, rất tiện lợi, giá rất rẻ, nhưng 1 số shop gửi hàng kg chuẩn và thời gian gửi hàng hơi lâu,mong nhà sản xuất cải thiện tốt hơn",4,Sendo,34,FALSE,,,,
Chíp Gà,giao hàng chậm ngày so với thông báo trên app,4,Tiki,10,FALSE,,,,
Hieu Dohuu,tôi thấy cũng tạm ổn,4,Sendo,5,FALSE,,,,
Hà Nguyễn Thị,"m đã quay lại đặt hàng bên tiki thấy ổn hơn trước và tiki có chính sách free ship rất rõ ràng. m khá hài lòng về điều này nên m tăng cho tiki thêm 1* nữa. nhưng m có 1 góp ý mong tiki sẽ lưu tâm đó là tiki nên hiển thị vị trí của các shop để ng mua biết shop đó ở đâu có gần m không để tiện đặt hàng, mà 1 cái nữa là ng dùng dù đã hoàn thành nhiệm vụ nhưng quay lại nhận thẻ quà lại chẳng thấy đâu.",4,Tiki,98,FALSE,,,,
Liên vũ,tôi thấy mn bl mà thấy hoang mang quá,4,Tiki,9,FALSE,,,,
thao my Le huyen,sendo co the hoang tra cho khach nhung sai sot cua shop khi co sai hang som duoc giai dap,4,Sendo,20,FALSE,,,,
Hai Trinh,không có chức năng hủy đơn hàng,4,Tiki,7,FALSE,,,,
Thu Loan Nguyễn,oke nhiều lúc hơi ăn chặn,4,Shopee,6,FALSE,,,,
Quang Phin Truong,rất tốt tuy nhiên vẫn còn nhiều điểm hạn chế ví dụ như hàng hết shop nên thông báo hết,4,Sendo,20,FALSE,,,,
Triều Nguyễn,"còn nhiều mặt hàng kém chât lượng vẫn cho lưu thông, yêu cấu tiki chặt chẽ hơn nữa",4,Tiki,18,FALSE,,,,
Trang Lê,cũng cũng đc,4,Shopee,3,FALSE,,,,
Son long Ch,ok tốt đẹp,4,Tiki,3,FALSE,,,,
Quy Nguyen minh,nếu có thể cập nhật vị trí shippe thì tốt quá. như vậy có thể chủ động nhận hàng hơn.,4,Shopee,20,FALSE,,,,
Bích hang Lethi,đảm bảo hàng cho ng mua,4,Shopee,6,FALSE,,,,
Yến Nhi Nguyễn,hàng đẹp ok nhưng đặt lâu quá ko giao 🥲,4,Tiki,10,FALSE,,,,
Nga Kim,không,4,Tiki,1,FALSE,,,,
Minh Trung Phan,"lần đầu tiên đặt hàng, tuy giao hàng rất tốt nhưng ko đúng mẩu đặt, tôi vẫn chấp nhận, lần sau tôi hy vọng sẽ nhận hàng đúng như shop quảng cáo",4,Sendo,32,FALSE,,,,
tuyến lữ,mua hàng không đắt giá cả phải chăng,4,Sendo,8,FALSE,,,,
Khánh Triều,chưa có định vị trên bản đồ giống shopee,4,Tiki,9,FALSE,,,,
Oanh Nguyen,ko ok lắm vs shippo ko giao hàng đặt 2 tháng 8 mà 29 mới giao,4,Lazada,16,FALSE,,,,
Hảo Nguyễn Văn,vsmart vào toàn bị báo là đang nâng cấp,4,Tiki,9,FALSE,,,,
Chau Minh,thật là tuyệt vời!,4,Sendo,4,FALSE,,,,
A Nguyễn,gđ s,4,Sendo,2,FALSE,,,,
Khang Hoàng,nhiều thông báo quá,4,Shopee,4,FALSE,,,,
Kiet Hoa Phung,ok hay,4,Sendo,2,FALSE,,,,
Vân Hà,chán chẳng có đồ gì 0₫ vs 1₫ như shopee chỉ có điều không lác cũng có nhiều món rẻ hơn shopee với ko có tình trạng đang mua hàng giá rẻ tự nhiên lại bị xóa hết đơn hàng của người ta đi cho bốn sao mong ngày nào đó người ta sẽ có đồ 0 đến 1 đồng với mong mua hàng được đồng kiểm,4,Lazada,67,FALSE,,,,
Nguyễn Thị Thanh Hiền,"khá hữu ích, giao hàng nhanh",4,Tiki,6,FALSE,,,,
du huu,kiểm duyệt chất lượng chưa chặt,4,Shopee,6,FALSE,,,,
Sơn Trần Thanh,đề nghi sendo chỉ nên giao các đơn hàng nông sản cho vnpost thôi. vnpost làm ăn rất chán. đơn hàng mình chuyển đi từ 15. đến 21 vẫn chưa nhận được trong khi dự kiến giao ngày 20. đơn trong nước còn lâu hơn mua hàng ngoài nước. lên check vận đơn thì thấy báo không giao đc hàng trong khi không có cuộc gọi nào??? muốn giữ được khách hàng so với các sàn tmđt khác thì nên đặc biệt chú trọng tới thờibgian giao hàng cho khách hàng.,4,Sendo,91,FALSE,,,,
LQ Đạo,"mua hàng nhiều khi quảng cáo một kiểu mua một kiểu . cũng có lúc đặt hàng xong nhưng ko thấy hàng về nhưng trên áp lại ghi đã giao thành công . sản phẩm có giá thành thấp nhưng đôi khi phí ship quá cao .. mong là shoppe sẽ ưu ái ng mua , cũng lên loại dần các shop làm ăn gian dối để bảo vệ người bán chân chính và người tiêu dùng",4,Shopee,77,FALSE,,,,
Khôi Phạm,lỗi tùm lum👄,4,Shopee,3,FALSE,,,,
Quang Huynh,"giá tốt, giao hàng đúng hẹn nhưng phí giao hàng thì cao, có những sản phẩm nếu cộng phí giao hàng thì cao hơn mua tại các cửa hàng bách hóa gần nhà.",4,Sendo,33,FALSE,,,,
Tiến Lợi Nguyễn,ok giá và phí vận chuyển hơi cao so với các trang wed khác.,4,Sendo,14,FALSE,,,,
Linhnhi Luong,vì gặp nhiều hàng ko đúng mong muốn,4,Shopee,8,FALSE,,,,
Tú Đen,phải chi thêm phương thức thanh toán bằng my viettel thì hay quá,4,Sendo,13,FALSE,,,,
Bồ ai Quỳnh,bán ko gọi nhận hàng zô tới nhà ..,4,Tiki,9,FALSE,,,,
Dung Huynh,"giá cao hơn app khác, nhưng an toàn về chất lượng, k sợ hàng giả với lừa đảo, tuy nhiên hàng hóa kém phong phú, ít mẫu mã",4,Tiki,28,FALSE,,,,
Như Ngọc _49_,giá hơi chát,4,Tiki,3,FALSE,,,,
Quang Ngoc Nguyen,cần sàng lọc và kết hợp với nhà vận chuyển tốt hơn. vnpost rất chậm chễ.,4,Sendo,16,FALSE,,,,
THANH TRUC TRAN THI,"ok ,giao hang rat ok 11 từ 12p, có ưu'; zara",4,Sendo,11,FALSE,,,,
Yến Ngọc,trôn trôn vn trôn=)) 😇,4,Lazada,5,FALSE,,,,
Bồ ai Quỳnh,hk đc giảm giá j hết. nói giao trong 24h mà giao tận một tuần,4,Sendo,15,FALSE,,,,
thanh thịnh,nói chung bên shopee xử lý hoàn tiền trả hàng ok 👌👌,4,Shopee,12,FALSE,,,,
Ra Hee Won,"ngoài cái tiếng thông báo ""tiki"" mới hay làm mình giật mình ra thì mọi thứ đều rất oke nha.",4,Tiki,20,FALSE,,,,
Vân Nguyen,nhiều lúc hàng giao hơi chậm,4,Lazada,6,FALSE,,,,
Peter Môn,tính tải nhưng vào phần đánh giá thì... không biết có nên tiếp tục ko???,4,Tiki,15,FALSE,,,,
Hong Phan,shipper không thân thiện nha,4,Shopee,5,FALSE,,,,
Văn Tý Mai,còn nhiều điều cần khắc phục,4,Tiki,6,FALSE,,,,
Hải Yến Trần thị,ko tha dc,4,Lazada,3,FALSE,,,,
Hải Nguyễn sĩ,"nhanh ,nhiet tinh.",4,Sendo,3,FALSE,,,,
Viết phương Ho,tâm được,4,Tiki,2,FALSE,,,,
Xuân Đức Nguyễn,thường xuyên không vào giỏ hàng được và không đặt hàng được,4,Tiki,12,FALSE,,,,
Vu Quang,"sản phẩm chất lượng, phục vụ nhanh chóng.",4,Sendo,8,FALSE,,,,
Thu Duong,rất hay 😍,4,Shopee,3,FALSE,,,,
Hoàng Nhật,shoper ko cho áp mã toanc mo2:mo4,4,Shopee,7,FALSE,,,,
Trâm Anh Cao,"hàng đa dạng, đẹp, sd tiện lợi",4,Shopee,7,FALSE,,,,
Thi Nguyen,tốt tôi rất hài lòng,4,Sendo,5,FALSE,,,,
An Gia Audio,tốt được bảo vệ khi mua hàng nếu cải thiện được khi đăng nhập vào app mà không bị phiền các video quảng cáo thì rất tốt có phần cài đặt đã tắt các quảng cáo nhưng không có tác dụng,4,Shopee,41,FALSE,,,,
Thỏ- Gelb,cũng tạm được,4,Tiki,3,FALSE,,,,
Bao A,cũng hay mỗi tội hơi bị lag,4,Lazada,7,FALSE,,,,
Nhi Bảo,nhưng nhiều lúc không có xu?,4,Shopee,6,FALSE,,,,
Hưng Phạm,chx bt nên cho bừa,4,Sendo,5,FALSE,,,,
Thắm Nguyễn,ok.nhưng cần đa dạng mặt hàng hơn nữa,4,Tiki,8,FALSE,,,,
Ngọc Thẩm Lê,nhiều mặc hàng ok,4,Sendo,4,FALSE,,,,
Duy Anh,shopee lên có phương thức trả hàng nhận tiền mặt,4,Shopee,10,FALSE,,,,
Quỳnh Trần,"dùng tốt, lâu lâu có lỗi tí , giá hời",4,Tiki,10,FALSE,,,,
Trinh XNK,"nên xem lại giao diện app.muốn đặt nhiều chiếc áo, quần với màu và size khác nhau khá khó cho người dùng lần đầu",4,Tiki,24,FALSE,,,,
Zoras,"thật tiếc khi app dừng trên sàn thương mại điện tử. nếu sở huữ công ty vận chuyển riêng và ưu đãi vận chuyển thì có thể cạnh tranh với shopee. điểm cộng là app rất mượt, mượt hơn shopee nhiều điều mà shopee k làm được. giao diện dễ nhìn. có lẽ người lãnh đạo của sendo tầm nhìn chưa tốt. rất tiếc cho ứng dụng yêu thích của tui",4,Sendo,71,FALSE,,,,
Nga Phạm,rất tiên,4,Shopee,2,FALSE,,,,
Duc Tranvan,ứng dụng tốt nhưng cần có chính sách pr để khuyến khích người dùng,4,Sendo,14,FALSE,,,,
Liễu Lê,mình thấy tiki nhìn chung giá cao nhưng chất lượng tốt. cơ mà mình ghét cái khoản đóng gói sách của tiki sơ sài vãi đạn được shopee thì oke hơn rồi.,4,Tiki,32,FALSE,,,,
Ibnag Tien,đặt silit rất dễ dàng 🙈,4,Shopee,6,FALSE,,,,
Trung Nguyen,mới tải chưa sử dụng nên 4s hoi.,4,Sendo,8,FALSE,,,,
Hưng Nguyễn Đình,cũng hay,4,Tiki,2,FALSE,,,,
Ngân,update nền tối thì cho 5s,4,Shopee,6,FALSE,,,,
Việt Lê,ai có mã giới thiệu k,4,Tiki,6,FALSE,,,,
Nguyen Van Hoc,"không ""giống"" lắm! chai nhựa, mùi griserin là chủ yếu, khó có thể nói là nước thơm sau cạo râu được. hơi ngạc nhiên người mỹ lại dùng loại này(!)",4,Lazada,30,FALSE,,,,
bay do,giá và phí dịch vụ còn cao,4,Shopee,7,FALSE,,,,
nhiem huynh,"mặt hàng chưa phong phú lam, chưa tích hợp được cách chọn nhiều mặt hàng cùng 1 lúc để người mua ít tôn thời gian mua lẻ từng mặt hàng và tôn tiền ship nhiều lần ạ",4,Sendo,37,FALSE,,,,
V T,"hiểu sao cùng 1 shop các sàn, sàn zalada giá cao hơn mấy sàn khác giá cao hơn rất nhiều cùng cùng 1 sản phẩm cùng 1 shop + mấy mã giảm ko rõ ràng, hoặc shop ko ghi rõ ở đâu tìm rat khó khăn",4,Lazada,46,FALSE,,,,
Phan Anh Nguyen,cũng bình thường không có nhiều mặt hàng,4,Sendo,8,FALSE,,,,
Giàu,cũng rất ổn,4,Shopee,3,FALSE,,,,
Tho Bao,quá quá nhiều điều kiện sống của,4,Tiki,7,FALSE,,,,
Van lanh Cu,"làm tự động bật khi trời tối, và có khiển",4,Shopee,10,FALSE,,,,
Pham Th,sản phẩm ok đặt hàng không bị lỗi,4,Shopee,8,FALSE,,,,
Xuân Trường,tuong đối tốt,4,Sendo,3,FALSE,,,,
Dung Nguyen,"dịch vụ tốt, nhân viên tư vấn nhiệt tình, sẽ tiếp tục ủng hộ tiki",4,Tiki,15,FALSE,,,,
Nhã uyên Nguyễn,vô cùng tiện ích,4,Sendo,4,FALSE,,,,
Thảo Nguyễn Phương,có cần phải đăng nhập ko,4,Tiki,6,FALSE,,,,
Đặt Hồ Văn,chx đặt j thì đã xóa luôn,4,Lazada,7,FALSE,,,,
Cường Lê mạnh,chào cả nhá,4,Lazada,3,FALSE,,,,
Nga Nguyễn,rất thuận tiện,4,Shopee,3,FALSE,,,,
Văn Khỏe Trần,tạm thời 4 sao,4,Sendo,4,FALSE,,,,
Duong Nguyên,"có những sản phẩm đăng không rõ ràng còn mập mờ về giá số lượng,những sản phẩm khách hàng đánh giá thấp đề nghị sendo cần loại khỏi trang để giữ uy tín",4,Sendo,33,FALSE,,,,
Nga Nguyen,tôi cảm ơn sendo đã đồng hành cùng tôi trong thời gian qua,4,Sendo,13,FALSE,,,,
Ha Tong,"sách giao nhanh,phù hợp mong muốn của người mua.",4,Tiki,9,FALSE,,,,
mẫn nguyễn,tạm ok,4,Tiki,2,FALSE,,,,
Strisvan Minh,"dạo này tiki bị lỗi nhiều, không vô được app, dùng trợ lý ai để tóm tắt sách thì bị đơ, rất mong nhà phát triển khắc phục.",4,Tiki,28,FALSE,,,,
H Le,lazada không lọc được các shop lừa đảo quá nhiều.,4,Lazada,10,FALSE,,,,
Nam Nguyễn,i f hưng vnrtxx j iv e số kcb,4,Sendo,9,FALSE,,,,
Dũng Nguyễn văn,hàng tốt thì nên cho kiểm tra,4,Lazada,7,FALSE,,,,
Nhã Phạm,"lazada xu chẳng có tác dụng mấy , rất nhiều shop đổi xu quá thấp không có tác dụng mấy , nghe nói quảng cáo freeship mà vào thấy phí ship cao , cộng tiền thanh toán sau khi trừ phí ship thì bằng tiền đơn hàng của shopee khi chưa trừ xu",4,Lazada,53,FALSE,,,,
quan hong,phí vận chuyển hơi cao,4,Tiki,5,FALSE,,,,
Trung Cữ Trần,zzzwert,4,Tiki,1,FALSE,,,,
Ft Yh,"ngon hơn shein, đồ tốt hơn nhưng cx đắt hơn 1 tý",4,Shopee,12,FALSE,,,,
Thao Nguyen,"măt hang sen đỏ, tạm ổn chứ chưa chăc là hàng chinh hảng hêt.",4,Sendo,14,FALSE,,,,
J8 Samsung,sen do ban hang tot,4,Sendo,5,FALSE,,,,
Sang Tran,giao hàng lâu quá 4.0*,4,Sendo,5,FALSE,,,,
Trần Công Dân,sao app cài xong không thấy biểu tượng đâu cả?😀😀,4,Tiki,10,FALSE,,,,
Minh Anh Huỳnh Bá,giao hàng hơi trễ nhưng chất lượng tốt 😐😐😐,4,Tiki,9,FALSE,,,,
Pham Tung,thông dụng,4,Sendo,2,FALSE,,,,
Người Kể Chuyện,dễ sử dụng,4,Tiki,3,FALSE,,,,
Hùng Nguyễn,hài lòng 🤪,4,Sendo,3,FALSE,,,,
Phượng Trương,10 điểm,4,Tiki,2,FALSE,,,,
Trọng Nghĩa,giao hơi chậm với giá cao hơn tiktok với shope nha,4,Lazada,11,FALSE,,,,
Chien Nguyen,cần kiểm soát sản phẩm bán ra tránh lừa đảo,4,Sendo,10,FALSE,,,,
Oanh dao,rất tiện lợi và nhiều ưu đãi,4,Shopee,7,FALSE,,,,
Ánh Tạ,cài hơi chậm,4,Tiki,3,FALSE,,,,
Khánh Linh Nguyễn,4 sao th. ai đời khách hạng gold mà mua cùng 1 mặt hàng áp cả voucher vẫn đắt hơn acc mới lập,4,Shopee,23,FALSE,,,,
Thị Tuyết Nga Trần,"truyện tuy hơi ngắn nhưng khá hay, nét vẽ nhân vật rất dễ thương",4,Tiki,14,FALSE,,,,
Trung Pham,hayz,4,Sendo,1,FALSE,,,,
Huong Nguyen,hàng hóa phong phú,4,Shopee,4,FALSE,,,,
Bảo Hân Nguyễn Ngọc,"khá ổn nha , đặt sách ở đây rất thích",4,Tiki,10,FALSE,,,,
Nôbita channel,shoppe bán rẻ hơn nhiều _ sendo núp đi nhé,4,Sendo,10,FALSE,,,,
Thanh Nguyễn,da mua hang nhieu lan roi shop lam rat tot,4,Sendo,10,FALSE,,,,
Hạnh Phan,tiện nhưng giao hàng lâu quá,4,Sendo,6,FALSE,,,,
Hường Mai,s nên để người dùng chọn số xu khi xem live muốn rút và khi đặt hàng để người dùng chọn muốn áp bao nhiêu xu ( không vượt quá số xu tối đa được áp ),4,Shopee,37,FALSE,,,,
Đỗ Xuân Đức,tôi vừa tải nó đã ko cho tôi trả tiền mặt mà bắt trả đt,4,Lazada,15,FALSE,,,,
Bường Đỗ thanh,ưng ý giá tốt,4,Tiki,4,FALSE,,,,
minh chau luu,"tôi đặt mua nhiều mặt hàng trên sen đỏ nhưng bên shop gởi hàng qua bưu điện mà khổ 1 điều khi tôi đi làm thì bưu điện giao hàng,khi tôi tan ca thì bưu điện cũng nghỉ giao. tranh thủ hôm nay chủ nhật được nghỉ, tôi đến bưu điện lấy hàng thì họ bảo đưa mã đơn hàng họ mới giao hàng. tôi lấy đt cho họ xem mã đơn hàng trong app họ nói ko phải, họ đang nói tới cái mã hàng gì đó của chủ shop.như vậy chẳng khác nào làm khó tôi sao. tôi đành gởi lời xin lỗi mấy chủ shop. thật sự tôi không muốn bom hàng..",4,Sendo,115,FALSE,,,,
La Nguễn,bom nhiều k có đình chỉ như ttok,4,Shopee,8,FALSE,,,,
Nguyen,game marge up battle lỗi hoài chán thế admin xem lại đi nhé.,4,Lazada,13,FALSE,,,,
Wendy,-1 sao vì mất cái xu ở shoppe live rồi thường trước khi thường có hai mục khác một cái là video một cái live mà giờ mất live rồi không xem được xu ở shoppe live ạ giờ em chỉ xem được ở shoppe video thôi ạ,4,Shopee,48,FALSE,,,,
Ph Heidy,app không ổn định,4,Tiki,4,FALSE,,,,
Hoa Vu,tiền sip cao muốn ngất,4,Lazada,5,FALSE,,,,
Thành Lê,hay thiệt.sau khi mua víp -20% thì sản phẩm đắc hơn không mua vip.lỡ mua 1 năm rồi cay vcl,4,Shopee,20,FALSE,,,,
Hoạt Nguyễn,hiu ích tien loi,4,Sendo,4,FALSE,,,,
Quốc Thắng Điệp,rất hài lòng với cskh,4,Lazada,5,FALSE,,,,
Nghiem Do,chưa mua lan nào chưa bit,4,Sendo,6,FALSE,,,,
Hường Phùng,cũng được nhưng dùng hơi lag,4,Shopee,6,FALSE,,,,
Tuấn Nguyễn Văn,ỏi,4,Sendo,1,FALSE,,,,
huy le quoc,dạo này hay bị đứng.,4,Sendo,5,FALSE,,,,
Xuan Thanh,mua hàng ở tin áp cũng được,4,Shopee,7,FALSE,,,,
Huy Hoanggia,"nếu cho xem hàng trước,tôi sẽ đánh giá năm sao.",4,Lazada,10,FALSE,,,,
Quyen Doan,"tôi có mua dừa size l và một số mặt hàng khác. cơ bản thì tôi thấy giao hàng cũng nhanh và tiện lợi nhưng về mặt hàng hóa thì tôi không ưng. ví dụ như dừa hàng tôi đặt là size l đắt tiền hơn nhưng hàng tôi nhận dc lại là xen kẽ size nhỏ và hàng không mới hoàn toàn, có quả đã sỉn màu. chim câu so với mặt bằng chung hàng tươi tôi thường mua là nhỏ hơn nhưng giá mắc hơn.",4,Sendo,87,FALSE,,,,
Dung Trần,đặt hàng tiện lợi,4,Shopee,4,FALSE,,,,
Toàn Nguyễn,phí ship cao trừ 1 sao,4,Lazada,6,FALSE,,,,
Hồng nhân Thân,vẫn còn tình trang bán hàng lừa đảo cần xem lại đi,4,Shopee,12,FALSE,,,,
Như Thủy Nguyễn Tăng,tôi thích,4,Sendo,2,FALSE,,,,
Kim Ngô,có nhiều shop bán hàng không đúng quảng cáo và bị nhiều nhận xét không tốt mà chưa bị lazada đóng cửa.,4,Lazada,22,FALSE,,,,
Nam Thân,sử lý đơn hàng rất lâu chán . không như shoppe,4,Sendo,11,FALSE,,,,
nam hau,lỗi md04 đã được sửa. mong không bị lại,4,Shopee,9,FALSE,,,,
Nguyễn Mạnh,"giao hàng nhẹ thì nhanh, giao hàng cồng kềnh thì quá lâu. ví dụ hà nôi-hải phòng cả tuần vẫn chưa thấy hàng về. quá chán.",4,Shopee,26,FALSE,,,,
duyluong duyluong,tôi thấy phí giao hàng cao quá. đề nghị điều chỉnh lại phí vận chuyển vì tôi thấy cao quá.,4,Sendo,20,FALSE,,,,
Sang Thanh,thêm tính năng tùy chỉnh chử đọc to lên chứ chứ nhỏ quá,4,Lazada,13,FALSE,,,,
Lĩnh Vũ,lì xì đầu năm đi nào,4,Tiki,6,FALSE,,,,
Thành Huy Nguyễn,tỉ lệ hàng giao đc 8/10 sản phẩm nên cho 4sao mong tiki cố gắng khắc phục những khiếm khuyết của mình,4,Tiki,22,FALSE,,,,
Huynh51 Hoangba,"giao hàng nhanh, hàng đúng chất lượng.",4,Sendo,7,FALSE,,,,
Son Tranngoc,đăng nhập có lúc bị trục trặc,4,Tiki,7,FALSE,,,,
Cuong Nguyen dang,phí giao hàng khá là đắt tôi mua có 1bichj bánh gạo mật onh có 29 ngàn mà thêm tiên ship là 54 ngàn sợ quá,4,Sendo,26,FALSE,,,,
Man Smiling,"app thi thoảng vẫn còn một vài lỗi, nhưng đã khắc phục sau bản cập nhật tháng 3 🥰 đánh giá cao nhất là app đầy đủ tính năng so với đối thủ, mà dung lượng app nhẹ = một nửa 🥳",4,Tiki,42,FALSE,,,,
Sáng Huỳnh,"bb. mô ,.",4,Lazada,3,FALSE,,,,
Đợi Đợi,điểm tốt nhất là phục vụ khách hàng,4,Sendo,8,FALSE,,,,
Trung Hòa,"ứng dụng bị gì ấy, cứ kéo đến cuối trang là đơ luôn, phải thoát ra vào lại, đã gỡ app cài lại vẫn bị",4,Tiki,25,FALSE,,,,
Dương Ngô,toàn bộ các món tôi quá hài lòng chỉ cần giao đúng món đồ tui đặc thì tui sẽ ủng hộ thường xuyên hơn nữa,4,Tiki,25,FALSE,,,,
Xuân Mai Lê Thị,síp hàng nhanh vui vẻ,4,Lazada,5,FALSE,,,,
Hào Nguyễn Anh Hào,"hàng đa phong phú, mua hàng thỳ hên xui",4,Shopee,9,FALSE,,,,
Hiệu Đức,gtui,4,Lazada,1,FALSE,,,,
Giám đốc,mọi người nên chọn thanh toán khi nhận hàng mới uy tín tránh mất tiền và lm mất uy tín của shop,4,Tiki,22,FALSE,,,,
hùng phạm,giao hàng hơi lâu,4,Sendo,4,FALSE,,,,
phat huynh thuan,hồi đợt mình có đặt găng tay nhưng giao hàng quá chậm hơn 2 tháng mới có mong nhà sản xuất trả lời câu hỏi này rất nhiều người đặt ra vì tiki giao hàng rất chậm,4,Tiki,37,FALSE,,,,
Thị Mỹ Tuyền Nguyễn,hay nhiều đồ,4,Lazada,3,FALSE,,,,
TTF3,ứng dụng rất tốt shíp rất nhanh tiki tốt hơn lazada rất nhiều rất uy tính chốt ứng dụng này,4,Tiki,20,FALSE,,,,
Yen Nhi Bui,"tôi đặt 5 món gồm 3 đồng hồ treo tường và 2 ổ điện dây 1.8m nhưng lại giao thiếu 1 ổ điện, nhìn cách gói hàng nghi ngờ lắm nhưng vì mua nhiều lần nên tôi tin tưởng không quay clip ... dù sao thì cũng rút ra được kinh nghiệm lớn",4,Lazada,53,FALSE,,,,
Hằng Hoàng,mong tiki có thể có chỗ muốn chuyển đến đâu thì chuyển đến đấy vì thế lên mất 1sao .ứng dụng này dùng tốt vì vậy tôi cho 4 sao,4,Tiki,30,FALSE,,,,
Anh Khải,dao hang nhanh duoc kiem tra hang ok,4,Sendo,8,FALSE,,,,
Đai quang Nguyen,rat tuyet hang đep,4,Tiki,4,FALSE,,,,
Trần Thanh Vũ “Thanh Vũ Limousine”,okk,4,Lazada,1,FALSE,,,,
Kim thoai Tran thi,phần nhận điểm danh xu trong vd và live ko nhận đc tại sao vậy ạ,4,Shopee,16,FALSE,,,,
Dũng club Nguyễn,thường thôi thua xa shopee,4,Sendo,5,FALSE,,,,
Đức Anh Đặng,oke nhe,4,Shopee,2,FALSE,,,,
Xim Cef,dụng lỗi hiện thị hình ảnh kênh người bán không chính xác.sảng phẩm đăng bán báo lỗi lung tung sảng phẩm đăng bán không hiển thị.nạp tiền quảng cáo thủ tục lòng vòng.,4,Shopee,33,FALSE,,,,
Gia Thai,sao tôi tải ứng dụng này về máy không được vậy shop,4,Tiki,12,FALSE,,,,
Phong Lâm,rất vui khi có tiki,4,Tiki,5,FALSE,,,,
Bảo Giabao,giá hơi đắt nhà,4,Shopee,4,FALSE,,,,
12A4 - 05 - ÁI KHUÊ,"sách giá rẻ, có chương trình sale cho mọt sách nhưng tiki thường xuyên đóng gói hàng không cẩn thận dẫn đến sách bị móp méo",4,Tiki,26,FALSE,,,,
Vũ Hùng,"ổn, đặt biệt là hàng thực phẩm. chỉ là lâu ko săn đc mã sale nào. 😶😶",4,Sendo,17,FALSE,,,,
Hải Nhữ đình,i'm ở m.,4,Sendo,3,FALSE,,,,
Tuấn Bảo 12-Vũ,tiki đặt hàng hơi đắt nhưng đồ khá đẹp,4,Tiki,9,FALSE,,,,
ThiLien Tran,hàng bên sen đỏ mắt quá voi giao chậm nữa,4,Sendo,10,FALSE,,,,
Phan Cao Sang (SangPhan94),giao diện còn rối rắm.,4,Tiki,5,FALSE,,,,
Thor Thor,sao hôm nay 4/4/2025 mở app lên là nó đứng hình vậy .,4,Lazada,13,FALSE,,,,
Hiep Tran,okie good,4,Tiki,2,FALSE,,,,
Trung Hiếu JP,cần thêm market thời trang nam nhiều hơn nữa,4,Tiki,9,FALSE,,,,
Chan Hoa,tam hai long,4,Sendo,3,FALSE,,,,
Huy Gia,hàng tốt nhưng ko cho xem hàng nên chỉ đc 4*,4,Sendo,11,FALSE,,,,
Quyet Vu,ud tiện lợi pv tốt .,4,Sendo,6,FALSE,,,,
Lương Vàng,yêu thich,4,Sendo,2,FALSE,,,,
Thin Lethi,phí vận chuyển quá đắt,4,Lazada,5,FALSE,,,,
Lê Thị diem Diem,cũng được nhưng nhưng shop hoi lâu 4sao nếu có trải nghiệm tốt hơn thì 5 sao,4,Sendo,17,FALSE,,,,
Tam Phamthanh,tốt đáng vào,4,Sendo,3,FALSE,,,,
Hội Nguyễn,"buôn bán rất tốt, khách hàng được đồng kiểm khi giao nhận hàng ,shiper vui vẽ.!",4,Sendo,16,FALSE,,,,
Ngọc Dương,tam dc nha,4,Sendo,3,FALSE,,,,
Anh Soái ca,mua hàng rất tiện lợi vừa nhanh vừa rẻ,4,Tiki,9,FALSE,,,,
Ân Lê,chưa hài lòng lắm,4,Sendo,4,FALSE,,,,
Nguyên Hồ Chí,"tôi mới dùng, chưa biết tốt hay giở...",4,Tiki,8,FALSE,,,,
Thichien Le,"app mua hàng khó hơn shopee và tiktok,mong app sửa lại cho đỡ mất thời gian",4,Lazada,16,FALSE,,,,
Nhàn Nguyễn,nó rất vui nhưng tôi sẽ tải lại,4,Shopee,8,FALSE,,,,
Thảo Hà Phương,"mua sách vài lần thì thấy khá thích, giao hàng cũng nhanh",4,Tiki,12,FALSE,,,,
Đỗ Thụy Nguyễn,"ứng dụng không được mượt,hay giật,đôi lúc bị đơ làm treo máy.",4,Shopee,12,FALSE,,,,
Tam Duc,"hàng bán vẫn chưa được kiểm duyệt chất lượng, nhiều shop còn bán hàng kém chất lượng k đúng với mô tả",4,Sendo,22,FALSE,,,,
P H,"1- các đầu sách và sản phẩm khác chưa thật sự đa dạng, giá còn cao (khó cạnh tranh với sàn khác), ít mã khuyến mãi có thể áp dụng. 2- giao diện kết quả tìm kiếm trải dài 1 cột như vậy hơi khó nhìn được tổng quan. 3- rất hi vọng các sàn thương mại điện tử của việt nam như tiki, sendo.. sẽ phát triển hơn nữa ❤️",4,Tiki,71,FALSE,,,,
Hien Lam,"máy êm, mạnh, mới vừ test xong",4,Tiki,7,FALSE,,,,
Uyển nhi Lý,mìmh nghĩ nên back lại mã 100/200 và 50/120,4,Lazada,9,FALSE,,,,
thang Nguyenminh,"giờ k biết đặt hàng do bắt có tài khoản ngân hàng trong khi mình trên núi, 😭😭😭😭",4,Sendo,18,FALSE,,,,
Sang Nguyễn,"hệ thống không hoàn chỉnh lắm, vẫn còn những quảng cáo thiếu sự minh bạch.khau trả hàng hoàn tiền quá khó khăn ,",4,Shopee,23,FALSE,,,,
Doanh Tran,tôi mua nhiều hàng trên sen đo rồi nhưng chỉ hai ba lần hủy đơn hàng bây giờ không thể mua hàng theo hình thức nhận hàng trả tiền được. hệ thống bắt mua hàng thành công một lần bằng phương thức chuyển tiền qua tài khoản. khoản này tõi không biết làm. bó tay !!! mong hệ thống kích hoạt lại cách mua cũ.,4,Sendo,65,FALSE,,,,
Tu Lamminhtu,tạm được do có nhiều măt hàng ko đạt,4,Sendo,9,FALSE,,,,
dung hoang,chưa bt thế nào nhưng cũng tạm,4,Tiki,7,FALSE,,,,
Khoa Trần Đăng,"app hoàn thiện nhất trong các app mua sắm trực tuyến. giao diện đơn giản, đep, khác với lazada hay shopee, đó là điểm cộng cũng là điểm trừ vì nó làm thay đổi thói quen của mình, trước mình dùng 2 app lazada và shopee thấy giao diện có nhiều điểm chung, nên thấy 2 app này dễ dùng hơn.",4,Tiki,61,FALSE,,,,
Nguyen Manh Khang - Private Only,"tiki ơi! làm nhẹ phần livestream lại, update mà xem live có vẻ load chậm hơn",4,Tiki,16,FALSE,,,,
Kate Tran,ứng dụng dễ mua hàng. dễ lựa chọn,4,Sendo,8,FALSE,,,,
Tuyet Nguyen,ok tải hoài ko vô dc,4,Sendo,6,FALSE,,,,
Trungtien Le,ok tốt,4,Tiki,2,FALSE,,,,
Huyen son Hoang tran,tải về không vào được,4,Tiki,5,FALSE,,,,
THANH LÂM ĐỖ,gmail sdt new mà bị đánh thành gian lận tiếng thưởng lúc đầu k đanh mà tk hoạt động 3 4 tháng công tình mót đc 70k mấy xu vừa đặt hàng cái khoá ác ngta ác dữ thần z. tội nghiệp! ngta vs chứ,4,Shopee,45,FALSE,,,,
Le Ut,hài lồng,4,Sendo,2,FALSE,,,,
Do Phan,cũng đc nhưng có những món hàng chọn mua ko đc..,4,Lazada,11,FALSE,,,,
Bảo Trần Gia,"phí ship gấp nhiều lần tiền hàng . cùng sản phẩm bên shoppi giá rẻ hơn nhiều, mà nhiều mặt hàng từ nước ngoài còn miễn phí ship mặc dù tiền hàng chỉ hơn 10.000",4,Lazada,35,FALSE,,,,
Tuấn Tran,u y ù iy ô huýt êê â ủy ô i ở ưu iii â qru ́ ý ê,4,Sendo,19,FALSE,,,,
Quốc A,tôi tin tưởng nha mấy anh shipper,4,Shopee,7,FALSE,,,,
Duy Triệu,như b,4,Lazada,2,FALSE,,,,
Hoài Anh Nguyễn,thông tin về sản phẩm còn sơ sài,4,Tiki,8,FALSE,,,,
Đinh Lq,"có nhiều mặt hàng treo đầu dê bán thịt cày quá(giày,điện thoại....)cần loại bớt!",4,Shopee,14,FALSE,,,,
Đấu Lương,doi lúc giao hàng không đúng như với thieu,4,Sendo,9,FALSE,,,,
Tên Gì Cũng Được,bữa giờ m vào mục sách thì nó đều hiển thị ko tìm thấy kết quả,4,Tiki,16,FALSE,,,,
Minh Lamngoc,"có thể tìm hiểu, tham khảo thông tin tất cả các sản phẩm hàng hoá mình có nhu cầu.",4,Sendo,19,FALSE,,,,
Yến Thu,lâu lâu giá mắc,4,Lazada,4,FALSE,,,,
Dũng Phạm,t chưa dùng nhưng nghĩ là sẽ tốt,4,Tiki,8,FALSE,,,,
Nguyệt Dương Ánh,dở tệ,4,Tiki,2,FALSE,,,,
Công Hữu Dương,hơi lác,4,Shopee,2,FALSE,,,,
Hơn Nguyễn,ahihi,4,Tiki,1,FALSE,,,,
quyên đoàn,"lỗi tùm lum, chậm nữa, bị lỗi ko đặt được, lúc hết lỗi thì hết hàng, đợi lâu lắm rồi giờ lại thành công cốc, rất bực luôn ấy 😒",4,Shopee,30,FALSE,,,,
Hương Dương Thị Thu,giao gần tết chậm chờ gần 2 tháng mới về,4,Shopee,10,FALSE,,,,
Vienbmt81 Hoai,tạm tạm mong app hỗ trợ nhiều hơn,4,Lazada,8,FALSE,,,,
Long Nguyen,tiện lợi nhanh chóng,4,Shopee,4,FALSE,,,,
Lâm Ngọc,rồi mắc j mất cái mục hội nhóm trong game chơi gạo rồi,4,Lazada,13,FALSE,,,,
Magic Mr,tuyệt vời giao hàng chỉ có 2h tôi không biết tại sao làm được như vậy nhưng chỉ có 1 từ để miêu tả thôi đỉnh của đỉnh,4,Tiki,28,FALSE,,,,
Vân Phạm,"sàn này thua các sàn khác ở chỗ ""hình ảnh thực tế từ kh quá ít"". nhưng nếu mua các sản phẩm như mỹ phẩm hay thực phẩm chức năng từ mall thì đảm bảo yên tâm nhé",4,Tiki,38,FALSE,,,,
Hải Trần,không vào tài khoản được,4,Shopee,5,FALSE,,,,
Nguyễn Mai,chap nhan hai long,4,Sendo,4,FALSE,,,,
Vũ Nguyễn Đình,tôi dùng nhiều rồi nhưng thấy vẫn bình thường,4,Sendo,9,FALSE,,,,
Trung Phan,chx dùng nên 1sao tốt 5 sao,4,Lazada,7,FALSE,,,,
Xuân Trần Thị,ứng dụng rất ok nhưng còn vài cửa hàng còn ảo,4,Lazada,11,FALSE,,,,
Thu Anh,hàng hơi nhiều lừa đảo í,4,Shopee,6,FALSE,,,,
Thiện Nguyễn,các sản phẩm bên senđo toi rất hài lòng. chất lượng thì cũng ok .chất lượng phục vụ cho khách hang rất ok.,4,Sendo,23,FALSE,,,,
Đức Thịnh Hoàng,c thu wumbđut yycăêâ e ươiitưky,4,Lazada,6,FALSE,,,,
Duy anh Cồ,đang chơi thì quảng cáo ít thôi đc ko,4,Shopee,9,FALSE,,,,
Huyền Lê,khá hài lòng với những sp đã mua,4,Tiki,8,FALSE,,,,
Duy Anh Nguyen,"xử lý lỗi giao sai hàng, hoàn tiền còn chậm. mình bị giao sai hàng và yêu cầu đổi trả hoặc hoàn tiền nhưng giải quyết hơn một tháng sau khi trả hàng mới hoàn tiền.",4,Sendo,36,FALSE,,,,
Tọt Đinh,tuyệt vời ạ,4,Sendo,3,FALSE,,,,
Hong quan Lam,có 1 số mặt hàng nhà cung cấp sản phẩm ko chất lượng theo quảng cáo,4,Sendo,16,FALSE,,,,
Thị Doan Bùi,ảo,4,Sendo,1,FALSE,,,,
Ngọc Trúc Nguyễn Ngọc Trúc,hiệu quả nhanh gọn,4,Lazada,4,FALSE,,,,
Hoàng Nguyễn,giao hàng hơi lâu,4,Shopee,4,FALSE,,,,
ngoc tan,rất hữu ít cho khách hàng,4,Sendo,6,FALSE,,,,
Thu Huyên Hoàng,app rất tốt nhưng giáo hàng hơi chậm.,4,Sendo,8,FALSE,,,,
van hoai,tai nhanh,4,Tiki,2,FALSE,,,,
Chương Vũ,ko p vv bơm lo bbc nh m em ở mĩ bank b và p lo lo llpn vn,4,Lazada,19,FALSE,,,,
hung vinh,tạm,4,Sendo,1,FALSE,,,,
Yhh Gh,mẹ mày làm ăn quảng cáo hoài đậu xanh đỏ,4,Sendo,10,FALSE,,,,
Bao Nguyen,n8nnn!nên một hỏi: 0,4,Sendo,4,FALSE,,,,
Linh Nguyễn,giúp chúng ta có thể mua đồ,4,Lazada,7,FALSE,,,,
minh huế,"giao diện hơi rối chút. ít mã giảm giá, hàng chất lượng, thời gian dự kiến giao hàng rất lâu.",4,Tiki,20,TRUE,,,,
khải vũ,đôi lúc trả hàng khó kkkkkkkk,4,Shopee,6,TRUE,,,,
K V Đ,cỡ chữ trong app nhỏ quá khó đọc tuyệt vời hơn nếu cỡ chữ trong app điều chỉnh to nhỏ được như ở zalo,4,Sendo,24,TRUE,,,,
K V Đ,cỡ chữ trong app nhỏ quá khó đọc tuyệt vời hơn nếu cỡ chữ trong app điều chỉnh to nhỏ được như ở zalo,4,Tiki,24,TRUE,,,,
Ly Lường,"lazada mà có nhiều mã giảm giá frs như shoppe thì tuyệt vời, bên lzd nhiều mã giảm giá hơn muốn mua nhưng ship đắt",4,Lazada,25,TRUE,,,,
Văn Khương Lâm,❣️💯,4,Shopee,1,TRUE,,,,
Niem Vu,👍👍,4,Tiki,1,TRUE,,,,
Thông Văn,", v",4,Lazada,2,TRUE,,,,
Văn dung Lo,tôi không thích nhập số điện thoại mà nhập thì nó cũng ko đc,4,Shopee,14,TRUE,,,,
đạt Nguyễn,"thấy sendo cũng khá 👌, từ năm 2020 mua được điện thoại vsmart live giá 3.204.000vnđ để dùng khi đã áp mã giảm giá vô khi đặt mua sản phẩm,chụp ảnh thấy trung bình khá thôi chứ k đẹp & rõ nét(khi phóng to hình),chơi liên quân= wifi thấy mượt fps 59-60-61 liên tục k lag,còn mấy game như free fire hay pubg... chưa chơi thử nên không biết 😃 từ 2021-22 mình cũng ít truy cập #sendo &mua hàng vì ít sản phẩm hơn các sàn khác & không có livetream giới thiệu mua hàng như lazlive & shopeelive &ship cao!",4,Sendo,102,TRUE,,,,
Nguyễn Van Trung Nguyễn,tốt 👍👍,4,Lazada,2,TRUE,,,,
Như Ngọc Ngô Thị,tui cho bốn sao vì khi tải về rất lâu 🤬🤬🤬🤬🤬🤬🤬🤬🤬,4,Tiki,11,TRUE,,,,
Dương Long Phụng,tốt 👍,4,Tiki,2,TRUE,,,,
Niên Lê,hay nếu có thêm mã giảm giá 50% người mới như shoppe nx thì quá ok luôn,4,Lazada,17,TRUE,,,,
Tuy Dam,okkkkkk,4,Sendo,1,TRUE,,,,
Nam Dao van,tốt có nhiều mã giảm giá hơn shop khác nhưng giao hàng hơi chậm cần phải nhanh hơn nữa núc trước nhanh bây giờ chậm qua,4,Shopee,26,TRUE,,,,
Em Phạm Văn,bbbbbbbb . market ing,4,Lazada,4,TRUE,,,,
Nhật Quang (Nhâtk),"mặc dù về cơ chế xu k đc tốt, nhưng thôi không sao thi thoảng đc pee tặng mã giảm giá cũng ngon lành r _________________update. shope giảm xu điểm danh hàng ngày r, tôi chán quá k muốn vào app luôn",4,Shopee,42,TRUE,,,,
deplung chai,nếu mua hàng cần liên hệ shop thì phải làm sao ạ,4,Sendo,12,TRUE,,,,
Ta Mi,😊,4,Tiki,1,TRUE,,,,
VK Channel,🤭,4,Tiki,1,TRUE,,,,
Thiện Chí,❤️,4,Tiki,1,TRUE,,,,
Huy Tran,ok.....tốt,4,Shopee,1,TRUE,,,,
Thúy Thanh,cũng cũng^^,4,Shopee,2,TRUE,,,,
minh chinh luc,ok...,4,Sendo,1,TRUE,,,,
Cẩm Tiên Trần,"có một số gian hàng bán về kết nối không được nhắn tin shop không trả lời gì hết đến nay 2 năm trời không có hồi âm gì hết, lazada phải có biện pháp với các shop này,mua bộ sound card p300 về không xài được gì hết",4,Lazada,49,TRUE,,,,
đầy phạm văn,dac.hang.du.ma.chet.quancao.sao.lon.dac.hang .20.ng.nay.o.thay..gau.hang.cat.lo.khi.du.tu.hinh.chet.tuiet.,4,Sendo,2,TRUE,,,,
Phuong Hieu,ôkê ....😊😊😊😊,4,Sendo,2,TRUE,,,,
Toan Vi,chuẩn 👌,4,Shopee,2,TRUE,,,,
Thắng Nguyễn Văn,phần giao diện khi áp mã giảm giá để màu trắng rất chói và khó nhìn mong admin khác phục,4,Sendo,20,TRUE,,,,
Phan Nguyễn,cũng ổn...,4,Sendo,2,TRUE,,,,
Phong Lê,bb!ô bl,4,Sendo,2,TRUE,,,,
Go Hu,tuyệt !,4,Sendo,2,TRUE,,,,
Ngọc Yến,"hông hiểu sau luôn á , nói là mã miễn phí vận chuyển đến 20k cho đơn từ 0đ mà bấm vô mua hàng nó nói là không hợp lệmik có gửi đóng góp cho sendo , hôm sau mik ko thấu có j mik mới hỏi trợ lý ảo là có nhân viên phụ vụ khách hàng ko nó vẫn hiện ra cái chữ góp ý cho sendo để có thể hỗ trợ bn thôi thì xóa luôn chứ bt làm sao bây giờ haizzzzzz........mọi người mua hàng càng nhiều phí càng cao nha , mấy bn dùng mã giảm giá nó chỉ giảm được vài ngàn thôi nha , nói chung hơi thất vọng khi mới dùng á ..",4,Sendo,121,TRUE,,,,
Duy Chính,", đểu",4,Shopee,2,TRUE,,,,
sơn đinh,🍏,4,Tiki,1,TRUE,,,,
Thu Lê,gần tốt.,4,Sendo,2,TRUE,,,,
Trâm Băng,khi tôi đăng nhập bằng số điện thoại thì ko đăng nhập được,4,Shopee,13,TRUE,,,,
Duy Nhật Đỗ,"nên cho người mua bt ai là người giao hàng để cs j nta còn bt chứ,lỡ đâu nta đi đâu mà k nghe máy đc thì còn cs cái mà liên hệ lại",4,Shopee,34,TRUE,,,,
Huong Ngyuyencong,k sử dụng dc nhiều sđt,4,Shopee,6,TRUE,,,,
Phan Bá Thành,"mình rất thích tiki, nhưng app bị lỗi nhiều quá , mua hàng cứ phải click vào sp thì bị báo lỗi trang bạn tìm không tồn tại, phải tải lại 3 4 lần mới được, thậm chí báo lỗi ngay từ khi đăng nhập , failed to connect to app.tiki.vn....... hy vọng tiki khắc phục sớm điều này để khách hàng không phải đi qua trang khác, cảm ơn tiki",4,Tiki,71,TRUE,,,,
Tình Phạm,"sau rfffrtrrrw,2",4,Sendo,2,TRUE,,,,
Duy Lequoc,ok! tks!,4,Lazada,2,TRUE,,,,
Thành Nguyễn,dùng được...,4,Tiki,2,TRUE,,,,
HIEU XI KE,ok!,4,Tiki,1,TRUE,,,,
Thành Duy,vô lấy mã giảm giá đi mn,4,Tiki,7,TRUE,,,,
Kim Anh,"anh lười đánh giá quá các cn vk ạ,8/10. anh yêu mã giảm giá và mega sale dù nghèo.",4,Shopee,19,TRUE,,,,
Hop Duc,",zz1",4,Sendo,1,TRUE,,,,
Vũ Trọng Nhân (VTN Vloger),"mọi người than chậm hàng làm gì, trong khi toàn mua có mã giảm giá, free ship, lương shiper thì thấp nên mới giao chậm, thử trả lương cao xem, còn muốn nhanh thì đặt từ trước 15 tháng 1, săn sale 2/2 cho đã rồi than, t cũng bị chậm đây, nhưng mà nghèo đel có tiền đi mua trực tiếp nên phải chịu",4,Shopee,65,TRUE,,,,
Vannghi Chung,thấy thanh toán được bằng zalo pay nhưng khi mua hàng thì chỉ được thanh toán bằng ví moca là sao?,4,Tiki,21,TRUE,,,,
Anh Nguyên,"shop mua đồ uy tín chỉ có tôi k có tài khoản vì ở nam du k làm thẻ atm đc , tôi bấm vào thanh toán k đc , phải là liên hệ với tài khoản thê là k mua đc gì ,mong shop cho vào mua đồ de hơn chút",4,Sendo,52,TRUE,,,,
Văn Thương Nhớ (Yêu ca nhạc),ok 👌👌👌👌👌👌👌👌,4,Sendo,2,TRUE,,,,
Huệ Trần,bán nhiều mặt hàng nhưng ship cao quá cũng ít mã giảm giá,4,Lazada,13,TRUE,,,,
Cương Nguyễn Anh,🙂,4,Tiki,1,TRUE,,,,
Huệ Tran,❤️❤️❤️,4,Sendo,1,TRUE,,,,
Thanh Lai Đinh,😀,4,Lazada,1,TRUE,,,,
Trần Thảo (Thảo Adam),"hàng chất lượng, nhân viên tư vấn nhiệt tình nhưng ít mã giảm giá",4,Tiki,14,TRUE,,,,
Hương Quách,mong shopee hãy để sđt của shipper để biết ai giao hàng vs tình trạng hàng mk đã chuẩn bị giao tới gần nhà chưa,4,Shopee,25,TRUE,,,,
Giap Hoang,0 🥲🤣,4,Shopee,2,TRUE,,,,
Vo ngoc hien Hien,nói chúng ứng dụng này của dc ko giao trê okkkkkkkkkkkkkkkk,4,Sendo,11,TRUE,,,,
nơi tụ hợp sự cô đơn (mún có ny),❤❤,4,Sendo,1,TRUE,,,,
Loc Dau Xuan,9.cj &,4,Sendo,2,TRUE,,,,
NGUYỄN PHƯƠNG TOÀN (Official),mua sắm còn hạn chế tìm kiếm khó giao hàng chậm phí giá hàng còn quá cao ít khuyến mại,4,Tiki,20,TRUE,,,,
Ngọc Oanh Lê Thị,"tiki thông báo tôi bị khoá tài khoản vì vi phạm chính sách gì đó, mà không hề có bất kỳ thông báo gì, chỉ tới khi nhấn giao hàng mới thông báo vài dòng sơ sài. chỉ đến khi tôi đi hỏi cskh mới nhận được 1 câu là do lạm dụng mã khuyến mãi. lạm dụng mã khuyến mãi là lạm dụng như thế nào? mã khuyến mãi đặt ra không xài chẳng lẽ để trưng cho đẹp? trải nghiệm người dùng không tốt nên tôi đã quyết định xoá app. ‐---------------------------------------------- tiki đã trả lời và xử lý vụ khóa hợp lý.",4,Tiki,105,TRUE,,,,
Ngọc Tân Nguyễn Văn,tích cực..,4,Sendo,2,TRUE,,,,
Phương Trần,tốt👍👍👍👍👍,4,Tiki,1,TRUE,,,,
Đông Nguyễn,tương đối đa dạng sản phẩm để thu hút khách hàng khuyến mại thường xuyên ok,4,Sendo,16,TRUE,,,,
Tâm Nguyễn Minh,".................................................................................................................................................... ......................................................................................................................................,,,,,,,,................,..,.,.,,.,..,.,.,.,.,..,,..,.,.,,.,.,..,..,.,,.,..,.,.,..,.,.,.,.,,..,.,.,,..,.,.,.,..,.,.,,..,,.,..,.,.,,..,.,..,,..,.,..,.,.,..,,..,.,.,.,.,.,..,,.,.,.,.,,.,..,.,.,..,,..,,.,..,..,.,,..,..,,",4,Tiki,2,TRUE,,,,
IdōShi Ginga,tuyệt....,4,Sendo,1,TRUE,,,,
Dương Nguyễn,ít mã giảm giá từ 0₫ đến 50k quớ,4,Shopee,9,TRUE,,,,
Huong Nguyen,"shopee là nơi mua sắm thường xuyên của mình, mà sao gần 2 thág nay mình ko lưu được mã giảm giá trước ngày sale như sắp tới 3/3, đăg xuất rồi đăg nhập lại mà vẫn ko đc, bấm lưu mã thì cứ hiện lên"" rất tiếc bạn chưa đủ đk để sử dụng voucher này"" mã lưu trước dùg sau vào nhữg dịp sale ngày đôi, 15,25 hàg thág là ai cũg lưu đc mà. xin shopee giải đáp cho mìh với ???",4,Shopee,85,TRUE,,,,
Hồ Bích,10₫,4,Shopee,1,TRUE,,,,
tn,1 sao nữa khi shopee cho xem sđt tên shipper khi giao hàng,4,Shopee,13,TRUE,,,,
Nguyễn Văn Bắc Nguyễn,ok cảm ơn sendo,5,Sendo,4,FALSE,,,,
Tuấn Minh THCS An Lạc Trịnh,tai nhanh,5,Shopee,2,FALSE,,,,
Mùa Lê,sản phẩm dùng rất tốt,5,Shopee,5,FALSE,,,,
Hồng Hải Phạm,"hỗ trợ tốt, sale nhiều nên hỗ trợ chậm",5,Tiki,9,FALSE,,,,
Bui Thi Tan,chất lượng tuyệt vời,5,Tiki,4,FALSE,,,,
Bile Vienmo,ok luoin,5,Shopee,2,FALSE,,,,
Binh Tran,tiki cáy gì cug có,5,Tiki,5,FALSE,,,,
phuong tran xuan,vô cùng hữu ích,5,Shopee,4,FALSE,,,,
Anh Duya,tất nhiên là phải 5 sao rồi,5,Shopee,7,FALSE,,,,
ông Huy vlog,shoppe gì cũng có,5,Shopee,4,FALSE,,,,
Hòa Nguyễn,"trải nghiệm tuyệt vời, giá cả mặt hàng phải chăng",5,Sendo,10,FALSE,,,,
Nghi Nguyen,"hàng hóa đa dạng,giá bán chấp nhận được",5,Sendo,8,FALSE,,,,
Hanh Nguyen,"shop rất uy tính nên không cần lo nha, shop giao hàng rất nhanh tôi rất yêu thích shop",5,Lazada,19,FALSE,,,,
Phuongplus001100 Plus,đẳng cấp,5,Sendo,2,FALSE,,,,
Trần Diệp Nguyên,happy new year 2022.🎉🎍🎇.!.. ok,5,Tiki,5,FALSE,,,,
Vu Nguyen,"tốt,nhưng phí giao hàng cần cạnh tranh hơn nữa",5,Tiki,9,FALSE,,,,
TuXeDo 9889,great,5,Sendo,1,FALSE,,,,
Ơi này cậu,"lazada ơi, sao em bên app khác mà lúc có qc của lazada thì em chưa chạm vào màn hình là đã tự nhảy vào app lazada roiii 🥹 đt em dởm roi mà bị v lag lắm ạ",5,Lazada,39,FALSE,,,,
Chien Le,tốt mua gì được đó...trừ trường hợp mình chê nó.,5,Sendo,10,FALSE,,,,
Tuananh Vo,app tốt nha!.,5,Lazada,3,FALSE,,,,
Kieu Nguyen,ứng dụng hữu ichd,5,Lazada,4,FALSE,,,,
Ho kim chi,hợp tác tốt á hợp với da khô mụn,5,Tiki,9,FALSE,,,,
Thùy Nguyễn thị,tôi thấy rất hài lòng về ứng dụng mua sắm này,5,Tiki,11,FALSE,,,,
Tai Le Thanh,mua hàng giá rất tốt nếu biết canh sale,5,Shopee,9,FALSE,,,,
De Luc,tiki mua gì cũng có,5,Tiki,5,FALSE,,,,
Lan Nguyễn,giao hag nhanh,5,Tiki,3,FALSE,,,,
Yến Hoang,ứng dụng tốt đánh giá cho 5sao app,5,Sendo,8,FALSE,,,,
Mac Y,rất ok 😉,5,Lazada,3,FALSE,,,,
tân võ,rất có lọi cho nguòi tiêu dung,5,Sendo,7,FALSE,,,,
Huynh Tran Tran,tiki bảo vệ khách tốt hơn bên shopee nhiều . cảm ơn tiki ạ 😘,5,Tiki,15,FALSE,,,,
Hong Lo,giá rẻ giao hàng nhanh ok duyệt😊,5,Lazada,7,FALSE,,,,
Thủy Kim,cảm thấy ok,5,Shopee,3,FALSE,,,,
Tinh Le,sai duoc,5,Lazada,2,FALSE,,,,
Bách Đỗ,mua hàng trực tuyến,5,Lazada,4,FALSE,,,,
Hân Nguyễn,tuyệt vời 😳,5,Lazada,3,FALSE,,,,
phuc vo,lúc trước thì không đáng để tin cậy bạn tôi đã bị dính bẫy của bọn lừa đảo. nhưng bây giờ shopee là nơi tôi đáng tin tưởng nhất. sản phẩm tôi nhận có sự cố hư hỏng gì là đổi trả được ngay. cảm ơn shopee,5,Shopee,47,FALSE,,,,
WEB: VayTotNhat.C0M,"gần tết vô đúng trang mình, vay có ngay. sao dạo này giao hàng quá lâu,có đôi dép shop ở sài gòn mà 5 ngày chưa thấy đâu,đã vậy hủy giao không báo khách ( khách báo hẹn sau mặc dù có ai gọi đâu) xưa nay xài ok chứ giờ quá chán xóa app qua app khác xài.cho 1 sao.😡😡😡😡",5,Lazada,61,FALSE,,,,
Thúy là Phan thị,app rất ok mà giá rất rẻ hàng chất lượng 👌,5,Tiki,11,FALSE,,,,
Lexuan Le,đa dạng hàng hoá,5,Sendo,4,FALSE,,,,
Thuong Van,hài lòng,5,Tiki,2,FALSE,,,,
Quy Tran,hàng rất tôt,5,Sendo,3,FALSE,,,,
Đỗ Bình Sơn,"ủng hộ thương hiệu việt nam. mình mua mấy món thì lại giao nhanh bất ngờ (vd đèn xe hà nội thì 3 ngày, may mang đủ tiền, nhớt tphcm cũng 3 ngày mà giao luôn chủ nhật). hiện tại đang đặt mấy món thì lại thấy chậm hơn vì kiểm tra vẫn chưa thấy chuyển nhưng so với thời gian dự giao thì chắc chắn là dư nhiều. hàng thì ok nhưng có điều sendo k cho kiểm tra hàng là sao k biết",5,Sendo,85,FALSE,,,,
Minh anh Nguyễn,như cc giao hàng chậm,5,Tiki,5,FALSE,,,,
Son Duong,app tốt hàng thật,5,Tiki,4,FALSE,,,,
La Tran,rất rõ ràng và nhanh lẹ,5,Lazada,6,FALSE,,,,
Càng Long Huynh,"giáo hàng nhanh, sản phẩm đúng mô tả",5,Lazada,8,FALSE,,,,
Anh Long Lò,chất lượng cao 😍,5,Lazada,4,FALSE,,,,
Lap Nguyen,rất hữu ích và tiện lợi.cảm ơn shopping nhiều. o,5,Shopee,10,FALSE,,,,
Lien,nhanh chuản,5,Shopee,2,FALSE,,,,
Quốc Anh Lê,tôi đặt shopee được,5,Shopee,4,FALSE,,,,
Vinh Nguyen,đã mua sử dụng cho người già rồi.nay mua lại,5,Lazada,10,FALSE,,,,
Viet Hoang Quoc,rất tin tưởng,5,Tiki,3,FALSE,,,,
Như tâm Bùi thị,"hàng rẻ,giao nhanh đúng hẹn",5,Shopee,5,FALSE,,,,
Drew Roy,thời gian giao hàng hơi lâu nên cải thiện điều này. nên cho thêm nhiều trò chơi hay nhiệm vụ kiếm lazada reward hơn. cho 5 sao khích lệ,5,Lazada,29,FALSE,,,,
Tan Nguyen,"tốt , rất hài lòng với những mặt hàng đã mua gần đây",5,Lazada,13,FALSE,,,,
Kiem Thị,tuyệt vời 👍 mong shopee cho tôi nhiều mã nhé chứ tui nghèo khó khăn🤣,5,Shopee,15,FALSE,,,,
LG TV,"mua hàng tiện lợi, thanh toán đa dạng, dễ sử dụng ứng dụng, nhân viên giao hang bên lex vn thân thiện",5,Lazada,22,FALSE,,,,
Dần Ông,"mùa hàng trên shopee khách hàng ăn tâm, vỳ có thể đổi trả hàng lúc hàng không đảm bảo chất lượng!",5,Shopee,21,FALSE,,,,
Mung Thai Quang,mua hàng và thanh toán tiện lợi,5,Sendo,7,FALSE,,,,
An DaoMai,tiki giao hàng đúng hạn. sách đẹp thích hợp cho bé tầm 3 tuổi nếu muốn hiểu nội dung.,5,Tiki,19,FALSE,,,,
Nguyễn Tuấn Minh,zo bo mimmmm,5,Tiki,3,FALSE,,,,
thành long nguyễn,rất là ok và nhanh chóng gọn lẹ lẹ,5,Tiki,9,FALSE,,,,
Phượng Lê,rất nhiều tiệm ích,5,Shopee,4,FALSE,,,,
Dính Hỷ Vầy,mình nhờ tiki hủy giùm 4 đơn hàng trong thời gian mình bị cách ly tại trung tâm y tế.vì mình không nhận được vì nhiễm bệnh. sau này mình khỏi bệnh đặc đơn hàng lại cho shop tiki nha,5,Tiki,40,FALSE,,,,
Yoko Kem,đồ rẻ vaizzz,5,Shopee,3,FALSE,,,,
Vi Van Doan,đặt hàng 3lần khá ok,5,Tiki,5,FALSE,,,,
Quan Pham,mọi thứ đều ok,5,Lazada,4,FALSE,,,,
Hoa Nguyen,rất hài lòng về sản phẩm,5,Sendo,6,FALSE,,,,
Trong Hieu,ứng dụng rât ok,5,Shopee,4,FALSE,,,,
Thị mò Vàng,"tuyệt vời, dùng thích hơn cả tiktok nữa, free ship",5,Shopee,10,FALSE,,,,
tan Nguyen,chú ý... ko giao dịch bằng tiền mặt... ai không thẻ khỏi mua,5,Sendo,13,FALSE,,,,
đinh văn nhơn,hien tai rat tot,5,Sendo,4,FALSE,,,,
Người dùng Google,chưa mua thử nên chưa biết,5,Sendo,6,FALSE,,,,
Thị Quỳnh Đan Huỳnh,"giá tốt, tư vấn nhiệt tình",5,Tiki,6,FALSE,,,,
TranThi Lan,khá ưng ý :>,5,Tiki,4,FALSE,,,,
Chau Kim,"co nhieu loi ich, tiet kiem duoc chi phi va rat da dang san pham . rat phu hop voi thoi diem dich benh dang bung phat nen tao tinh an toan cho khach hang.",5,Sendo,35,FALSE,,,,
Nhat Nguyen,siêu rẻ hiểu quả khách hài lòng sản phẩm sendo giới thiệu khi mua hàng,5,Sendo,15,FALSE,,,,
Trang web: VAY9. COM,giờ vay 0 lãi thì vào vay9 . c0m đấy các bạn,5,Lazada,12,FALSE,,,,
Trang Linh,giao hàng nhanh tiện lợi cho việc sử dụng,5,Tiki,9,FALSE,,,,
Anh Tuấn,ứng dụng rất tiện lợi,5,Shopee,5,FALSE,,,,
Huy Pham,làm việc chuyên nghiệp!,5,Lazada,4,FALSE,,,,
Lục Vạn Bát,very good,5,Sendo,2,FALSE,,,,
hafele adoff,goods is very well,5,Shopee,4,FALSE,,,,
Nam Nguyễn,trải nghiệm thấy ok,5,Shopee,4,FALSE,,,,
Trần Thế Vinh,giá luôn tốt,5,Lazada,3,FALSE,,,,
Thạch Lương,",vg .do mình không biết 4.",5,Sendo,6,FALSE,,,,
baokhanh baokhanh,tốt,5,Tiki,1,FALSE,,,,
truc phan,hài lòng về dịch vụ giao hàng,5,Sendo,7,FALSE,,,,
hue nguyen,tốt. giá hợp lý,5,Lazada,4,FALSE,,,,
xuaan th,ứng dụng mua hàng chất lượng,5,Shopee,6,FALSE,,,,
Tô Khôi (TK),shopee săn sale rất tốt và nhiều mã ngon,5,Shopee,9,FALSE,,,,
An,dịch vụ giao hàng và các sản phẩm gia dụng tốt giá hợp lý.,5,Lazada,14,FALSE,,,,
Store Sóc Moon Choice in,"đk vip voucher ko đc nhiu, thêm acc cũ thua thiệt acc mới hơi vô lý",5,Shopee,16,FALSE,,,,
Ly Tran,"ứng dụng hay, mua sắm tiện",5,Sendo,6,FALSE,,,,
Thạch Phan ngọc,tuyệt vời lắm nha,5,Sendo,4,FALSE,,,,
Nam Vu,tốt uy tín,5,Shopee,3,FALSE,,,,
Tien Dinh,appp sài được lắm ae nên sài để mua sắm nhaaa🥰,5,Lazada,11,FALSE,,,,
Ngo Vinh,ngon,5,Sendo,1,FALSE,,,,
Sanh nguyễn,hay rất tiện lợi cho người dân,5,Sendo,7,FALSE,,,,
Oanh Le,dễ sài,5,Lazada,2,FALSE,,,,
Ai Dothi,tuỵttt,5,Sendo,1,FALSE,,,,
Sinh Vũ,toi muốn mua hàng ở tiki sao không được,5,Tiki,9,FALSE,,,,
Tam Tang,mình đổi địa chỉ chung cư khánh hội 1 phường 1 quận 4 đường bến vân đồn,5,Lazada,17,FALSE,,,,
Tran Binh,ôn tập b1,5,Sendo,3,FALSE,,,,
Dương Lê,hangg tiki chất lượng. giao hàng nhanh,5,Tiki,7,FALSE,,,,
Dạ Thảo nì,tốt ko,5,Shopee,2,FALSE,,,,
Nguyenanh Quan,từ lúc sài lazada từ đó bỏ shoppe lun:),5,Lazada,9,FALSE,,,,
coi nguyet,sản phẩm tôt,5,Shopee,3,FALSE,,,,
Trang web: VayTotNhat.C0M,"app hữu ích nên dùng, hiện vay vào 𝐕𝐚𝐲𝐓𝐨𝐭𝐍𝐡𝐚𝐭 được tới 9tr840 với người mới được miễn trong 9 tháng, phí chắc tầm 160k nên ai cần vào ngay, số lượng có han. mà về app này, nhập về lalo",5,Lazada,40,FALSE,,,,
Quoc Huynh,ok.giao hang nhanh.,5,Lazada,3,FALSE,,,,
yến Đào,rẻ lắm,5,Sendo,2,FALSE,,,,
Chinh Phantrong,"tuyệt, nhưng vẫn có vài hạt sạn làm ăn gian dối, gạt khách hàng, mất uy tín",5,Lazada,17,FALSE,,,,
Quang Nguyen,"cà-phê 79 rất hợp với khẩu vị dân lao động thấp, cảm ơn shop rất nhiều",5,Lazada,16,FALSE,,,,
Mận Vi,okkk,5,Sendo,1,FALSE,,,,
my hothihoa,"tiki phục vụ tốt, chất lượng cao, giá rẻ.",5,Tiki,9,FALSE,,,,
Thuan volgs,that tuyet voi hon ca tuyet voi.,5,Sendo,7,FALSE,,,,
Lâm Lại,tôi rất thích😍😍😍🤩🤩🤩,5,Tiki,3,FALSE,,,,
Mai Le quynh,okie chất lượng uy tín,5,Lazada,5,FALSE,,,,
Phương Phạm,vừa mua 1 sản phẩm vẫn cho 5 sao,5,Sendo,9,FALSE,,,,
Phong Tran,hàng loạt bán rất đẹp tôi cho 💯 điểm,5,Lazada,9,FALSE,,,,
Dung Lương,"♥️ hàng chuyển nhanh,dùng rất ok",5,Tiki,6,FALSE,,,,
Mễ Hoa Bạo,ti ki anh jack cũng có,5,Tiki,6,FALSE,,,,
Thủy Nguyễn,xuất sắc lắm tiki ơiii❤🙆💯,5,Tiki,5,FALSE,,,,
Ducthinh Do,tôi cho 5 sao không phải là vì tôi hài lòng với lazada chỉ là vì không muốn làm ảnh hưởng tới ứng dụng này trải nghiệm mua hàng ở đây rất kì lạ tôi có đặt 2 đơn mô hình đồ chơi hàng giao rất chậm quá ngày dự kiến tôi vẫn kiên nhẫn chờ đợi nhưng cả 2 đơn hàng của tôi đều bị lazada hủy do giao quá hạn có thể giao tiếp được mà tôi đã phải chờ đợi tận 2 tuần và rồi thất vọng tin tôi đi trải nghiệm đấy vô cùng khó chịu tôi đăng bài lên cũng chỉ là để mọi người tham khảo chứ cũng không có ý chê bai,5,Lazada,119,FALSE,,,,
Sam Tran Van,giá hạt dẻ nên tải app,5,Sendo,6,FALSE,,,,
Hương Mai,"đặt rất nhanh, gọn lẹ.",5,Shopee,5,FALSE,,,,
Sinh Nguyễn Ngọc Nhi,có gì đó hay hay,5,Lazada,5,FALSE,,,,
Thương Nguyễn Thị,mua đồ với giá rẻ,5,Shopee,5,FALSE,,,,
hong phuc vu,mua sam rat tien loi hai chu tuyet voi,5,Sendo,9,FALSE,,,,
Lý Minh Quang,ờ mây zing gút chóp em,5,Tiki,6,FALSE,,,,
Trang web: VayTotNhat.C0M,vay online 0% thì vô trang vaytotnhat,5,Tiki,7,FALSE,,,,
Thắng Lê,uy tín và tin cậy.,5,Sendo,5,FALSE,,,,
Linh Đỗ,okela akelo đi người ta nói chuyện tức là tự tghhg là một tị nạn,5,Lazada,15,FALSE,,,,
Thế Vũ,lazada đặt đồ rẻ,5,Lazada,4,FALSE,,,,
Thao Thao,đạt tiêu chuẩn,5,Lazada,3,FALSE,,,,
Toan Tran,có phần trả hàng hoàn tiền. nên xài yên tâm. không lo bị lừa. shoppi làm ăn càng ngày càng ngon lành.,5,Shopee,22,FALSE,,,,
Trung Lê Xuân,"ứng dụng tốt, tin tưởng",5,Sendo,5,FALSE,,,,
Leanh Le,hãy trải nghiệm cùng tiki nào....,5,Tiki,6,FALSE,,,,
Khanh Nguyen,"tốt nhá , mua sắm được kiểm tra trước khi thanh toán",5,Sendo,12,FALSE,,,,
Tuệ Nhiên Trần,dịch vụ ok,5,Lazada,3,FALSE,,,,
Thinh Tran,rất ok shopee.,5,Shopee,3,FALSE,,,,
Chi Dam linh,mong shop luân chất lượng giá cả hợp lí,5,Sendo,9,FALSE,,,,
Nghia Nguyen,mua sắm dễ dàng và thuận tiện,5,Sendo,7,FALSE,,,,
Dũng Vosu,em rất thích nha anh miễn phí vận chuyển nha,5,Tiki,10,FALSE,,,,
Cam Tu Duong,mua đồ uy tín mà giá siêu hời,5,Tiki,8,FALSE,,,,
Lê Thủy,giao hàng đúng hạn.,5,Shopee,4,FALSE,,,,
Hoang Le,siêu rẻ toàn miễn phí ship,5,Shopee,6,FALSE,,,,
đạo hoàng,đánh giá 5 sao khích lệ,5,Sendo,6,FALSE,,,,
Cuti Kim giào,sao mà lazada vẫn chx khắc phục đc tình trang ko mua hàng đc lun á tức ghê,5,Lazada,18,FALSE,,,,
Đức Thiên,vui.mua hàng khá tốt giá ổn định.có quyền lựa chọn...,5,Sendo,10,FALSE,,,,
Liem Pham,hàng đóng gói cẩn thận giao hàng nhanh chất lượng còn chưa sử dụng,5,Tiki,14,FALSE,,,,
Phạm Bạch Ngọc Thông (Thiên Ngọc),trang đi chợ online rất thẳng thắn và sòng phẳng.ok,5,Sendo,10,FALSE,,,,
Uyến Lò thị,uy tín chất lượng,5,Tiki,4,FALSE,,,,
Van Thanh,: 7k tuyệt đỉnh - chính hãng sale xịn voucher 779k hết sẩy flashsale thương hiệu siêu đỉnh siêu rẻ dưới 79k deal 5 sao sale đỉnh cao -50%++ freeship 0đ,5,Sendo,31,FALSE,,,,
Tiến 2n,nó rất tuyệt vời,5,Tiki,4,FALSE,,,,
Ngọc Trinh Dương,"ok, nơi đáng tin cậy.",5,Shopee,5,FALSE,,,,
Thêm Ha,tôi thấy lazada rất tiện dụng,5,Lazada,6,FALSE,,,,
Hai Dang,ứng dụng tốt thân thiện nhân viên phục vụ nhiệt tình,5,Sendo,11,FALSE,,,,
Đạt Nguyễn Thành,tốt hay,5,Sendo,2,FALSE,,,,
Tân Phạm Minh,rất tiện lợi cho nhiều người,5,Sendo,6,FALSE,,,,
Hshs Shhe,oke lắm,5,Shopee,2,FALSE,,,,
Bao duy Khang bao duy,ap rất tốt,5,Tiki,3,FALSE,,,,
QUANG NGAN CHANEL,"ứng dụng tốt font chữ ổn , nếu có phần tăng font chữ nửa thì tốt",5,Sendo,16,FALSE,,,,
Ha Vo,dịch vụ rất tốt,5,Sendo,4,FALSE,,,,
TẠNG VƯƠNG ĐỊA,nền tảng giao dịch ok,5,Shopee,5,FALSE,,,,
Bảo,tiki có chính sách hỗ trợ khách hàng rất tốt hoàn tiền nhanh nếu trả hàng rất có tâm luôn,5,Tiki,20,FALSE,,,,
Phương Thu,hihi ko liên quan mấy nhưng hôm nay là sinh nhật mình,5,Tiki,12,FALSE,,,,
Bao Le,tốt.... nhanh... chính xác.... good job 👍,5,Sendo,7,FALSE,,,,
thái phong Hoàng,trả hàng rất nhanh chóng 👍🏿,5,Lazada,6,FALSE,,,,
Toán Nguyễn,rất good,5,Shopee,2,FALSE,,,,
Thanh Tỉnh,giá không thấp nhất nhưng yên tâm nhất khi mua hàng ở tiki,5,Tiki,13,FALSE,,,,
Phương Thanh,sendo bàn tốt lại rẻ,5,Sendo,5,FALSE,,,,
nguyễn long,sàn mua sắm trực tuyến nhiều sự lựa chọn giao hàng nhanh chính sách đỏi trả rõ ràng,5,Shopee,18,FALSE,,,,
anh nhân,tiki xung giảm giá nhiều tôi rất thích,5,Tiki,8,FALSE,,,,
kem cute33,tuyệt nhất,5,Sendo,2,FALSE,,,,
Bùi văn Giới (Bùi Giới),tối qúa,5,Shopee,2,FALSE,,,,
Hung Pham,tiện ít that thoải,5,Sendo,4,FALSE,,,,
Kimaniha Jun,app có nhiều hàng tốt,5,Tiki,5,FALSE,,,,
Trơn Nguyễn Hoàng,e yess,5,Shopee,2,FALSE,,,,
Đức Nguyen,sen do hàng chất lượng,5,Sendo,5,FALSE,,,,
Hiếu Lê Hữu,ok mà tiền hồi hơi lâu nha,5,Sendo,7,FALSE,,,,
Tam Nguyen,"đặt hàng nhanh chóng, dễ thao tác, đơn giản.",5,Lazada,9,FALSE,,,,
phúc hường,jhuo,5,Tiki,1,FALSE,,,,
Hồng Việt,mã nhiều,5,Shopee,2,FALSE,,,,
Thúy Hằng Hoàng Thị,"tui toàn săn đc 0đ à đôi khi sẽ có lỗi nha app dùng nhiều r nên tui quen, mua ở bên mall cho uy tín nà , nhớ coi đánh giá nhá shipper thân thiện, giao đến tận nơi hàng đúg, chuẩn",5,Shopee,43,FALSE,,,,
Đặng Nguyễn Anh Nguyên,trải nghiệm tuyệt vời,5,Lazada,4,FALSE,,,,
ĐỨC TÚ 39 8B,nice sừ,5,Tiki,2,FALSE,,,,
Phuong Duong,dể lựa chọn mà đặt hàng lâu quá không ai gọi điện hỏi cũng không biếc khi nào giáo,5,Sendo,19,FALSE,,,,
Long Huỳnh,rất tiện lợi!,5,Tiki,3,FALSE,,,,
Dũng CK,"app lỗi 1 tuần nay ko vào dc add ơi , có thể do mình sài s21 ultra vừa update lên androi 12 mới không tương thích",5,Tiki,27,FALSE,,,,
Ánh Nguyễn,trải nghiệm tốt với những yêu cầu của tôi đề ra và phù hợp với những gu thẩm mỹ của tôi,5,Shopee,21,FALSE,,,,
Thảo,ok brrrr,5,Shopee,2,FALSE,,,,
Hieu Do,đánh giá 5 sao,5,Lazada,4,FALSE,,,,
Xuân Đông,tốt giá thành hợp lý giao hàng nhanh,5,Sendo,8,FALSE,,,,
Giao Minh,tuyệt vời bảo vệ người tiêu dùng,5,Shopee,7,FALSE,,,,
テғт 丶sнιмᴀッ,hàng nhanh,5,Sendo,2,FALSE,,,,
Trang Trang,"giao hàng từ hcm ra hn chỉ mất 6-8 ngày, đơn quốc tế thì 10 ngày. lâu nhất so với các sàn hàng còn lại. huỷ đơn thì tiền hoàn về cũng lâu nhất luôn. rất tuyệt",5,Lazada,37,FALSE,,,,
Phạm Thị Quỳnh Chi,ứng dụng hay. thuận tiện trên mọi sản phẩm,5,Sendo,9,FALSE,,,,
Tuấn Trần Anh,rất chuyện nghiep,5,Tiki,3,FALSE,,,,
Cuc Luongthi,giao hàng nhanh giá ổn,5,Sendo,5,FALSE,,,,
Hồ Thị Lan Hương,"tóm lại công dụng chính của máy đắp mặt nạ foreo ufo sẽ giúp cho da săn chắc. làn da sẽ được phục hồi nhanh, giảm viêm và cũng khiến lỗ chân lông thu nhỏ hơn. một hiệu quả nữa của máy foreo ufo smart mask treatment đó là cải thiện bọng mắt, làm đều màu da, giảm dần các vết nám trên da mặt.",5,Tiki,65,FALSE,,,,
Se K,được sự tin cay,5,Sendo,4,FALSE,,,,
Manh Thay,tôi muốn mua nhưng không hiểu phương thức thanh toán,5,Sendo,10,FALSE,,,,
Linh Hoàng,giá cả rất hợp lý,5,Sendo,5,FALSE,,,,
Phương Phạm đức,thanh tín,5,Tiki,2,FALSE,,,,
Tường Phạm,"tôi thường mua đồ gởi nhanh , chu đáo , người giao vui vẽ mỗi lần giáo tôi chai nước suối lạnh gởi lời cám ơ",5,Tiki,26,FALSE,,,,
Hồng Hoa Nguyễn Thị,rất tự hào.amazing!,5,Tiki,3,FALSE,,,,
An Phan,nói gì nói. mua hàng thì có hên có xui. nhưng shopee đã làm rất tốt,5,Shopee,16,FALSE,,,,
Phú Quí Thạch,khác ok,5,Shopee,2,FALSE,,,,
nguyen tien,"shopee ngày càng phát triển và tiến bộ. đảm bảo các giao dịch an toàn, nhanh chóng thuận lợi.",5,Shopee,19,FALSE,,,,
Dinh Hong,"ứng dụng xài tốt, giao hàng rất đúng hẹn",5,Tiki,9,FALSE,,,,
van chuc,"tiện ích, nhiều mặt hàng, dễ lựa chọn",5,Sendo,8,FALSE,,,,
Ngọc Tống,trải nghiệm thú vị ạ,5,Sendo,5,FALSE,,,,
Le Mai,rất đáng tải,5,Lazada,3,FALSE,,,,
Bền Nguyễn,có những cái hay có những cái không phù hợp với người có tuổi,5,Tiki,14,FALSE,,,,
Thibenam Thai,100đ luôn á trời ơi nó rất là tốt chăm sóc khách hàng khỏi phải bàn luôn á ☺ rất hài lòng nha,5,Lazada,23,FALSE,,,,
Mia_sakura,ngon thíii,5,Shopee,2,FALSE,,,,
Ninh Nguyễn Thị,"sản phẩm ổn áp nhưng còn ít quá, cần bổ sung để khách có nhiều lựa chọn nông sản hơn",5,Sendo,20,FALSE,,,,
Xuân Nguyễny,rất tốt đánh giá 5 sao,5,Sendo,6,FALSE,,,,
Dũng Lê,đánh giá sau khi nhận được hàng,5,Lazada,7,FALSE,,,,
Viet Truong,thu vì,5,Lazada,2,FALSE,,,,
Điệp Trần,mua được 3 lần thấy đúng hàng chuẩn đúng như mô tả sản phẩm ai mua cũng sẽ đắng đo lo sợ sai lầm shop chỉ cần bán đúng chất lượng sợ gì không có người mua và biết đến,5,Lazada,40,FALSE,,,,
Thanhgiang Nguyen,hàng đúng như quảng cáo,5,Sendo,5,FALSE,,,,
Truong Ngoc Chau,"muốn mua hàng online , đầu tiên tôi sẽ tìm tới tiki.",5,Tiki,12,FALSE,,,,
Ngô Minh Quốc Cường,tiki bán hàng chính hãng nên người dùng mua yên tâm hơn,5,Tiki,12,FALSE,,,,
Duy Khánh,mua gì cũng có 😀😀,5,Tiki,5,FALSE,,,,
Quang Nguyễn,chất lượng dịch vụ càng ngày càng tốt,5,Shopee,8,FALSE,,,,
Can Vuong,"phục vụ khách hàng tận tình, vui vẻ, một khi cần trả lại hàng do những nguyên nhân khách quan shopee sẵ n sàng nhận lại và hoàn tiền nhanh chóng, xin cảm ơn shopee nhé.",5,Shopee,36,FALSE,,,,
Duong Quy,"rất tiện lợi, oke",5,Shopee,4,FALSE,,,,
Nguyen Thi Mien,tiện quá tiện. nhờ shopee mà mình có thể ở nhà có nhiều thứ mình cần.,5,Shopee,16,FALSE,,,,
Quang Truong Van,tiện,5,Shopee,1,FALSE,,,,
Đẹp Trần,app mua hàng online rất tốt 🤩🤩,5,Tiki,7,FALSE,,,,
Nhi Bao,mua hàng rẻ quá,5,Shopee,4,FALSE,,,,
Phan thanh Huu,tôi đả mua hàng trên shope nhiều lần và rất hài lòng với cách mà shope bảo vệ chủ hàng và khách hàng của mình.,5,Shopee,25,FALSE,,,,
Anh Phong,ứng dụng hoạt động tốt. không choán nhiều bộ nhớ.,5,Sendo,10,FALSE,,,,
Huyền Chu,chưa yêu cầu quyền truy cập sms mà app tự ý đọc sms để đăng nhập???,5,Tiki,16,FALSE,,,,
Bình Đinh,tiện lợi. giá cả hợp lý,5,Sendo,6,FALSE,,,,
Tuấn Dũng Nguyễn,tại sao app của tôi không có widget laza coin để thêm vào màn hình chính,5,Lazada,16,FALSE,,,,
Van bau nguyen,sendo ứng dụng rất tốt dễ dùng.hàng đk kiểm tra khách hàng rất tin tưởng,5,Sendo,15,FALSE,,,,
Luyen Nguyen,app rất tốt còn gao hàng nhang nx,5,Sendo,8,FALSE,,,,
Huyền Nguyễn,thú vị,5,Sendo,2,FALSE,,,,
Dũng Lương,mua hàng sendo yên tâm vì được xem hàng kiểm hàng rất công bang,5,Sendo,14,FALSE,,,,
Mẫn Nguyễn Tấn,mới đặt quà 1000 đồng mong sẽ nhận được,5,Sendo,9,FALSE,,,,
Vu Hm,"mua đươc nhiều đồ dùng thiết bị ưng ý về chất lượng hàng - giá. có nhiều mặt hàng tìm mua của lazada ra kết quả rất nhanh, đúng chủng loại, nếu tìm mua ngoài thị trường chắc đi lòng vòng mà chưa chắc đã tìm đươc.",5,Lazada,47,FALSE,,,,
Linh Dieu,rất là tốt ❤,5,Tiki,4,FALSE,,,,
blink Blink,very good app giá giao cao quá thôi,5,Lazada,8,FALSE,,,,
Minh Hai Nguyen,"tiki chọn những nhà cung cấp rất tốt, không làm cho khách hàng mất niềm tin, tuy nhiên giá cả hơi cao.",5,Tiki,22,FALSE,,,,
Su Nguyenquoc,hàng rất ok lần sau mua tiếp,5,Tiki,7,FALSE,,,,
Văn phi vân Đỗ,"bán hàng chất lượng,đóng gói kỹ lưỡng.",5,Sendo,7,FALSE,,,,
Thuận Bùi,để 5 sao cho vui thôi cho ace đọc chứ ứng dụng gì mà xem hàng kéo xuống xong tự nhảy lên ..m a s nóng,5,Tiki,26,FALSE,,,,
Tien Kim,ok nha đáng dùng hơn tiktok shop,5,Shopee,7,FALSE,,,,
Mr TinTin,"dịch vụ tốt, nhưng chưa được đa dạng sản phẩm.",5,Sendo,10,FALSE,,,,
nguyen duyen,cũng thú vị đó nên tải nha tuy một số hàng khá đắt nhưng là hàng real,5,Tiki,17,FALSE,,,,
Trung Hoàng,rất vui khá thu vị,5,Shopee,5,FALSE,,,,
VY HOÀNG,rât tôt nha các bạn,5,Tiki,5,FALSE,,,,
Lê Quyền,"nhanh, gọn ,lẹ",5,Shopee,3,FALSE,,,,
huyền nguyễn,ưng ý khi nhận sách. giao hàng nhiệt tình.,5,Tiki,9,FALSE,,,,
Thuận Nguyễn,mua truyện hanako siêu rẻ luôn.,5,Tiki,6,FALSE,,,,
Nga Nông,"rất tốt, giao hàng nhanh",5,Sendo,5,FALSE,,,,
liên một nguyễn thị,sp tốt ok,5,Sendo,3,FALSE,,,,
Tien Tran,nhân viên tốt,5,Shopee,3,FALSE,,,,
Kim Ngan Tram Thi,đặt hàng rẻ mà con chất lượng,5,Shopee,7,FALSE,,,,
Thi Lien Nguyen,ok rất ok,5,Lazada,3,FALSE,,,,
Diệp Ngọc,mọi người ơi cho tôi hỏi là nếu giao hàng có được kiểm tra hàng ko ạ,5,Sendo,17,FALSE,,,,
Tiến BanVăn,ổn,5,Lazada,1,FALSE,,,,
Hoài Bảo,ứng dụng rất tốt giúp mua đồ nhanh và rẻ,5,Tiki,10,FALSE,,,,
Tran My,sản phẩm tốt. ty gat mềm be nha minh gat thích. tem mát day du giao hàng nhanh. nhug ma ben goi hàng k phai tem kiti. khi minh nhan hang thi cai hop ben ngoài méo mó dẹp lép nhìn rất xấu.,5,Tiki,43,FALSE,,,,
Nghĩa Bùi,"giao hàng nhanh, phí vận chuyển thấp",5,Shopee,7,FALSE,,,,
Văn Việt Tạ,hài lòng với sản phẩm,5,Tiki,5,FALSE,,,,
Kim Nhị Châu,ok ạ,5,Lazada,2,FALSE,,,,
Hoàng Trân Anh Thư,"điểm trừ là tốc độ tải ảnh ở mục đánh giá sản phẩm của tiki khá lâu và hay bị đứng app. điểm cộng là cách thức vận hành rõ ràng và kỹ lưỡng, chất lượng sản phẩm uy tín đến 95%",5,Tiki,42,FALSE,,,,
Nóng Phàn,okla,5,Lazada,1,FALSE,,,,
Yến Lê,sp hợp với người tiêu dùng,5,Lazada,6,FALSE,,,,
Quỳnh Trần Thị,"tiện lợi,dễ sử dụng",5,Shopee,4,FALSE,,,,
Thu Hiền,"good app, vô (w e b) vay9. c0m kiếm 500k free. cảm ơn bạn đã chia sẻ ý kiến. chúng tôi rất tiếc khi trải nghiệm của bạn bị ảnh hưởng bởi quảng cáo. phản hồi của bạn rất quan trọng và chúng tôi sẽ ghi nhận để cải thiện trong tương lai. hãy cho chúng tôi biết thêm về vấn đề qua các lựa chọn hỗ trợ trong app nhé!",5,Lazada,71,FALSE,,,,
Tinh Ly,sop chu đáo,5,Sendo,3,FALSE,,,,
Vy Thao,rất thú vị,5,Shopee,3,FALSE,,,,
Chi Đào,tích xu cho đt samsung là rẻ hơn shopee luôn. đã mua lại sau 2 năm chia tay. mãi iu,5,Lazada,20,FALSE,,,,
Thong Nguyen,cảm ơn tiki cho năm nay,5,Tiki,6,FALSE,,,,
Hùng Lâm,tẩy chay cái ứng dụng lừa đảo này đi,5,Sendo,9,FALSE,,,,
Hằng Nguyễn Thị,"nhiều mặt hàng, dễ mua",5,Shopee,5,FALSE,,,,
Thị Trần Kim Thương,10 đỉmk,5,Shopee,2,FALSE,,,,
Thuong Nguyenthihoai,ứng dụng ok,5,Tiki,3,FALSE,,,,
Đay Nguyễn Văn,đồ gỗ đồng,5,Shopee,3,FALSE,,,,
Khánh Duy Trần,khá tốt,5,Tiki,2,FALSE,,,,
Đủ Nguyễn quang,đúng như quảng cáo ok,5,Shopee,5,FALSE,,,,
phi pham,thuận tiện với việc mua bán cho những người bận rộn,5,Shopee,11,FALSE,,,,
Hoa Le,okok,5,Sendo,1,FALSE,,,,
Hoan Trịnh,chưa mua bao giờ nhưng vẫn chi 5xao,5,Sendo,8,FALSE,,,,
Bình Dương Phan,kiếm tiền + vay 0% vô ( vay9 . c0m ).,5,Tiki,11,FALSE,,,,
Dương Lê,mẹ con chó,5,Tiki,3,FALSE,,,,
Mobile Baominh,hàng đẹp giá rẻ,5,Shopee,4,FALSE,,,,
Quỳnh Tòng,tiki bán hàng online uy tín nhất việt nam chọn cái uy tín bán đặt lên hàng đầu việt nam,5,Tiki,20,FALSE,,,,
Vũ Nguyễn,"mua hàng phải cho xem hàng trước khi giao tiền mới thoã thuận đôi bên .vì giao tiền trước mới xem hàng nếu không đúng mẫu thì sao, ở shopee .mua hàng xem rồi đưa tiền nhưng trong vòng 15 ngày dùng thử o vừa ý vẫn trả bình thường, được hoàng tiền vào tk số dư shopee,, có những cái khui xem o nhận vẫn trả bình thường,o như lazada, người giao hàng buộc đưa tiền mới cho xem hàng",5,Lazada,81,FALSE,,,,
Nam Lê,ứng dụng tạm ổn,5,Shopee,4,FALSE,,,,
Quân Hoàng,hài hước,5,Sendo,2,FALSE,,,,
My van Trình my van,mua đố rất rẻ và rất hay,5,Shopee,7,FALSE,,,,
Việt Phạm,good job,5,Lazada,2,FALSE,,,,
Trần Thị Mỹ Duyên,app hay ạ,5,Tiki,3,FALSE,,,,
Hung Le,giao hàng chuẩn lịch sự,5,Lazada,5,FALSE,,,,
son nguyenthanh,bảo mật thông tin tôi có người đang sâm nhâp,5,Tiki,10,FALSE,,,,
Phone New,mua rẻ lấy hàng hơi lâu,5,Shopee,6,FALSE,,,,
Thanh tam Nguyen,rat tien loi,5,Tiki,3,FALSE,,,,
Huỳnh Vũ Luân,"dịch vụ tốt, sản phẩm tốt, giá cả phù hợp",5,Sendo,10,FALSE,,,,
Công phúc Lê,"shopee nên loại trừ những sản phẩm quảng cáo quá mức thực tế, không trung thực để tạo uy tín cho người tiêu dùng",5,Shopee,24,FALSE,,,,
Lan Uông,sao ngta ko cho tải,5,Tiki,5,FALSE,,,,
Nguyễn Lam,"sendo là người bạn đồng hành của tôi trong suốt 5 năm vừa qua, chi phí vận chuyển rẻ, giao diện thân thiện dễ dùng,... và nhiều tiện ích khác nữa. hy vọng rằng sendo sẽ luôn giữ vững và phát huy thế mạnh của mình để phục vụ ngày càng tốt hơn cho khách hàng.",5,Sendo,56,FALSE,,,,
Loi Then,ứng dụng rất tuyệt vời 👍,5,Sendo,6,FALSE,,,,
Vy Nguyễn Tường,rất hiểu quả,5,Sendo,3,FALSE,,,,
Thiet Y,tôi chưa mua nên không thể nói trước được 🙂,5,Tiki,10,FALSE,,,,
Ruôn Ha,chất lương uy tín,5,Sendo,4,FALSE,,,,
Huu that Dang,chỉ em mua hàng đi . em cảm ơn rất nhiều . làm ơn,5,Tiki,14,FALSE,,,,
game thủ cà mau,tiki có cho kiểm tra hàng trước khi nhận không,5,Tiki,10,FALSE,,,,
Văn Sang Vũ,giao hang nhanh chong.dung san phẩm,5,Tiki,6,FALSE,,,,
Danh Nguyễn,sức sắc,5,Lazada,2,FALSE,,,,
Ngọc Phạm,mình xài shopee 10 năm rồi vẫn chạy tốt kk,5,Shopee,10,FALSE,,,,
Thuy Duong,mua sắm rất tiện lợi và rẻ,5,Shopee,7,FALSE,,,,
cong duc,"có thể nói tiky... là website mua sắm online... có thể chấp nhận... và tin tưởng được... trải nghiệm qua 3 - 4 lần mua hàng tại tiky,sp điều ok. mong sao tiky, các bạn duy trì mãi phong cách cũng như chất lượng sp luôn luôn làm vừa lòng kh. xin cảm ơn",5,Tiki,54,FALSE,,,,
Bo Duongxuan,thich dung,5,Sendo,2,FALSE,,,,
thu Hương Đinh Thị,bò lúc củng tươi ngon,5,Sendo,5,FALSE,,,,
linh nguyen,"thích chất lượng dịch vụ của tiki lắm. giao diện ứng dụng thân thiện, dễ thao tác. có nhiều khuyến mãi và freeahip. yêu tiki 🙂",5,Tiki,26,FALSE,,,,
Người dùng Google,giao rất là nhanh và ko lừa,5,Tiki,7,FALSE,,,,
Lang Cao Văn,phí ship cao quá,5,Tiki,4,FALSE,,,,
Jsbshs Bsbsnsn,phục vụ nhiệt tình,5,Sendo,4,FALSE,,,,
Kieu Phan Thanh,"hàng hóa phong phú, giá cả phải chăng, giao hàng nhanh chóng, gói hàng cẩn thận, thanh toán linh hoạt.",5,Shopee,20,FALSE,,,,
Loi Dương,tốt,5,Lazada,1,FALSE,,,,
Trần Tuyền,ơ mây ding good chóp,5,Shopee,5,FALSE,,,,
Quoc Khanh,huu ich,5,Sendo,2,FALSE,,,,
Minh Thang Truong,hài lòng .,5,Shopee,3,FALSE,,,,
Thảo Đỗ Ngọc,nó làm tôi hài lòng lắm á,5,Lazada,7,FALSE,,,,
Binh Truong,đang chờ qua ok,5,Tiki,4,FALSE,,,,
Thanh Le,tốt lắm,5,Lazada,2,FALSE,,,,
Văn Quốc Nguyễn,nhà cung cấp có trách nhiệm,5,Sendo,6,FALSE,,,,
Van Nghia,ứng dụng này rất tốt,5,Tiki,5,FALSE,,,,
Vũ Linh Võ,mua cái khác thì qua app khác cũng đc nhưng mua sách là mik qua tiki kkk,5,Tiki,17,FALSE,,,,
Xuân An Phạm Huỳnh,tuyệt và tiện,5,Shopee,3,FALSE,,,,
phan chi cuong le,"ứng dụng tốt, hàng đảm bảo chất lượng",5,Tiki,8,FALSE,,,,
Duy Huỳnh Quốc,sen đỏ buôn bán đúng người việt khi mua còn cho kiểm tra hàng nữa quá ok luôn còn mấy cái kia thì chán lắm như lazada và sohpbin ko cho kiểm tra nên dễ bị tráo hàng lắm,5,Sendo,39,FALSE,,,,
Thùy Phạm Công,sando giá cả và chất lượng tuyệt vời,5,Sendo,8,FALSE,,,,
Quan,tiki tuyệt vời giao nhanh phục vụ tốt,5,Tiki,8,FALSE,,,,
Dy Lynh Lê,một trải nghiệm tuyệt vời,5,Shopee,5,FALSE,,,,
Mon Mon,"giao hàng thần tốc, không bị va đập ❤️",5,Shopee,9,FALSE,,,,
Huy Luong Vlogs,điện thoại như quảng cáo,5,Lazada,5,FALSE,,,,
Thương Mỹ,app rất tốt,5,Sendo,3,FALSE,,,,
nguyên nam,dễ tìm mặt hàng,5,Sendo,4,FALSE,,,,
Tài Lê Hữu,app rất tuyệt,5,Tiki,3,FALSE,,,,
mjnH vànG,dùng rất tốt,5,Sendo,3,FALSE,,,,
Lau Henry,tàm tạm,5,Sendo,2,FALSE,,,,
Naruto Uzumaki,như b,5,Tiki,2,FALSE,,,,
Iris Nguyen,ok. xài tốt,5,Lazada,3,FALSE,,,,
Vy Nguyen,mua đc 1k hết,5,Shopee,4,FALSE,,,,
thu dai,"tiki bán hàng yên tâm,có nhiều combo ưu đãi",5,Tiki,9,FALSE,,,,
Chuyen Nguyen,giao hàng nhanh,5,Sendo,3,FALSE,,,,
Linh Hồ Ngọc Thảo,"giao hàng nhanh, hàng chất lượng 👌",5,Shopee,7,FALSE,,,,
Trang web: VayTotNhat.C0M,"good khi nào cần 5tr gõ vaytotnhat nhé, duyệt ngay nè",5,Lazada,11,FALSE,,,,
Hh Hh,"mã ngon giảm nhiều tiền, như ở ngoài mấy trăm vào shopee giảm còn có 20 30 nghìn",5,Shopee,18,FALSE,,,,
vannam nguyen,"rất tốt, hàng về đúng như hình. like",5,Tiki,8,FALSE,,,,
Hùng Xuân,sản phẩm tốt chuẩn như mong đợi,5,Shopee,7,FALSE,,,,
Phúc Anh,mua trên ứng dụng shopee thật rất rẻ,5,Shopee,8,FALSE,,,,
Tanh Ksor,lazada là ứng dụng phần mềm thuận tiện nhất mà mình đã dụng để mua sắm online.,5,Lazada,17,FALSE,,,,
Hà Như,"hàng chính hãng, giá tốt, có nhiều voucher. mua hàng ở đây tôi rất yên tâm",5,Tiki,16,FALSE,,,,
Conght,great,5,Lazada,1,FALSE,,,,
Pheak Thach,siêu tiết kiệm siêu tiện lợi,5,Shopee,6,FALSE,,,,
congty vietuc,hài lòng với những sản phẩm đã mua lazada ⭐⭐⭐⭐⭐,5,Lazada,10,FALSE,,,,
Hiền,rất tiện lợi cho người dùng,5,Shopee,6,FALSE,,,,
Ngọc Anh Nguyen,"tiện dụng, thích nhân viên giao hàng nhiệt tình, dễ thương",5,Tiki,11,FALSE,,,,
Bảo Nguyễn,"ok sendo rất nhiều ưu đãi tốt dành cho khách hàng, giao diện mượt, mình hay mua lazada và shopee nhưng trải nghiệm sendo khá thích và nhiều ưu đãi hay nên có lẽ sẽ đặt hàng mua bên sendo trong thời gian tới. mình nghĩ mọi người nên trải nghiệm, rất nhiều cái hay đó.",5,Sendo,56,FALSE,,,,
DUY PHAN,tất cả đều tốt.mặt hàng đầy đủ thích hàng nào gõ là có.nhưng mùa dịch shop ko nhận ship hàng ok.,5,Sendo,21,FALSE,,,,
lê quân quân,giao nhanh,5,Lazada,2,FALSE,,,,
Diệu Anh Mai,"sau khi đánh giá xấu về vấn đề tiki giao hàng quá chậm thì có vẻ đã cải thiện được vấn đề này, giao hàng nhanh hơn và shipper cũng rất nhiệt tình nữa👌👌",5,Tiki,34,FALSE,,,,
Châu Phan thị,shop bán đồ siu rẻ,5,Sendo,5,FALSE,,,,
Khen,chưa có shop oline nào uy tín như tiki ạ,5,Tiki,10,FALSE,,,,
Thương Huỳnh,dưa hấu rất ngon,5,Tiki,4,FALSE,,,,
Bích Ngọc,có nhiều ưu đãi,5,Shopee,4,FALSE,,,,
Phi Long Nguyen,hàng chất lượng ok.,5,Tiki,4,FALSE,,,,
Xốp Phạm Đăng,det tot,5,Sendo,2,FALSE,,,,
Thangok Phạm,rất singma shop !!!,5,Shopee,4,FALSE,,,,
trananhkiet trananhkiet,sân phẩm sen đỏ rất ok,5,Sendo,6,FALSE,,,,
Oanh Do,rất oki,5,Tiki,2,FALSE,,,,
Thị Thanh Thúy Trần,rất xuất xắc,5,Tiki,3,FALSE,,,,
Truong Duong,tại sao lại giao hàng,5,Shopee,5,FALSE,,,,
Hieu Hieu,hảo hán,5,Tiki,2,FALSE,,,,
Em Nguyễn thị,miễn phí vận chuyển,5,Tiki,4,FALSE,,,,
thảo tồ Bui,khá ok,5,Tiki,2,FALSE,,,,
Khoi Minh,rất hay và rất tiện lợi,5,Sendo,6,FALSE,,,,
Bịp Tiến,shoppe rất tuyệt vời tôi đã lấy được rất nhiều vé giảm giá đỡ tốn nhiều tiền,5,Shopee,17,FALSE,,,,
Mạnh hùng Lê,chính xác đúng mặt hàng giá phải chăng,5,Sendo,8,FALSE,,,,
Thảo Đăng Bích,nhanh.... thân thiện,5,Sendo,3,FALSE,,,,
THuy an Mai,mk thay mua ti ki cung on.,5,Tiki,7,FALSE,,,,
Liên vũ,ờm thấy mn comment ở dưới nên tải về mong là tốt 😃,5,Sendo,13,FALSE,,,,
Gấm Lương,các bạn hãy ủng hộ cho sedo nhé,5,Sendo,8,FALSE,,,,
Phát Nguyễn,giá rẻ mua combo vô cùng ổn và hàng nhận đc cũng khá chất lượng,5,Lazada,15,FALSE,,,,
Đan Nguyễn,"giá hợp lý, sản tốt tùy theo giá",5,Lazada,8,FALSE,,,,
Lee Justin,"good, có tính năng tích điểm khi mua hàng thì tốt biết mấy...mình mua cả đống đồ dùng, sách vở...tủ lạnh, máy giặt...😅",5,Tiki,23,FALSE,,,,
Son Le,"rất tốt, hài lòng",5,Sendo,4,FALSE,,,,
Quang Tiến Vũ,vô cùng tuyệt vời,5,Shopee,4,FALSE,,,,
Trung Le,trai ngiem,5,Sendo,2,FALSE,,,,
Dương Nguyễn,có nhiều voucher mink đã đặt thứ đắt tiền nhưng khi thanh toán lại đc giảm,5,Shopee,16,FALSE,,,,
NAM HOÀNG BẢO,tốt mà,5,Shopee,2,FALSE,,,,
DOUYIN TV,"giao hàng nhanh,gọn gàng ,đẹp đẽ",5,Tiki,6,FALSE,,,,
Thư Đinh,tạm biệt,5,Lazada,2,FALSE,,,,
An Bùi,"vừa rẻ , giao đúng ngày lại nhanh nx ,tiki rất tuyệt rất zờiiii",5,Tiki,14,FALSE,,,,
Thuy hang Huynh,tôi rất thích những gì của lazada,5,Lazada,7,FALSE,,,,
Ngọc Nguyễn,"oke mua truyện hay sách cứ lên tiki mua rẻ hơn giá bìa, ship nhanh vãi loằn",5,Tiki,17,FALSE,,,,
Trang Vu,quảng cáo hơi nhiều,5,Lazada,4,FALSE,,,,
Tran Van,được nhaaaa,5,Shopee,2,FALSE,,,,
Thị Nhi Phan,gói shopee vip tuyệt vời,5,Shopee,5,FALSE,,,,
Thu Trần,nhiều hàng hạt rẻ,5,Shopee,4,FALSE,,,,
Tuan Do,muốn mua gì cũng có,5,Sendo,5,FALSE,,,,
Duy Nguyễn Phước,tôi rất thích ứng dụng sen đỏ này vì phiên chợ của người việt mình đều có và nằm ở trong ứng dụng sen đỏ này hết rất tiện lợi và đầy đủ sen đỏ chợ của những người việt rất tuyệt vời các bạn hãy tải sendo chợ của người việt về đt để sử dụng nhé bảo đảm các bạn sẽ thích vì trong ứng dụng sendo có rất nhiều ưu đãi và tiện lợi,5,Sendo,77,FALSE,,,,
Thao Nguyen,"giao hàng nhanh,dịp lễ là tặng quà,giá cả khá phải chăng tùy shop nên trải nghiệm.",5,Lazada,16,FALSE,,,,
Ha nhan bao Ha,lazada shops rất tiện lợi và hữu ích trong việc mua sắm.,5,Lazada,12,FALSE,,,,
Hân Nguyễn,nhiều sp hay,5,Shopee,3,FALSE,,,,
Quan Son,"ok tốt nhièu lưa chọn, hàng hóa đa dạng",5,Lazada,9,FALSE,,,,
Tiger12 Oscal,"5 sao 🌟🌟🌟🌟🌟 mua hàng thuận tiện và nhanh gọn, ok luôn á",5,Tiki,13,FALSE,,,,
Tấn Minh Bùi,ổn đấy,5,Sendo,2,FALSE,,,,
Thành Trần,ứng dụng thật tiện ích cho người dùng!,5,Lazada,8,FALSE,,,,
Mychi Pham,sách chính hãng,5,Tiki,3,FALSE,,,,
Lương quang Dũng,tốt mà đăng nhập được mà,5,Shopee,6,FALSE,,,,
Thảo trương,sp rất ok,5,Tiki,3,FALSE,,,,
Xuân Hồng,ủng hộ shoppe,5,Shopee,3,FALSE,,,,
Găng Phạm,moi công đoạn đêu tôt,5,Tiki,5,FALSE,,,,
Hưng Hoàng Đức,sipper ở khu vực thân thiện và nhiệt tình,5,Shopee,9,FALSE,,,,
Trang: VayTotNhat.C0M,"khi ai kẹt gõ vaytotnhat kiếm 5tr thực sự ok. về trong nay mai lazada hết vốn rồi hay sao ý phí vận chuyển ăn trên trời, mà giảm thì cho có tí):)",5,Lazada,33,FALSE,,,,
Truong Hong Van,hi vọng lazada có thể hỗ trợ phí ship cao hơn nữa ...muốn mua những sp ở miền nam mà phí ship cao quá,5,Lazada,24,FALSE,,,,
Hoàng Lê,ứng dụng này đc nkaa,5,Sendo,5,FALSE,,,,
Thùy linh Cao thị,shoppe layter cần khắc phục để được hoàn thiện hơn,5,Shopee,10,FALSE,,,,
Tú Phùng,"tiki mua sách khá ổn đấy, nhưng các mặt hàng khác hơi thiếu thì phải. mong cải thiện thêm. ủng hộ sàn của người việt",5,Tiki,25,FALSE,,,,
nguyen huy,ứng dụng rất hữu ích,5,Shopee,5,FALSE,,,,
Minh Hào,lười biếng sáng tạo,5,Sendo,4,FALSE,,,,
Thanh Sam,mua sắm ở sendo ngon bổ rẻ chúc sendo ngày càng lớn mạnh... tôi rất tin vào sendo được kiểm hàng và giao hàng rất nhanh,5,Sendo,26,FALSE,,,,
Minh Tuan Truong,dễ truy cập và tìm kiếm sản phẩm cần thiết. nhiều sản phẩm trợ giá tốt. sẽ ủng hộ kênh mua sắm online này.,5,Shopee,24,FALSE,,,,
Thuan Phat,bỏ tên máy chủ máy thư viện về cam mũ chia không muốn thấy nữa,5,Lazada,15,FALSE,,,,
Khanh Nguyễn văn,đúng hàng,5,Lazada,2,FALSE,,,,
vô thường. tv,tiện lợi cho cuộc sống hiện đại.,5,Lazada,7,FALSE,,,,
Nhất Bùi Minh,"aap sử dụng mua sắm , hàng giao rất ok luôn",5,Tiki,11,FALSE,,,,
Huy Nguyen,tuyệt vời tôi mua hàng khá nhiều tiền trên này rồi,5,Shopee,11,FALSE,,,,
Xuân Trường Phạm,đây là ứng dụng duy nhất tôi sử dụng,5,Tiki,9,FALSE,,,,
Phương Phương,rất tốt giao hàng rất nhanh,5,Tiki,6,FALSE,,,,
NGUYỄN THẢO Vy,tiki rất tốt mua sắm online thuận tiện,5,Tiki,8,FALSE,,,,
Trị Thiên Bình,"khá uy tín, đặt đồ nếu có lỗi, vote 1 thì 5p sau có chuyên viên gọi tới tư vấn blabal:)) tuy vẫn vote 1 sao cho sách nhưng app thì ngon",5,Tiki,32,FALSE,,,,
Tùng Nguyễn,rất tuyệt vời 👍👍👍👍,5,Tiki,4,FALSE,,,,
Trường Phạm,dùng tôt,5,Tiki,2,FALSE,,,,
Hao Jin,okie,5,Shopee,1,FALSE,,,,
Ntsum Haam,ứng dụng này rất quan trọng đối với các bạn có thể sử dụng để mua sắn..,5,Sendo,17,FALSE,,,,
Anh Quang,kiểm tra tôi thấy shop tiki shop được ok,5,Tiki,9,FALSE,,,,
Dai Nguyên,đc kiểm tra hàng không shop,5,Lazada,6,FALSE,,,,
Thuy Bui,ok lắm cả nha đồ rẻ chất lượng,5,Shopee,8,FALSE,,,,
Thị Tuyết Mai,uống rất ngon,5,Tiki,3,FALSE,,,,
Sương Sương Mộc,rất hay và tốt,5,Shopee,4,FALSE,,,,
đào xuân Tính,rat ok,5,Tiki,2,FALSE,,,,
Thanh Nga,tiki ơi!tui vừa xem qua thấy quyển mà anh tui đặt mua cảm ơn tiki nhiều nha!,5,Tiki,17,FALSE,,,,
TÔN Long,"thích ,mua hàng rẻ",5,Shopee,4,FALSE,,,,
Thuy Diem,hàng mua về được gói rất kĩ,5,Tiki,7,FALSE,,,,
Muoi,bán và giao hàng nhanh hơn trước đây và có cải thiện chất lương .,5,Shopee,15,FALSE,,,,
Khanh Sky,"mua hàng uy tín, giá rẻ",5,Lazada,6,FALSE,,,,
Lai Hương Nguyễn Dạ,giá rẻ hơn sàn tk nha còn hay live,5,Shopee,9,FALSE,,,,
Nguyễn Thảo Nguyên,hữu ích và nhanh chóng mua sắm dễ dàng và nhanh chóng chính sách phù hợp .,5,Shopee,17,FALSE,,,,
Thanh Tran le,uy tín chất lượng ok,5,Shopee,5,FALSE,,,,
Trần Thức,app sendo bán sao ko thấy,5,Sendo,6,FALSE,,,,
thehien vo,"rất tốt,rất tốt nhất rồi .",5,Lazada,6,FALSE,,,,
Hào Lý Anh,"khá là ok, giảm giá quá ngon",5,Shopee,7,FALSE,,,,
Nhuong Quach,"mua hàng rất tiện dụng và nhanh chóng, giá cả phù hợp với nhiều mặt hàng",5,Shopee,16,FALSE,,,,
Thành Thắng,perfect,5,Tiki,1,FALSE,,,,
Hien Pham,san pham tốt gửi hang nhanh,5,Tiki,6,FALSE,,,,
Bông Kẹo,đây là ứng dụng mà tui tin tưởng nhất,5,Tiki,9,FALSE,,,,
ker HACK,tui cam thay hai long,5,Tiki,5,FALSE,,,,
Đức Nguyen,rất hài lòng đúng như sản phẩm giới thiệu xứng đáng 5*,5,Tiki,12,FALSE,,,,
Văn Bảnh Nguyễn,giao hang truoc ngay hen rat quy tinh hop dong goi ok,5,Tiki,12,FALSE,,,,
Tam Tran,mua đồ trên sendo mua cũng ok,5,Sendo,7,FALSE,,,,
Mỹ viện ngọc hoa Phạm,tuyệt vời hơn 👏💯,5,Lazada,4,FALSE,,,,
Kim Hoài,dung ok lai giao hang nhanh shipper vui ve rat chat luong,5,Shopee,12,FALSE,,,,
Mo Phan,"quạt thật giống hình, cầm chắc tay, tiếng kêu vừa phải, k ồn, có bốn chế độ gió được điều chỉnh bằng 1 nút công tắc",5,Tiki,26,FALSE,,,,
Hanh Kieu,rất hay,5,Shopee,2,FALSE,,,,
Ngọc Ánh Trần,đóng gói kỹ càng cẩn thận chất lượng hàng không tồi,5,Tiki,11,FALSE,,,,
Hoàng Anh Cao Thị,ko còn gì để mô tả nữa rất rất xịn nha,5,Shopee,11,FALSE,,,,
Kiên Nguyễn,hàng dễ đặt dễ thanh toán :),5,Lazada,7,FALSE,,,,
TVH TVH,ngon,5,Tiki,1,FALSE,,,,
Thanh Phong Nguyen,"tốt , tiện ....",5,Shopee,4,FALSE,,,,
Nhâm hoài thư Nguyen,meeee,5,Tiki,1,FALSE,,,,
Pham An,tôi rất thich sen do phí ship thấp hàng giảm giá nhiều được xem hàng thoải mái khi nhận,5,Sendo,19,FALSE,,,,
Minh Nguyen,bên tiki cho xem hàng ko vậy,5,Tiki,7,FALSE,,,,
Mỹ Duyên Đặng thị,rất hài lòng 💖💖💖,5,Tiki,4,FALSE,,,,
Tư Bé,đáng tin tưởng,5,Tiki,3,FALSE,,,,
Văn Hoài Lừong,mik thích nhất là giao hàng nhanh,5,Tiki,7,FALSE,,,,
HOANG TRIEU NGUYEN,nhân viên giao hàng rất thân thiện,5,Lazada,7,FALSE,,,,
Tuan Tran,chất lượng dịch vụ tốt . hàng hóa còn nhiều bất cập về chất lượng cần quản lý tốt hơn để dịch vụ ngày một phát triển hơn nữa,5,Shopee,29,FALSE,,,,
Đinh Thăng Nguyen,tiki rất nhẹ dung lượng,5,Tiki,5,FALSE,,,,
Dang LongBien,ứng dụng dùng ok,5,Lazada,4,FALSE,,,,
Nhà Nghèo Công Tử,"nhiều mặt hàng, dẽ tìm, hàng hoá ok",5,Shopee,8,FALSE,,,,
hung le,kha hay,5,Sendo,2,FALSE,,,,
Ba Linh Le,narrow,5,Sendo,1,FALSE,,,,
Thạnh Hữu,rẻ ak,5,Lazada,2,FALSE,,,,
Hoàng Long Lê,app bán đồ rẻ ok nhưng mà đừng cho cccd được không ạ vì khá mất thời gian để tìm kiếm á,5,Lazada,22,FALSE,,,,
nguyen oanh,sp chính hãnh,5,Tiki,3,FALSE,,,,
bien hoa,mọi thứ ok. khi cần hỗ trợ là cskh nhiệt tình ok.,5,Shopee,12,FALSE,,,,
Hoàn Tạ,haha,5,Tiki,1,FALSE,,,,
Vân Nguyễn,quá tuyệt vời giao hàng sớm hơn dự kiến tóm lại là quá tuyệt vời(^_^),5,Tiki,15,FALSE,,,,
Nhứt Lợi Phan,đc kem hag,5,Tiki,3,FALSE,,,,
Khánh Nguyễn,ứng dụng này quá hay,5,Shopee,5,FALSE,,,,
thành long trần,tiện ích tốt,5,Sendo,3,FALSE,,,,
Mình Đuc Nguyên,ok rất tuyệt,5,Sendo,3,FALSE,,,,
Thanh Trần,"app tốt , các bạn có thể tải về trải nghiệm thử xem nhé",5,Shopee,14,FALSE,,,,
Cẩm Ly Nguyễn Thị,mới đặt hàng chưa giao nên hok bt,5,Sendo,8,FALSE,,,,
Dân Nguyễn Ngọc,tôi muốn tốt hơn nữa cảm ơn bạn,5,Lazada,8,FALSE,,,,
Trinh Ha,tiki vừa tiện lại vừa nhanh 2h đã giao tận nhà,5,Tiki,11,FALSE,,,,
linh ha,mua sắm online tại đây rất vui,5,Lazada,7,FALSE,,,,
Tien Tran,xài tốt ok,5,Sendo,3,FALSE,,,,
Thinh Ho,cần nâng cấp thêm nhiều tính năng để cạnh tranh vs các đối thủ khác,5,Tiki,15,FALSE,,,,
Dong Phuong,"phím bấm êm, hy vọng máy bền",5,Tiki,7,FALSE,,,,
Trong Trân,giao hàng nhanh và bảo vệ hàng thích chu đáo,5,Shopee,10,FALSE,,,,
Huy Mr.,giữ mùa dịch mà vẫn giao hàng nhanh chóng.chưa quá 3 ngày không như tiki mua gần 1tháng chưa giao🤣 ủng hộ sendo,5,Sendo,23,FALSE,,,,
Huyền Nguyễn,ứng dụng khá ổn áp cho 5 sao rất xứng,5,Lazada,10,FALSE,,,,
Hữu Hoàng Dương,hài lòng rất tốt,5,Lazada,4,FALSE,,,,
My Nguyen,"nhà mình ăn rau, thịt, cá, gạo, dầu ăn... 90% các thứ phải đi chợ mua thì đều mua trên app sendo farm, giá rẻ, đồ ngon, cái nào bị hư thì quay video chụp hình lại, được hoàn tiền, quá tốt luôn. đi đâu mình cũng giới thiệu mọi người tải app xài. chung cư mình là điểm nhận hàng của sendo nên rất tiện, có hàng là xuống sảnh lấy, khỏi ra ngoài đường, nhiều khi mưa gió nắng gắt ngại ra chợ, ở nhà chờ hàng giao tới thôi.",5,Sendo,92,FALSE,,,,
Gia Bảo Nguyễn Thái,rẻ nhanh,5,Sendo,2,FALSE,,,,
nguyen hiep lv,mua hàng online mà cho xem hàng kiểm tra hàng là mình rất thích cho 10 sao luôn,5,Sendo,18,FALSE,,,,
Thanh Trần,cảm ơn người đã tạo ra tiki,5,Tiki,7,FALSE,,,,
Khang,giao hàng nhanh chóng đóng gói hàng kĩ lưỡng,5,Tiki,9,FALSE,,,,
Phượng Cao,tốt rất vui ve ok luôn,5,Lazada,6,FALSE,,,,
Long Tran,tiki là một trong những shop uy tín hàng đầu,5,Tiki,10,FALSE,,,,
anh thức,tốt đồ thì cũng rẻ nhưng mà đợi hàng thì đâu về,5,Shopee,12,FALSE,,,,
Hùng Phong Văn,giao hàng đúng như quản cáo hàng sử dụng chất lượng tốt đôi khi cũng hơi giao chậm.,5,Sendo,18,FALSE,,,,
Linh Le,"mong ứng dụng đánh giá, kiểm định giá trị chất lượng sản phẩm của các shop bán hàng.",5,Lazada,18,FALSE,,,,
Hue Nguyen,nhận hàng ko đúng đổi trả hoàn tiền . shopee xử lý thật nhanh gọn rất tốt. tôi rất hài lòng . cảm ơn shopee nhiều lắm. chúc shopee ngày càng phát triển mạnh.,5,Shopee,34,FALSE,,,,
Chạy Huỳnh văn,xuất sắc,5,Lazada,2,FALSE,,,,
Ha Hong,sendo ok lam,5,Sendo,3,FALSE,,,,
Bụt Ông,sách đẹp bé rất thích,5,Tiki,5,FALSE,,,,
Dung Pham,bán hàng có tâm . chất lượng tốt,5,Sendo,8,FALSE,,,,
An Nguyễn,giao nhanh hàng ko bị móp méo khi nhận nhiều ưu đãi,5,Lazada,12,FALSE,,,,
Ha Tran,đung hẹn giao!,5,Sendo,3,FALSE,,,,
Cương Hoàng,0ki,5,Sendo,1,FALSE,,,,
Vanloc Ho,de mua de dac moi người nên thử nha,5,Sendo,9,FALSE,,,,
Minh Sơn Hà,trải nghiệm mua sắm trên lazada. rất là ok tôi đã mua sắm rất nhiều sản phẩm và tin tưởng bởi lazada.....,5,Lazada,22,FALSE,,,,
Phuong Minh,tôi chưa sử dụng ứng dụng này gia đình tôi sử dụng ứng dụng này rất hài lòng khi mua hàng nhân viên giao hàng tận tâm vui vẻ,5,Sendo,29,FALSE,,,,
Anh Bui,giao hàng đúng hẹn chất lượng tốt giá,5,Lazada,8,FALSE,,,,
Bii Trần,nên có phần thả tim bình luận của shop. rep thì shop mất công rep lại để không tụt % phản hồi. không rep thì thật áy náy vì shop đã mất công rep mình.,5,Lazada,35,FALSE,,,,
Thị Hồng Mai Hà,app này uy tín hơn đâu như như app mua hàng nào đó,5,Lazada,13,FALSE,,,,
Trang: VayTotNhat.C0M,vay 0% online vô trang vaytotnhat,5,Sendo,6,FALSE,,,,
Vlog Kiệt Gây Mê,tiki muốn mua j cũng đc,5,Tiki,6,FALSE,,,,
Hào 247tv,được nhưng mai mốt phải làm hàng đẹp đẹp hơn miếng chất lượng,5,Tiki,13,FALSE,,,,
Ngoc Nguyen Minh,đơn giản dể sử dụng. ok,5,Sendo,6,FALSE,,,,
Haidang Nguyen,"giao nhanh , hàng chính hãng , rất ổn . tui vô cùng thích luận",5,Tiki,15,FALSE,,,,
Thu Bui,giá rẻ hàng tốt,5,Shopee,4,FALSE,,,,
Duc Le minh,"tốt, giao hàng nhanh, shiper nhiệt tình.",5,Tiki,7,FALSE,,,,
Hùng Hùng,"hàng có giá tốt, giao hàng đúng hẹn,",5,Shopee,8,FALSE,,,,
Khen Phan,"rất tuyệt vời, 10₫ nên tải dùng nha mn",5,Shopee,9,FALSE,,,,
Hiếu Liêm Huỳnh,đẹp như giới thiệu,5,Tiki,4,FALSE,,,,
PHẠM LUÂN,cần phát triển chất lượng thêm,5,Lazada,6,FALSE,,,,
maysen bui,ship nhanh ghê app tiênn lợi,5,Tiki,6,FALSE,,,,
Phan Hung,hàng thấy tốt,5,Sendo,3,FALSE,,,,
Vũ Thành Đạt,tốt rất tốt,5,Sendo,3,FALSE,,,,
Phương Thanh Đỗ,khá ok giao hàng tận tình vs lại cx nhanh nx,5,Tiki,11,FALSE,,,,
Dụng Trịnh,hàng chuẩn,5,Lazada,2,FALSE,,,,
Toi Le,cũm cũm,5,Shopee,2,FALSE,,,,
Nghia Chinh,lâm gia,5,Tiki,2,FALSE,,,,
Star Lucky,tuyệt vời cho 5*,5,Tiki,4,FALSE,,,,
Khuê Ngọc,hay dk,5,Sendo,2,FALSE,,,,
Nguyễn Huệ,chất lắm nha,5,Tiki,3,FALSE,,,,
Van Hai,hợp lí,5,Tiki,2,FALSE,,,,
Nam Nguyễn lĩnh,tiện lợi và hữu ích,5,Tiki,5,FALSE,,,,
Phương Còi,okiii,5,Shopee,1,FALSE,,,,
Hongvan Đang,hay tốt chất lượng,5,Shopee,4,FALSE,,,,
Quang Nguyen Nhat,thật tuyệt vời!,5,Shopee,3,FALSE,,,,
Nguyên Võ,lazada giúp tôi mua hàng dễ dàng hơn,5,Lazada,8,FALSE,,,,
Nhan Pham,rất tiện lợi cho ng tiêu dùng,5,Lazada,7,FALSE,,,,
Đắc Giao Nguyễn,theche,5,Lazada,1,FALSE,,,,
Rôm Rôm,hiêu ưng lazada này sao đạt hàng lâu tơi vây,5,Lazada,10,FALSE,,,,
Thủy Phan Thị,giao hàng uy tính chất lượng cao,5,Lazada,7,FALSE,,,,
Huu luan Nguyen,không lo hàng giả.,5,Tiki,4,FALSE,,,,
Lượng Lê,nhanh chóng uy tín,5,Sendo,4,FALSE,,,,
Luong p.nguyen,"giao hàng nhanh , cám ơn nhé ...",5,Shopee,8,FALSE,,,,
T3an Nguyen,tuyển,5,Sendo,1,FALSE,,,,
THÀNH THẬT NGUYỄN,ve rygood,5,Lazada,2,FALSE,,,,
lý cao,giao hàng nhanh,5,Sendo,3,FALSE,,,,
Huy Tong,app lazada này nhiều đồ đẹp vãi tôi thấy bắt đầu thích lazada này rồi nhé 5. sao là xứng đáng,5,Lazada,21,FALSE,,,,
Thanh Võ,đơn giao hàng phải đúng giá như đã đặt hàng cũng yêu cầu chất lượng như quảng cáo,5,Lazada,18,FALSE,,,,
Kirito Hack,choice tốt,5,Lazada,2,FALSE,,,,
Văn Dũng Nguyễn,qua tiec voi,5,Sendo,3,FALSE,,,,
Vanphuc Ngo,hang giao tốt,5,Shopee,3,FALSE,,,,
Trung Nguyễn,"cực kì ủng hộ tiki now vì ship nhanh trong 2h,mong tiki sẽ nhiều mã khuyến mãi hơn :))))",5,Tiki,19,FALSE,,,,
Trang Web: VayTotNhat.C0M,"ai cần 6tr vào vaytotnhat này, góp 500k tới khi đủ. good app shipper trả thấy giao hàng mà hoàn đơn về đúng là mấy ông shipper ở shopcưt đi làm vì đam mê😡😡",5,Shopee,34,FALSE,,,,
Tấn Phát,"tiki giao hàng nhanh , uy tín , chất lượng nhưng phần 10s on top của tiki hay bị lỗi mình trả lời đúng 7 câu mà tiki chẳng cộng thêm cho mình xu nào mặc dù vẫn trả lời trước 10s mong tiki khắc phục ạ",5,Tiki,47,FALSE,,,,
Thuong Tran,ứng dụng này đã để lại ấn tượng cho tôi,5,Shopee,10,FALSE,,,,
in LONGVAN,chưa sài chưa bik,5,Tiki,4,FALSE,,,,
Thảo Tiến,mua rat tien,5,Tiki,3,FALSE,,,,
Nguyen Hung,ok chất lượng,5,Lazada,3,FALSE,,,,
Minh Anh,"được rất ok cho người nào thích mua nhiều và có thể kiếm này kiếm nọ rất ok ,mọi người nên tải tiki về dùng ,rất tốt không gây chục chặc gì nên an toàn ,rất ok ^-^",5,Tiki,38,FALSE,,,,
Huong Quach,app rất tối,5,Sendo,3,FALSE,,,,
Phuong Tat,sao không mua được,5,Shopee,4,FALSE,,,,
Thuận Le van,sendo la ứng dụng hữu ích va tiện loi cho người dùng,5,Sendo,12,FALSE,,,,
Ho Minh Du,huu it trong viec mua sam,5,Sendo,6,FALSE,,,,
Natasha,mọi người đang dịch covid cho nên nó giao lâu,5,Sendo,10,FALSE,,,,
Minh Phan thị,chưa sử dụng ứng dụng này nhưng cứ ủng hộ để họ phát triển .,5,Tiki,15,FALSE,,,,
Yaj Sab Muas,quá ok nhưng có những hàng đáp hơn với ngoài thị trường nữa,5,Shopee,13,FALSE,,,,
Văn niên Vì,h choi ďuoc gta 5 gioi,5,Tiki,6,FALSE,,,,
Lan Nguyen Duc,sản phẩm này quả là chất lượng ạ.e dùng thấy ok nên mọi người nhờ e mua hộ mấy lần rồi.san phẩm cực tốt nha mọi người,5,Lazada,27,FALSE,,,,
Quyên Hà,sản phẩm đẹp,5,Shopee,3,FALSE,,,,
Mobile Du,rất ổn,5,Sendo,2,FALSE,,,,
Uyên Nguyễn,app ok ... rất tốt,5,Shopee,5,FALSE,,,,
Hương Nguyễn Thu,"tuyệt vời, giờ shopee lại còn có chương trình đồng kiểm nên sẽ ưu tiên mua đồ trên shopee, mong shopee có chương trình trợ giá sản phẩm thay đổi liên tục như thời gian này hỗ trợ quần áo hay giày dép size, nhỏ, thời gian sau lại hỗ trợ giá size to để ai cũng được hưởng giá tốt",5,Shopee,61,FALSE,,,,
Thanh Huynh Thanh,luôn tin tưởng sản phẩm,5,Tiki,5,FALSE,,,,
Mixka Thang,oki nhoa,5,Shopee,2,FALSE,,,,
Vo Hung,"hệ thống hoạt động tốt, hiệu quả hơn so với thời gian trước, quản lý các shop hiệu quả hơn rất nhiều",5,Shopee,22,FALSE,,,,
Thanh Sang,app tốt giao hàng nhanh 👍,5,Tiki,6,FALSE,,,,
Kim Đức Tống,vi vu vi vu tốt quá,5,Shopee,6,FALSE,,,,
trung nguyen,ok chuẩn,5,Shopee,2,FALSE,,,,
HOA,tốt nhất gì cũng có,5,Shopee,5,FALSE,,,,
Yến Bé,rẻ nha con free ship ko như shoppee lon què,5,Lazada,10,FALSE,,,,
Nhân Phuong,tốt nên tôi cho 5sao,5,Shopee,5,FALSE,,,,
Phong Vân,10₫ ko có nhưng,5,Lazada,4,FALSE,,,,
Dũng Nông,ứng dụng rất hay . đặt hàng shop giao hàng nhanh .,5,Sendo,12,FALSE,,,,
seira gacha,nếu mình đặt 2 đơn từ 2 shop khác nhau thì có thể gộp đơn giao cùng 1 lúc được ko?,5,Lazada,21,FALSE,,,,
Cutes1tg Din,áhíhí xin lỗi app zì sự ngu ngốk của toi lúc đók:,5,Tiki,12,FALSE,,,,
Mai Anh,rất nhiều đồ lạ nha 10điểm,5,Lazada,6,FALSE,,,,
Truong Khanh,tiki rất hay chỉ 2 ngày mà đã giao hàng,5,Tiki,10,FALSE,,,,
Thong To Van,"hy vọng tiki luôn kiểm soát được các nhà bán các sản phẩm cho người mua không bị cảnh treo đầu dê bán thịt chó. cả nhân tôi đã bị hố rồi, ngao ngán lắm.",5,Tiki,35,FALSE,,,,
Thu Phuonqq (Puny),tôi rất ghét khi đang nhập 😠😠,5,Tiki,7,FALSE,,,,
Nguyen Nguyen,ứng dụng tốt nha,5,Sendo,4,FALSE,,,,
ngoc vi,toàn điện đắt tiền xịn,5,Tiki,5,FALSE,,,,
Han luu,tôi muốn mua hàng trả sau.sao không được,5,Sendo,8,FALSE,,,,
Bế Ngọc Minh Hải,excellent,5,Tiki,1,FALSE,,,,
Tomy teo Nguyên tomyto,tiện lợi hơn và chất lượng thì cũng được 😅,5,Shopee,10,FALSE,,,,
༺Nam༒SeVeղ༻ ༺Nam༒SeVeղ༻,gắt tốt,5,Sendo,2,FALSE,,,,
Nhàn thanh,rẻ miễn phí ship,5,Shopee,4,FALSE,,,,
Thuận Hoàng,tôi muốn mua hàng trong ứng dụng sendo,5,Sendo,8,FALSE,,,,
DOI LE,app sử dụng rất tốt và là nơi mua sắm có trách nhiệm và rất huy tín cho người dùng,5,Sendo,20,FALSE,,,,
Canh Nguyen,ưii,5,Tiki,1,FALSE,,,,
Hung Vo,nhanh chóng tiện lợi minh bạch rất tốt,5,Shopee,8,FALSE,,,,
Phi Nguyễn văn,ok lazada luôn luôn ủng hộ,5,Lazada,6,FALSE,,,,
Cat Ngô,tôi muón mua nhanh,5,Tiki,4,FALSE,,,,
Anh Em,5 s,5,Sendo,2,FALSE,,,,
Mây Vương,ding dưỡng. luật hấp dẫn.k.o£,5,Tiki,5,FALSE,,,,
Thai Doanmanh,hàng đẹp đeo vừa tay,5,Lazada,5,FALSE,,,,
NGOAN VU,"ok shopee được hơn tiktok, bên đó shiper ăn cắp hàng còn hành hung khách,ben tiktok bán hàng thì bán đồ hư lừa đảo. shopee có điều chưa có tính năng chặn hay báo cáo ng kaj nt gửi link lạ mong shoppe cải thiện tính năng bày dễ dùng và hiệu quả hơn tí",5,Shopee,55,FALSE,,,,
Cường Trần,mua tốt,5,Sendo,2,FALSE,,,,
Du Vu Van,chẳng ra gì,5,Sendo,3,FALSE,,,,
Văn Tôt Thi,app tôi rất thích tôi đăng nhập tài khoản mua hàng dể hàng hơn mấy app kia tôi rất thích tôi 5 sao ***** cám ơn các bạn nhiều,5,Sendo,29,FALSE,,,,
Thanh Thảo Lê Minh,"trang web mua hàng dể sử dụng, ít bị lừa đảo, ít bị treo đầu dê bán thịt chó",5,Lazada,19,FALSE,,,,
Anh Viet,kilpđđô,5,Tiki,1,FALSE,,,,
le giang Nam,ô hay nhỉ,5,Sendo,3,FALSE,,,,
Nghia Nguyen,tot tốt .,5,Sendo,3,FALSE,,,,
Thị Hà Phạm,vẫn là 5 ông sao tuyệt vời,5,Lazada,7,FALSE,,,,
Đình Võ,10 sao nha,5,Sendo,3,FALSE,,,,
Yên Nguyễn,hữu ích trong việc mua sắm đồ,5,Shopee,7,FALSE,,,,
Quang Nam,ổn áp,5,Tiki,2,FALSE,,,,
Duy Khang,đề nghị shopee cho khác hàng tự lựa chọn đơn vị vận chuyển như lúc trước. h phí quá cao đơn vị vận chuyển không phù hợp . nói chung là cho lựa chọn như trước là được,5,Shopee,38,FALSE,,,,
Thanh Long Đỗ,"rất tốt, tiện lới và tin cậy",5,Sendo,7,FALSE,,,,
An Dĩ,tót,5,Tiki,1,FALSE,,,,
Khánh Nguyễn Văn,phục vụ rất tinh tế và tử tế mà hàng đẹp nữa 5 sao không nói nhiều,5,Shopee,17,FALSE,,,,
Dut Phan,ok cài đặt được,5,Lazada,4,FALSE,,,,
Tam Gầy 81,tot giao hang nhanh,5,Sendo,4,FALSE,,,,
Hậu Cao,sịn,5,Shopee,1,FALSE,,,,
Dinh Ca,giá rẻ nhất,5,Lazada,3,FALSE,,,,
Quynhanh Nguyen,nhiều mã 0đ lắm aa,5,Shopee,5,FALSE,,,,
Minh Anh,đúng như quảng cáo,5,Tiki,4,FALSE,,,,
Tien Nguyen,up,5,Sendo,1,FALSE,,,,
Dieu Phan,"hàng hóa thì ok nhưng tiền phí ship quá cao, nhưng vẫn ủng hộ 5* để sen đỏ cải thiện ...",5,Sendo,21,FALSE,,,,
Tùng Đỗ,giao hàng vui vẽ.và hài lòng. tốt,5,Tiki,7,FALSE,,,,
Sơn Nguyễn,tuyểt voi,5,Sendo,2,FALSE,,,,
Phuc Huynh,tien lợi,5,Shopee,2,FALSE,,,,
Chinh Nguyen Van,giao hàng nhanh,5,Lazada,3,FALSE,,,,
Trễ Nguyễn,đồ quá rẻ,5,Shopee,3,FALSE,,,,
Ngoc_tien Ngo,rất tốt cho việc mua sản phẩm,5,Sendo,7,FALSE,,,,
hoa le,"sendo ok chất lượng tuyệt đỉnh ,",5,Sendo,7,FALSE,,,,
Đặng tuấn Linh,trang mua bán online thậy tyệt!,5,Shopee,6,FALSE,,,,
Quang Lê Kỳ,ok.xứng đáng 5 sao.,5,Shopee,4,FALSE,,,,
Thái Đỗ,nhanh chống,5,Tiki,2,FALSE,,,,
Kiên Nguyễn,ngon bổ rẻ,5,Shopee,3,FALSE,,,,
Hải yến Ngô,nhiều đồ đẹp hàng chất lượng,5,Shopee,6,FALSE,,,,
Lan Anh Nguyen,đẹp ôm sát,5,Tiki,3,FALSE,,,,
Tuyết Lô Ngọc,hàng về 50-50 thật hoặc giả,5,Shopee,6,FALSE,,,,
Coi Nguyen,tiếng hay song tốt hang tq loai 1 qua hay,5,Sendo,10,FALSE,,,,
QUYEN TRUONG THI,nếu các bạn đặt hàng của tiki thì bấm vào tiki now nha vì hôm qua mình đặt hàng thì hôm nay mình đã nhận được hàng rồi.,5,Tiki,28,FALSE,,,,
Thu Thanh Giàng,cho 5sao,5,Shopee,2,FALSE,,,,
Dung Bui Quang Le,quá tuyệt,5,Lazada,2,FALSE,,,,
Phúc Nguyễn,săn sale ngon,5,Shopee,3,FALSE,,,,
nguyen van,hàng giao đa số đúng chất lượng,5,Shopee,7,FALSE,,,,
Coklo Hung,ngon luôn,5,Shopee,2,FALSE,,,,
Tu Dinh,"nhận từ hôm qua rồi nhé ,hình thức đẹp chất âm hay luôn ủng hộ tiki",5,Tiki,16,FALSE,,,,
Bo Sony,"ok,mình thích nhất là dịch vụ đổi trả",5,Shopee,8,FALSE,,,,
Trần Ngân,"dễ dùng, tin cậy",5,Shopee,4,FALSE,,,,
Đào Nguyễn,"giao hàng đúng hạn, hàng chất lượng",5,Shopee,7,FALSE,,,,
Ngan Nguyen,đánh giá 5 🌟 🌟 🌟 🌟 🌟,5,Lazada,8,FALSE,,,,
Thai Nguyen,hàng nguyên ven nous chung trải nghiệm tốt lém nho,5,Shopee,10,FALSE,,,,
Thư Thiên,giao đung san pham chat luong,5,Lazada,6,FALSE,,,,
Sh Hao,ok.....ok. giao hàng nhanh,5,Lazada,4,FALSE,,,,
Thị Thanh Tính Cao,ban gia re dau ha phi sip fau ha,5,Tiki,9,FALSE,,,,
Lam Tien,có rât nhiêu đô và còn re chua mua lân nào nhung thây rât thích,5,Sendo,15,FALSE,,,,
Phúc Hàng Thanh,dịch vụ ok,5,Tiki,3,FALSE,,,,
Mobile Bằng,đặt hàng trên sen đỏ rất ok các bạn nhé.giao hàng nhanh.chuyên nghiệp thân thiện với khách hàng,5,Sendo,18,FALSE,,,,
NGOC HIEU NGUYEN,shop đã cho tôi một sự mua sắm rất nhiều hữu ích tiện dụng với nhu cầu & giá cả!,5,Shopee,20,FALSE,,,,
Minh Quân Nguyễn,rất tiện ích 🤗,5,Sendo,4,FALSE,,,,
Nguyễn Phương Thúy,"nội dung cực hay, giao hàng nhanh",5,Tiki,7,FALSE,,,,
Nguyễn Minh Huy (Bin),app dùng ok. và rất nhiều tiện ích cho khách hàng sử dụng,5,Sendo,13,FALSE,,,,
Văn Toàn Nguyễn,mua khá oke,5,Shopee,3,FALSE,,,,
Dayy Min's,10đ,5,Lazada,1,FALSE,,,,
Nam cover,"trùm giao hàng nhanh, tiki mà số 2 không ai số 1",5,Tiki,12,FALSE,,,,
Liên Ngo,do dịnh covits hàng khó tới,5,Tiki,6,FALSE,,,,
GITB,ứng dụng mua hàng online tôi thấy ủy tín nhất.,5,Tiki,10,FALSE,,,,
Duy Phạm Huy,hàng tốt ủng hộ việt nam,5,Tiki,6,FALSE,,,,
32-Chu Lê Minh Thư 7/2,"app rất là ok luôn, có đủ mọi mặt hành mình cần, giá cx hợp nx, người giao hàng thân thiện nè, nói chung là app rất là tốt 👍",5,Sendo,30,FALSE,,,,
Thanh Vo,tốt giao hàng nhanh hàng đẹp trang sức đúng đẹp,5,Lazada,10,FALSE,,,,
Vinh Phamthuc,"sen do bán hàng nghiêm tức chuẩn,giao hàng nhanh,đóng gói cẩn thận .hàng đạt yêu cầu.",5,Sendo,16,FALSE,,,,
Phat Ngô,"hàng tốt , quá ok",5,Sendo,5,FALSE,,,,
Phúc Lộc,phí rẻ ok.,5,Lazada,3,FALSE,,,,
Gia Tuan,áp lày tốt tiện lợi,5,Shopee,5,FALSE,,,,
Lê văn Chương,"hàng đạt và rẻ hơn lazada tôi mua mấy lần lazada đều kém báo sàn không có phản ứng, gỡ app luôn bên này thì quãng cáo hơi quá nhiều khi bực mình theo tôi nên quãng cáo khi cần họ tải hoặc vào xem, chứ không nên chạm vào là tới trang luôn làm mất tg thì họ sẽ bực và không thèm vào nữa",5,Shopee,66,FALSE,,,,
Tùng Lâm,ứng dụng còn hơi chậm nhưng nói chung là dùng 0k. nhiều km và cũng mang đến cho ng sử dụng những mặt hàng chất lượng tốt mà giá cực rẻ. cho 5sao,5,Sendo,33,FALSE,,,,
Baolong Nguyenle,tien sip re,5,Sendo,3,FALSE,,,,
Hongvan Nguyen,dich du to,5,Lazada,3,FALSE,,,,
Thu Kiều,vô vay 0% trang 𝐕𝐚𝐲𝟗.𝐂𝟎𝐌 trong 9thang,5,Tiki,7,FALSE,,,,
Kiều Tiên Nguyễn,rất hài long,5,Lazada,3,FALSE,,,,
Binh Thanh,lazada và dịch vụ mua hàng dễ nhất phà giao hàng nhanh gọn tốt nhất ở thị trường việt nam,5,Lazada,20,FALSE,,,,
Ngọc Nguyễn Thị,hang nhu y giao hang nhanh,5,Sendo,6,FALSE,,,,
Trang Tống,"đóng gói tốt, giao hàng nhanh",5,Tiki,6,FALSE,,,,
Tèo Kim,đẹp sạch sẽ..cưng xỉu,5,Shopee,4,FALSE,,,,
bich phan,hỗ trợ nhiệt tình,5,Shopee,4,FALSE,,,,
uyen minh hoang,app này rất tiện lợi,5,Shopee,5,FALSE,,,,
Võ Thị My Du,ko link ko,5,Tiki,3,FALSE,,,,
Cường Nghiệp,cho kiểm hàng chứ ko nhu zadaza và stopping,5,Sendo,9,FALSE,,,,
Khánh Lương,mua sắm đồ online tiện lợi phù hợp,5,Shopee,8,FALSE,,,,
Kha Giàng,ứng dụng sendo rất tốt anh em đặt hàng yên tâm nhé sendo được kiểm tra hàng đánh giá 5.sao ...?,5,Sendo,21,FALSE,,,,
Hải Mai,người việt dùng hàng việt,5,Sendo,5,FALSE,,,,
Kiều Anh Nguyễn Thị,giá thành ổn định chất lương sản phẩm khá tốt,5,Sendo,10,FALSE,,,,
Nguyễn Xuân Lực,app hay,5,Tiki,2,FALSE,,,,
Tâm Thu,tôi luôn hài lòng với sendo 👍,5,Sendo,7,FALSE,,,,
Thanh Tan,tốt qua,5,Sendo,2,FALSE,,,,
Hậu Châu,chăm sóc khách hàng tốt . dù mới mua 1 lần dịch vụ tốt nhân viên nhiệt tình,5,Tiki,18,FALSE,,,,
Trần Minh Thiện La,app cx đc,5,Lazada,3,FALSE,,,,
Thu trans blog,khi vọng sen đỏ làm mình hài lòng,5,Sendo,8,FALSE,,,,
Ðuc Lle,"nhanh chóng, an toàn, hiệu quả, nhưng một số mặt hàng buôn bán chưa rõ nguồn gốc, hơi thất vọng 🤔😪",5,Tiki,21,FALSE,,,,
Hoàng Lê Văn,"shop nên xem lại giá,so sánh với mọi shop khác, hàng hóa cũng còn hạn chế, không đa dạng như shoppe.moi hoạt động khác đều tốt",5,Sendo,26,FALSE,,,,
•[Layla _ chan]•,ứng dụng rất hay nhưng giao hàng chuẩn có nghĩa là gì ko hiểu?,5,Tiki,14,FALSE,,,,
Phương Anh Lê Thị,quá toẹt vời lun! cho 5 sao,5,Lazada,7,FALSE,,,,
Khải Lê,nhanh tiện dụng,5,Lazada,3,FALSE,,,,
Đăng Án Nguyên,mât lòng tin hàng giả mua về ko sử dụng được,5,Shopee,11,FALSE,,,,
Linh Kieu,tương đối tốt,5,Tiki,3,FALSE,,,,
Thanh Giang Hồ,ứng dụng mua hàng trực tuyến rất hữu ích.,5,Tiki,9,FALSE,,,,
Yen Nong,oki,5,Sendo,1,FALSE,,,,
Thu Nguyễn,top 1 trong lòng mình,5,Shopee,5,FALSE,,,,
Mai chi Hau,on,5,Sendo,1,FALSE,,,,
Thanhnguyen Le,"lazada rất uy tính,giao hàng không đúng sản phẩm có thể trả hàng lại được",5,Lazada,15,FALSE,,,,
Nguyễn Song,tốt . nhưng tại sao mọi người bây giơ lai hay dùng mấy ap ngoại nhỉ. mong sao ap (sendo) phát triển mạnh hơn nưa để người vn dùng hàng vn,5,Sendo,31,FALSE,,,,
Thien Duy,rạt toc,5,Lazada,2,FALSE,,,,
Linh Ngô thế linh,có thể đặc hàng yêu thích,5,Shopee,6,FALSE,,,,
Trúc,tot tot tot,5,Sendo,3,FALSE,,,,
Luom Tran,giá cả tuyệt vời dể dàng mua sắm,5,Lazada,8,FALSE,,,,
Hieu Tran,lazada đặc hàng và nhận hàng nhanh hơn dự kiến...,5,Lazada,10,FALSE,,,,
THỌ TRẦN HỮU,freddy del bỏ,5,Lazada,3,FALSE,,,,
Phong Liên,tiện,5,Lazada,1,FALSE,,,,
Nguyên _,"dịch vụ tốt, nhưng nên có số tổng đài hỗ trợ nhanh",5,Shopee,12,FALSE,,,,
PHẠM HỮU BẮC,hàng tiki giá hơi cao nhưng ít hảng giả hơn bên lazada,5,Tiki,12,FALSE,,,,
Vĩ Hùng Tăng,xịn tốt nha tiki,5,Tiki,4,FALSE,,,,
Trang Phạm,dp tốt,5,Tiki,2,FALSE,,,,
Thinh Le,sendo rất tốt.moi người mua ứng dụng này là ok,5,Sendo,10,FALSE,,,,
nhung tran,shoppee giá cả cạnh tranh.gần tết giá vận chuyển tăng giá hơi bị cao.,5,Shopee,14,FALSE,,,,
Hót Dieu,dùng tối mọi người nên dùng,5,Sendo,6,FALSE,,,,
Thực Béo vilos,chúc shop đắt hàng,5,Tiki,4,FALSE,,,,
Sạn Hoàng,sop ơi ok,5,Shopee,3,FALSE,,,,
Vàng Kim,ứng dụng tốt .có thể đặt nhiều mặt hàng mỗi tội tui chưa biết cách săn voucher mà thôi!!,5,Shopee,19,FALSE,,,,
Thuận Nguyen,tốt giao hàng nhanh,5,Sendo,4,FALSE,,,,
Đường Nguyen,ko tồi,5,Sendo,2,FALSE,,,,
Hayang Fachter,app dễ xài với lại shipper thân thiện,5,Tiki,8,FALSE,,,,
Hang Khach,sao mình ko đặc dc áo vet,5,Lazada,7,FALSE,,,,
Phạm Gia Quý,mua hàng trên shopee hay có khuyến mãi miễn phí ship,5,Shopee,11,FALSE,,,,
Tân Nguyễn Minh,"sản phẩm tốt, bền",5,Tiki,4,FALSE,,,,
Phương Trần,"rất hài lòng ,giờ đây mình ngồi nhà cũng có thể mua được mọi thứ ..",5,Shopee,16,FALSE,,,,
Anh Nguyễn Hồng,trang lazada ứng dụng mua hàng cũng là trang rất tiện ích cho người vn ta dễ mua những món hàng mà mình cần tìm và cũng là ung hộ cho shop trên đây cũng dễ bán hàng kiếm thêm thu nhập cho tiệm! và phương thức chọn mua dễ dàng và shipper giao hàng cũng nhiệt tình quá trời luôn ! e cho trang lazada 5sao chuẩn tốt hơn cho mọi người tiêu dùng vn !,5,Lazada,77,FALSE,,,,
Trung Hậu Nguyễn,một app trải nghiệm tốt,5,Shopee,5,FALSE,,,,
Hoa Phạm,tuyệt vời,5,Tiki,2,FALSE,,,,
Hoài yên,mua hàng cug đỡ tốn kém,5,Shopee,6,FALSE,,,,
Phương Nguyễn,ok lắm mọi người 💗,5,Shopee,5,FALSE,,,,
Kiều My Nguyễn Thị,ok rất hài lòng,5,Tiki,4,FALSE,,,,
LoLo tika,phục vụ rất tốt,5,Tiki,4,FALSE,,,,
Hằng Nguyễn,rốt,5,Tiki,1,FALSE,,,,
Hoang Trung,"tôi có một trải nghiệm tốt với lazada, hy vọng phát triển lau dài",5,Lazada,14,FALSE,,,,
Haidang Pham,haha,5,Lazada,1,FALSE,,,,
Nguyễn Thanh Trường,hàng tiki luôn an tâm,5,Tiki,5,FALSE,,,,
Kháng Phạm,ok hay,5,Tiki,2,FALSE,,,,
Phạm Hên,"hàng tốt,đúng như shop giới thiệu 5*",5,Lazada,7,FALSE,,,,
Hương Nguyễn,"rất hay, những mặt hàng cần thiết. giao hàng nhanh.",5,Shopee,10,FALSE,,,,
Thành Lê,xịn khỏi bàn mua hàng chất lượng,5,Lazada,7,FALSE,,,,
NAM HUỲNH HOÀI,"sản phẩm rất ok , giao hàng nhanh",5,Tiki,8,FALSE,,,,
nguyen thien toan,quá tuyệt vời,5,Tiki,3,FALSE,,,,
Đại Hồ công,đang tim bóng den thay the bóng den oto i10 mà chưa tim được ai biết tư vân giùm cam ơn,5,Sendo,21,FALSE,,,,
Ngọc phương Cao,shooper quá ok,5,Shopee,3,FALSE,,,,
Trung Trần Văn,app đặt hàng nổi tiếng ok,5,Shopee,6,FALSE,,,,
Vân Nguyễn,"rất hài lòng, cực kỳ thuận tiện và hữu ích.trải nghiệm khi mua hàng trên ứng dụng luôn luôn hấp dẫn phấn khích",5,Lazada,23,FALSE,,,,
Hau Nguyen,mãi yêu,5,Lazada,2,FALSE,,,,
Bách Gia,túi đã dùng rất ngon,5,Lazada,5,FALSE,,,,
Frishingboy Uyen My,thích mua hàng sendo vì được kiểm tra hàng và ăn tâm,5,Sendo,12,FALSE,,,,
Min Nguyễn,không có mô tả cảm ơn!,5,Tiki,6,FALSE,,,,
Nghia Dang,để xem có bằng shop pi,5,Lazada,6,FALSE,,,,
phan boi,sản phẩm tốt.giao hàng nhanh,5,Tiki,5,FALSE,,,,
Dung Nguyễn,shopee toàn cho voucher đỉnh vl,5,Shopee,6,FALSE,,,,
Tấn Phát Đặng,rat tốt,5,Sendo,2,FALSE,,,,
Duy Thanh Nguyen,tốt sản phẩm đa dạng giá hợp lý,5,Sendo,8,FALSE,,,,
Cam Tu,tôi rất thích mua hàng trên shopee. 💯 điểm không có nhưng,5,Shopee,12,FALSE,,,,
Eh He,giúp mua sắm online,5,Shopee,4,FALSE,,,,
Quốc Đạt Lê,"cực tốt, hãy ủng hộ made in việt nam",5,Tiki,9,FALSE,,,,
Diem Ba,tốt tiện,5,Tiki,2,FALSE,,,,
Thị hải Đặng,các bạn cho mình hỏi có cây súng lục nerf nào ko,5,Sendo,12,FALSE,,,,
Dia Huynh,ap tốt cực ky hai lòng.,5,Tiki,6,FALSE,,,,
Linh Quoc,rất tốt để mua sắm nhung hàng hóa van đắt như ở ngoài chợ vậy.,5,Tiki,15,FALSE,,,,
Minhhung Nguyên,ok tốt trải nghiện đuoc,5,Sendo,5,FALSE,,,,
Lợi Cao viết,"nhanh, thuận tiện,",5,Sendo,3,FALSE,,,,
Ân Phan,"wá tuyệt vời luôn ! còn hơn cả mong đợi sách đóng gói chắc chắn, màu sắc đẹp, giấy in khá giày, giá cả lại phù hợp, còn tặng kèm postcard siu siu đẹp nữa, anh shipper cưng cực kì dễ thương lại thêm giao hàng nhanh trước dự kiến nữa. nói chung là đáng đồng tiền bát gạo!!!🥰😍 5 sao🥳",5,Tiki,61,FALSE,,,,
Thế Cường Đinh,"ứng dụng mua hàng nhiều voucher tin cậy nhất việt nam, uy tín",5,Shopee,13,FALSE,,,,
Nhut Nhut,tot giao han cham giao han nhah them chuc nua,5,Sendo,10,FALSE,,,,
Quy Nguyen,giao hàng nhanh hơn các app mà mik đang dùng,5,Tiki,10,FALSE,,,,
Quang Võ,tiki luôn giao hàng nhanh và uy tín chất lượng tặng tiki năm sao,5,Tiki,14,FALSE,,,,
Bủu Trân quốc,rất tốt các bạn nên cài đặt,5,Sendo,7,FALSE,,,,
Nhật Béo,ứng dụng tuyệtvowif,5,Sendo,3,FALSE,,,,
Hien Pham,tuyiujjhhjjjjj,5,Lazada,1,FALSE,,,,
Quỳnh,giất nhiệt tình và nhiều đồ mới,5,Shopee,7,FALSE,,,,
Thị Phương Thảo Phạm,"hàng hóa đa dạng, giá rẻ, chất lượng. shopee mãi đỉnh",5,Shopee,11,FALSE,,,,
Trần Phương Vũ,hàng chất lượng. đúng như sản phẩm mô tả.,5,Tiki,9,FALSE,,,,
Thuong Mai,trải nghiệm tuyệt vời nhất,5,Sendo,5,FALSE,,,,
Quang Nguyen,"rất có uy tín, chỉ lâu lâu có con sâu bò vào, làm mất hứng khi đặt tiếp",5,Tiki,18,FALSE,,,,
Hoai Nguyen,cũng oke 😞,5,Lazada,3,FALSE,,,,
quang huy Ngo,chao chậm,5,Tiki,2,FALSE,,,,
Capis Nguyen,giao hàng nhanh. chất lượng tốt. tuy nhiên do tiki chọn lọc nên hàng còn khá ít nếu so với các trang tmđt khác,5,Tiki,24,FALSE,,,,
huong dieu,nhanh,5,Shopee,1,FALSE,,,,
Minh Nguyễn Văn,mua hàng rất tuyệt,5,Tiki,4,FALSE,,,,
Thế thảo Nguyễn.,yes quá oke,5,Shopee,3,FALSE,,,,
Thang Nguyen,ok nhiều mã,5,Shopee,3,FALSE,,,,
Thilinh Quach,quá đã,5,Shopee,2,FALSE,,,,
Anh Quynh,rất phù hợp để săn giá thậm trí còn những món đồ lên tới 0đ,5,Shopee,15,FALSE,,,,
Cu Xuân,dùng rất tốt chỉ là giao hàng lâu quá,5,Lazada,9,FALSE,,,,
Phụng Huỳnh,hay giá rẻ,5,Lazada,3,FALSE,,,,
Dương Giáp,tuyệt vời 🌹🌹🌹,5,Shopee,3,FALSE,,,,
Tam Nguyen,oke la,5,Shopee,2,FALSE,,,,
Trong Quy,ứng dụng này không dùng du lieu qua nhiều,5,Lazada,9,FALSE,,,,
Dua Mai,tốt nhìu tiện ít,5,Sendo,4,FALSE,,,,
Van Bui,ok.nhưng hàng hơi chậm,5,Lazada,4,FALSE,,,,
Oanh Oanh,thật tuyệt,5,Sendo,2,FALSE,,,,
Mgfv Tfw,giúp mình đỡ mất thời gian hơn,5,Shopee,7,FALSE,,,,
Đức Phan,tôt lăm,5,Tiki,2,FALSE,,,,
Thị Ấy Phạm,ship quá cao hàng còn rep hơn shipp,5,Lazada,8,FALSE,,,,
Thao Gian,tôi cảm thấy rất tuyệt vời,5,Tiki,6,FALSE,,,,
Cuong Nguyen,thích hợp với thời đại 5.0,5,Shopee,6,FALSE,,,,
Kieuhoaian Nguyen,tiki ngày xưa rất bo hàng cho bên nhà sách văn lang. ngày xưa mình cũng lấy nhiều đơn hàng bên tiki. mong muốn rằng tiki dung có khóa tai khoản của mình nữa,5,Tiki,34,FALSE,,,,
Hằng Trần,rất tuyệt vời nó giúp tôi mua đc nhiều thứ sịn sò và thú vị hơn,5,Sendo,16,FALSE,,,,
Đồng Dư đình,ơn cục mịch ơn cục mịch,5,Lazada,6,FALSE,,,,
Phip Sruk,"múa hàng dễ dàng hơn, và tiết kiệm hơn ,lazada.ơi mình đã mua hàng trên. lazada. nhiều, lazada. có gì tặng quà hàng không,..ok. lazada...",5,Lazada,25,FALSE,,,,
Cao Anh Vũ,hoàn hảo,5,Tiki,2,FALSE,,,,
Lĩnh,tiki giao hàng nhanh,5,Tiki,4,FALSE,,,,
Ben Vo,shopee giải quyết ok mọi vấn đề,5,Shopee,7,FALSE,,,,
LƯU LÊ THANH,ô kê tuyệt vời,5,Lazada,4,FALSE,,,,
Kha Nguyen,tôt,5,Tiki,1,FALSE,,,,
Nang Ngo,tuyệt vời 👍👍👍,5,Sendo,3,FALSE,,,,
Lung Tran,người khác thế nào tôi không biết nhưng với tôi 8 năm rồi tôi mua hàng của shopper vẫn rất ok thanks shopper rất nhiều,5,Shopee,25,FALSE,,,,
Phú Hoàng,giao hàng nhanh đóng gói đẹp nói chung là ok,5,Sendo,10,FALSE,,,,
Vũ lê Tuấn,gay,5,Sendo,1,FALSE,,,,
Phiến Phạm,có nhiều loại sticker ở trên app,5,Lazada,7,FALSE,,,,
Bé Bống tv,"tuyệt vời ,",5,Sendo,3,FALSE,,,,
Ut Tran,quá ok luôn ae,5,Tiki,4,FALSE,,,,
Vuong Hao,rất tốt nha mn,5,Sendo,4,FALSE,,,,
Hanh Tran,sách hay và rất ý nghĩa,5,Tiki,6,FALSE,,,,
tường nè,tôi thích tiki,5,Tiki,3,FALSE,,,,
Lo van sau Lo,hay vs chất lượng áp tiki mãi đỉnh,5,Tiki,8,FALSE,,,,
Thuy Nguyen,nhiều ưu đãi,5,Shopee,3,FALSE,,,,
Luong Giang,tôi rất thích ứng dụng này lazada rất tốt,5,Lazada,9,FALSE,,,,
lịnh lý,khá hài lòng,5,Sendo,3,FALSE,,,,
Ngọc Luy Nguyễn,mình cảm thấy hay hay thuận tiện,5,Sendo,7,FALSE,,,,
ONISAKA Nguyen,"ok, mong tiki sẽ hỗ trợ mình nhìu hơn trong việc mua hàng chẳng hạn như: giảm thời gian giao hàng từ 5-7 ngày xuống còn 1-2 ngày. mong tiki cải thiện thêm một chút nữa. thanks😘😘😘",5,Tiki,37,FALSE,,,,
Dinh Hoang Tran,"shopee r dễ sử dụng, giá cả cả trên app cx r mềm",5,Shopee,13,FALSE,,,,
Diệu Hiền,yêu tiki ghê nên cho 5 sao nè😘😘,5,Tiki,8,FALSE,,,,
Trần Thanh Bình (Nguyễn Thị Hồng Sâm),"chất lượng, kiểu dáng, giao hàng và phục vụ rất tốt",5,Tiki,11,FALSE,,,,
Thu Ngo,cho hỏi có bán thú cưng ko,5,Tiki,7,FALSE,,,,
Jack Dezx jack,shop cũng được nhưng mà tại mình mới chuyển nhà nên ko quen đường nên mình có đặt 1 đơn hàng địa chỉ sai nên người ta giao lộn nhà khác nên mình cũng thấy hơi ngại chứ không phải cố tình bơm hàng lazada nên thêm ứng dụng tự định vị như shoppe để cho không phải có vụ bom hàng do hiểu nhầm lẫn như hôm nay,5,Lazada,69,FALSE,,,,
Chúc Lê,phòng phú sản phẩm.chất lượng tốt,5,Shopee,6,FALSE,,,,
chuli pham,tốt tiện lợi giao hàng nhanh quà nhiều khuyến mãi giảm giá sốc tại lazada,5,Lazada,15,FALSE,,,,
Thanh Hà Nguyễn,"app hay, khuyên mn dùng nhé!",5,Tiki,6,FALSE,,,,
Nansin Korimi,giá vừa rẻ lại còn vừa tiện,5,Tiki,7,FALSE,,,,
Vườn Mai vàng,tốt mua sắm online giá thời siêu rẻ,5,Lazada,8,FALSE,,,,
Euro Hậu,hàng ok lắm.,5,Shopee,3,FALSE,,,,
Hang Vu,app dùng rất tốt,5,Tiki,4,FALSE,,,,
Huy,ok tốt,5,Shopee,2,FALSE,,,,
Lợi Lê,shop ô,5,Sendo,2,FALSE,,,,
Kim Vang,tốt hơn 👍mua sắm tha ra,5,Tiki,6,FALSE,,,,
Uẩn Lê văn,dùng rất oke,5,Lazada,3,FALSE,,,,
Quân Ngo Anh,sản phẩm chất lượng tốt cho người dùng,5,Lazada,8,FALSE,,,,
Nhi Tran van,vá tiệt vời hồi trước chứ sau,5,Tiki,7,FALSE,,,,
Sang Nguyen,lazada mua sắm thả ga,5,Lazada,5,FALSE,,,,
Khuê Phạm,day la ung giung rat tot😻👌,5,Sendo,6,FALSE,,,,
minh trí lê,"dịch vụ tốt, chất lượng",5,Tiki,5,FALSE,,,,
Thành Đào Quang,shopped dang tin cay,5,Shopee,4,FALSE,,,,
Thanh Nguyen,bán rẻ hơn các shop khác,5,Tiki,6,FALSE,,,,
Võ Ngân,ok tiện lợi giao hàng nhanh.cần gì chỉ lướt.,5,Lazada,9,FALSE,,,,
Thị Út Nguyễn,tôi rất hài lòng,5,Lazada,4,FALSE,,,,
Và Vừ Thị,chưa nhận hàng chưa biết có vừa không 🙂‍↔️,5,Lazada,9,FALSE,,,,
Trang Mai,nhiều mặt hàng đa dạng đến giá cả ok,5,Shopee,9,FALSE,,,,
Anh Anh,rất thích,5,Tiki,2,FALSE,,,,
Nhung Nguyen,"đa dạng mẫu mã, tuy nhiên chất lượng và hình ảnh khác nhau",5,Shopee,13,FALSE,,,,
BRAVIA TV,"trải nghiệm tốt, giao diện dễ sử dụng, giá cả và phí vận chuyển ưu đãi, phục vụ tận tình nhanh chóng, riêng về số lượng mặt hàng, hãng còn hơi hạn chế so với các sàn tmđt khác.",5,Sendo,39,FALSE,,,,
Viên Đặng,mới tải về nhưng vẫn cho sen đỏ 5 sao,5,Sendo,10,FALSE,,,,
Dung Nguyen,lazada cũng quá hay giúp ích cho mọi người mua sắm,5,Lazada,11,FALSE,,,,
Rrờn Xanhh,tiki h hết chạy maketing rồi hay sao mà ít thấy quá.,5,Tiki,12,FALSE,,,,
Thành Lê,hài lòng khi mua hàng trên sendo,5,Sendo,7,FALSE,,,,
Ngọc Thanh Nguyễn,"rất đáng mua sắm trên đây lắm nha , mn nên tải về",5,Lazada,13,FALSE,,,,
vinh nguyễn,okie rồi nè 👌👍👍,5,Lazada,4,FALSE,,,,
Ten Lê văn,khá là ok và dể hiểu,5,Sendo,6,FALSE,,,,
Thi Lovan,tốt co gang lâm tốt nua nhá,5,Sendo,7,FALSE,,,,
ngoc le,hàng đc đóng gói cẩn thận,5,Tiki,6,FALSE,,,,
ha phamphuong,"đặt hàng lần đầu chưa, nhận hàng ko biết có nhanh kó",5,Lazada,12,FALSE,,,,
Tưởng Dư,lazada ko kém gì sàn khác.,5,Lazada,6,FALSE,,,,
Nguyễn Khải,làm việc rất tốt,5,Tiki,4,FALSE,,,,
Thanh Long Lê,hàng thật tiền thật tiền nào của đó . app tiki rất ok . đẳng cấp gấp 20 lần lazada mn nhé . chứ ko phải hàng lazada ko y hình,5,Tiki,31,FALSE,,,,
Phương Sang Lê,rất nhiều iu đãi khách hàng,5,Shopee,6,FALSE,,,,
Châu Huỳnh,hàng rẻ & chất lượng tốt.,5,Tiki,6,FALSE,,,,
Sinh Phát,"tất cả hàng hóa đều bán rất rẻ, chỉ bằng 2/3 giá thị trường, nhất là hàng công nghệ, đồ gia dụng... anh em mua mạnh vào..",5,Lazada,27,FALSE,,,,
Vương Quốc Việt,nhanh an toàn,5,Shopee,3,FALSE,,,,
Nhật huy Nguyễn huỳnh,toàn đồ rẻ,5,Lazada,3,FALSE,,,,
Kiên Hữu,quá đẹp,5,Tiki,2,FALSE,,,,
Hoàng Đặng đình,tiki hàng rẻ giao nhanh,5,Tiki,5,FALSE,,,,
Huong Nguyen,rat tuyet voi,5,Lazada,3,FALSE,,,,
Tiến Lường,hàng đẹp. đóng gói tốt,5,Tiki,5,FALSE,,,,
Tuyet Le,"sp dùng tốt, đáng tiền, lần sau sẽ quay lại mua tiếp",5,Tiki,12,FALSE,,,,
An Lâm,uy tín chất lượng và rất hài lòng,5,Sendo,8,FALSE,,,,
Phat Nguyen,hang đẹp,5,Lazada,2,FALSE,,,,
Ý Trần,ship nhiệt tình mua hàng tiện lợi,5,Shopee,7,FALSE,,,,
Thiện Ngọc,"shop giao đúng quy cách,chất lượng",5,Shopee,6,FALSE,,,,
LanChi Nguyễn,"chất lượng kệ đúng giá thành, giao hàng nhanh.",5,Tiki,9,FALSE,,,,
Meme,oke lskkskd,5,Tiki,2,FALSE,,,,
dra gon,ok nha,5,Shopee,2,FALSE,,,,
Đoàn Đức,sendo cung dc,5,Sendo,3,FALSE,,,,
Triệu Lê,ok lam úng dung nầy ngon,5,Sendo,6,FALSE,,,,
Mỹ phượng Hồng,chịu khó giao tốt,5,Shopee,4,FALSE,,,,
Tuyết Nguyễn,shopee rất có uy tín,5,Shopee,5,FALSE,,,,
Huy Phạm công,ưng ý tuyệt vời,5,Lazada,4,FALSE,,,,
thảo trần phương,dùnh ok,5,Shopee,2,FALSE,,,,
Son Vo,chợ tốt,5,Tiki,2,FALSE,,,,
Thuy Luu,hỏn hẳn palaza hàng chuẩn chất lượng 100/90=95,5,Sendo,8,FALSE,,,,
can tran,sendo phục vụ chu đáo,5,Sendo,5,FALSE,,,,
Son dang Ly,"giá tôt, đô tôt",5,Sendo,4,FALSE,,,,
Rap Rap,các sản phẩm rất tốt 👍,5,Lazada,6,FALSE,,,,
Ânh Nguyen,tìm hàng nhanh,5,Shopee,3,FALSE,,,,
Đua Trần Thị,xuất xắc shopee,5,Shopee,3,FALSE,,,,
He Hi,"hàng đúng với quảng cáo,giao hàng nhanh",5,Lazada,7,FALSE,,,,
Cần Cao,rot,5,Tiki,1,FALSE,,,,
Quốc Thịnh Nguyễn,mua thuận lợi,5,Sendo,3,FALSE,,,,
Quân Khổng văn,ok mng,5,Shopee,2,FALSE,,,,
Fan Vinhmc,có ghẻ tiền không ạ,5,Tiki,5,FALSE,,,,
Hoa Tran,nên cụ thể giá từng sp và giá cước v/c,5,Sendo,10,FALSE,,,,
Thành Hoàng Minh,đc lắm,5,Sendo,2,FALSE,,,,
Thanh Pham,mua j cũng có giá hợp lý có vấn đề về hàng hóa shopee sử lý ngay và luôn quá ok,5,Shopee,21,FALSE,,,,
Minh Nguyễn,tốt rất tốt,5,Shopee,3,FALSE,,,,
Thuan Minh,bán hàng tốt chất lượng,5,Tiki,5,FALSE,,,,
TAN SI TO,xu dùng rất tốt xin cam on.,5,Lazada,7,FALSE,,,,
Người dùng Google,tuyet voi,5,Sendo,2,FALSE,,,,
Cuong Tran,ok 5 sao,5,Sendo,3,FALSE,,,,
San Zang,"sản phẩm đa dạng, hình ảnh phong phú.",5,Lazada,8,FALSE,,,,
A06 Ss,hay,5,Lazada,1,FALSE,,,,
Phung Loan,10 điểm không có nhân,5,Lazada,5,FALSE,,,,
Van lap Nguyễn,tốt nhất có thể tôi tin tưởng shop giao đúng ý của tôi,5,Lazada,13,FALSE,,,,
Ngo MyHanh,hay tải thử đi rồi thy amazing good jop30000♡,5,Sendo,9,FALSE,,,,
Xa Xứ,shopee ok,5,Shopee,2,FALSE,,,,
Hậu Nguyễn,tại sao tiki lướt không vào được vậy ạ bấm vào thì bị văn ra không hiểu tại sao nữa có ai bị như vậy không,5,Tiki,26,FALSE,,,,
Mình Thông Lý,quá thơm,5,Shopee,2,FALSE,,,,
Phú Phạm,app tốt lắm,5,Tiki,3,FALSE,,,,
Van manh Nguyen,nhân viên giao hàng tốt.,5,Sendo,5,FALSE,,,,
Luyên Chủ Thị,nồi đẹp ok giao hàng thân thiện,5,Tiki,7,FALSE,,,,
Hằng Thanh,đặt bình nước bình thường quá ok,5,Tiki,7,FALSE,,,,
Khoa Truong,"giao nhanh , shipper thân thiện",5,Shopee,6,FALSE,,,,
DO GU GU,tương lai,5,Shopee,2,FALSE,,,,
Chau Nguyen,"rất tốt, giá cả phải chăng",5,Shopee,6,FALSE,,,,
Sơn Bùi,giao hàng tận nơi tốt. tôi hài lòng,5,Tiki,8,FALSE,,,,
Thuy Nguyen,lazada ít lỗi hơn shopee mua hàng dễ còn shopee khi gặp lỗi m02 hay m04 là khỏi mua hàng,5,Lazada,20,FALSE,,,,
Yến Hồng Vũ,quá tuyệt vời nhanh và gọn gàng,5,Sendo,7,FALSE,,,,
Thanh Lai,ok sop,5,Tiki,2,FALSE,,,,
Lượng Thăm,nguyễn quang hải,5,Tiki,3,FALSE,,,,
Nguyen Truong Giang,"tốt, nhanh nhưng cần xem lại giá cả, một số mặt hàng cao giá hơn lazada",5,Shopee,16,FALSE,,,,
Lesaubi,tốt..nhưng phí vận chuyển hơi cao,5,Sendo,6,FALSE,,,,
Huynh Ra,rât tốt,5,Shopee,2,FALSE,,,,
Khen Trần,"giá rẻ mà free ship, khuyến mãi nhiều, 90% mua sắm ở đây.",5,Shopee,13,FALSE,,,,
Lâu Nguyễn,hàng rất tiệc vơi 10 điểm,5,Shopee,6,FALSE,,,,
Van Le,rqt ok,5,Sendo,2,FALSE,,,,
Vanlong Truong,từ khi có hổ trợ được đồng kiểm tôi rất hài lòng với shopee. tks shopee! tôi sẽ đồng hành.,5,Shopee,20,FALSE,,,,
Minh Nguyễn,"chẳng may đăng xuất tài khoản , đăng nhập lại thì bị mất đơn hàng",5,Shopee,15,FALSE,,,,
Khach Vjp,mua hàng giao tận nơi ổn nha,5,Shopee,7,FALSE,,,,
Tú Nguyễn,sản phẩm tốt giá hợp lý,5,Tiki,6,FALSE,,,,
Hậu Lê,hàng ok nhưng không thấy phiếu bảo hành,5,Tiki,8,FALSE,,,,
Hung Do,mua hàng trên sendo được đồng kiểm và được tét hàng nên khi mua hàng rất an tâm.không sợ bị shop lừa.chúc sendo phát triển vững mạnh.,5,Sendo,27,FALSE,,,,
Công Lê Công,ap này ngon thí mua đc 10 bị bánh tráng xi ké có 100 kk,5,Shopee,15,FALSE,,,,
Ái Quyên,yêu tiki,5,Tiki,2,FALSE,,,,
Trần Đăng Khôi Nguyễn,ổn,5,Sendo,1,FALSE,,,,
Hiếu Thái,tốt oke,5,Sendo,2,FALSE,,,,
Hoang anh Nguyen dao,tốt nhất 👍,5,Lazada,3,FALSE,,,,
Hồng Mang,mọi thứ điều tốt,5,Shopee,4,FALSE,,,,
Sinh Chau,rất tốt cho 5 sao,5,Sendo,5,FALSE,,,,
Anh Hải,giá cao,5,Tiki,2,FALSE,,,,
Dang Nham,nó rất khó không dễ dàng nó rất mất tiền các bạn đừng mua nha nó bán hàng sách đó ở đây không ai dám mua luôn á bán mắc như chó tôi sẽ không bao giờ mua đồ đó em tao còn không mua nữa em ta cùng gom hàng nhé tăng giá cao như quỷ không có ai thích mua đâu tôi hẹn gặp lại sau đây đến năm sao vì mày ngu quá quá trình mua hàng mickey,5,Lazada,81,FALSE,,,,
Mai Phương Nguyễn,trải nghiệm sử dụng app bán hàng thương mại điện tử tuyệt vời! nhà sáng lập tiên phong và có tầm nhìn. dịch vụ và trải nghiệm mua sắm tuyệt vời!,5,Shopee,31,FALSE,,,,
Tam Doan,tốt giá tiền ship không mắc,5,Sendo,6,FALSE,,,,
Nam Bùi,dao hàng nhanh đồ tốt không hỏng,5,Tiki,7,FALSE,,,,
Tuấn Vũ,không thể trách ứng dụng tiki được đa số là do các shop bị nhầm lẫn rất là nhiều,5,Tiki,19,FALSE,,,,
Gia Sĩ Trần,đat đẹp hợp lý,5,Tiki,4,FALSE,,,,
Thu Ni Thach,tui mua với giá 0 đồng hoài luôn,5,Shopee,8,FALSE,,,,
Quang Vinh Phan,ok e 👌👍👌👍,5,Sendo,3,TRUE,,,,
TRÂM ANH Channel,kkkkkkkkkkkkho €£,5,Tiki,2,TRUE,,,,
dang du,ok..đúng mẫu,5,Tiki,2,TRUE,,,,
Thanh Hùng Trần,good 👍👍👍,5,Sendo,2,TRUE,,,,
Vinh Nguyen,😬,5,Lazada,1,TRUE,,,,
Thanh Trần,shopee quá tuyệt vời......-))))),5,Shopee,4,TRUE,,,,
Nguyễn Tuấn Kiệt,👍👍👍👍👍,5,Lazada,1,TRUE,,,,
Bảo Phụng Lê Thị,rất hay 🥰🥰🥰🥰🥰,5,Shopee,3,TRUE,,,,
nguyen Huynh,🙂,5,Sendo,1,TRUE,,,,
Thanh Huỳnh,ok 😎,5,Tiki,2,TRUE,,,,
Hoang Them Lam,tốt.,5,Shopee,1,TRUE,,,,
Minh Anh Trần,😀😀😀😀,5,Tiki,1,TRUE,,,,
Minh Đức,3000000 ngôi sao,5,Tiki,3,TRUE,,,,
huyeen_nèk,🎇,5,Shopee,1,TRUE,,,,
Hung Khuat,"tiki có nhiều sản phẩm, đặc biệt là sách! nhiều chương trình khuyến mại, giảm giá hấp dẫn. hệ thống giao hàng tốt, đảm bảo!",5,Tiki,25,TRUE,,,,
Yt Ug,ok🐧🐧🐧🐧🐧🐧🐧🐧🐧🐧🐧🐧🐧🐧🐧🐧,5,Shopee,1,TRUE,,,,
Anh Võ diệp,đang tải.........😝😝,5,Tiki,2,TRUE,,,,
Thuc Tran Xuan,"tiki mua góp vừa rẻ,cửa hàng bán xe đức dũng nhân viên giao xe nhiệt tình tình,tận tâm hướng dẫn cách sử dụng xe.đại lý head honda đức dũng liên hệ thường xuyên hướng dẫn khách hàng làm thủ tục giấy tờ chi tiết",5,Tiki,44,TRUE,,,,
Đại Gia 38. Chợ,tốt.,5,Lazada,1,TRUE,,,,
Thanh Le,🤣,5,Sendo,1,TRUE,,,,
Đinh Thanh Thế,good 👍,5,Shopee,2,TRUE,,,,
Nguyen Thoai,tốt lắm.,5,Lazada,2,TRUE,,,,
NGA TRẦN KIM,ok tốt ❤️❤️❤️👍👍👍,5,Shopee,3,TRUE,,,,
phú b phong,嫁给基地吃家里啦,5,Tiki,1,TRUE,,,,
Phường Nguyễn văn,🙄🙄🙄🙄🙄🤨🥴🥴,5,Tiki,1,TRUE,,,,
Trần Kayao,tạm ổn👌,5,Shopee,2,TRUE,,,,
Ngọc Dũng Nguyễn,rất tốt..!,5,Sendo,2,TRUE,,,,
Lợi Lê,tốt 🥳,5,Lazada,2,TRUE,,,,
Giàu Trần,hài lòng!,5,Lazada,2,TRUE,,,,
Ánh Kim Ngô Thị,"tuyệt!!!,",5,Lazada,1,TRUE,,,,
Hiệu Dương,ok 👌,5,Shopee,2,TRUE,,,,
Tâm Trần,oki. ngon,5,Tiki,2,TRUE,,,,
quan nguyen,"khi liên hệ dễ dàng,chỉ cần ít thao tác,thuận lợi cho cả người lớn tuổi.các s/p đều đúng và tốt,nhanh chóng và thuận tiện.",5,Sendo,24,TRUE,,,,
Huệ Nguyễn,yêu lắmmmmm:)))),5,Lazada,2,TRUE,,,,
Nhieu Nguyen,okkkkkkkkkkkkkk,5,Sendo,1,TRUE,,,,
đệ gió,love tiki♥♥,5,Tiki,2,TRUE,,,,
Dung Đào,♥️♥️♥️♥️♥️♥️♥️♥️♥️♥️♥️♥️♥️♥️♥️♥️♥️♥️♥️♥️♥️♥️♥️♥️♥️♥️♥️♥️♥️♥️♥️♥️♥️♥️♥️♥️♥️♥️♥️♥️♥️♥️♥️♥️♥️♥️♥️♥️♥️♥️♥️♥️♥️♥️♥️♥️♥️♥️♥️♥️💯💯💯💯💯💯💯💯💯💯💯💯💯💯💯💯💯💯💯💯💯💯💯💯💯💯💯💯💯💯💯💯💯💯💯💯💯💯💯💯💯💯💯💯💯💯💯💯💯💯💯💯💯💯💯💯💯💯💯💯💯💯💯💯💯💯💯💯💯💯💯💯💯💯💯 tôi cảm ơn,5,Lazada,4,TRUE,,,,
Ly Phu,tuyệt!,5,Shopee,1,TRUE,,,,
THANH NGUYỄN,thằng tity rất là ok giao hàng nhanh như tên lửa cho thằng tyti 8******(8***$$$$$$),5,Tiki,15,TRUE,,,,
hihi hihi,👍,5,Lazada,1,TRUE,,,,
Ê Căm Y Thăm,rát tốt 👍👍👍👍👍👍👍👍,5,Lazada,3,TRUE,,,,
Anh kiệt Mai,tốt :d,5,Shopee,2,TRUE,,,,
Tâm Nguyễn,gsu. ỉ,5,Sendo,2,TRUE,,,,
Hieu Nguyen,tốt...,5,Lazada,1,TRUE,,,,
Yên Nguyễn,e bị bên vận chuyển hàng k giao hàng nhưng tự ý hủy đơn hàng của e 3 lần rồi ạ . cho e hỏi làm sao để liên hệ bên giao hàng thế,5,Tiki,34,TRUE,,,,
Hạnh Hoàng,cho 5⭐,5,Tiki,2,TRUE,,,,
Thinh Thinh,"oky mm,y",5,Sendo,2,TRUE,,,,
Long Nguyễn Ngọc,rất tốt.,5,Lazada,2,TRUE,,,,
Quyen Vo,hay lắm😘😘😘😘,5,Tiki,2,TRUE,,,,
truc kim,cho giá rẻ nữa thì được nhiều ****** ok,5,Lazada,9,TRUE,,,,
Bảo Hân Vũ Ngọc,tiện!,5,Shopee,1,TRUE,,,,
a nguyen,"xấu quá, mà đùa tí của việt nam mà, sịn vl thêm tính năng đổi nền nữa là siêu sịn luôn😆😆😆😆😆😆😆😆😆😆😆😆😆",5,Sendo,21,TRUE,,,,
Cao Huỳnh Như Hoa,ok tốt lắm ok 😁😁😁😁 😁😁 😁😁😁😁😁😁😁😁😁😁😁😁😁😁,5,Tiki,7,TRUE,,,,
Ngoc bich,okkkkkk,5,Lazada,1,TRUE,,,,
ngoc pham,lazada có cải thiện ngày càng tốt hơn rồi ạ. mong lazada tạo cơ hội để người dùng dễ dàng sử dụng mã giảm giá ạ.,5,Lazada,26,TRUE,,,,
Bối Bối,rất tốt!,5,Lazada,2,TRUE,,,,
Mỹ linh Thòng,tốt..,5,Sendo,1,TRUE,,,,
Uyên Mỹ,hay💗🙆,5,Lazada,1,TRUE,,,,
Duy Hưng,🍓❤️,5,Tiki,1,TRUE,,,,
Thuy Nguyen,tuyět luôn😍,5,Shopee,2,TRUE,,,,
sarich thach,tiep.vua,5,Sendo,1,TRUE,,,,
Tuan Nguyen,😊😊😊😊😊 ok,5,Tiki,2,TRUE,,,,
Toan Vo,tốt 👍👍👍,5,Shopee,2,TRUE,,,,
Thanh Hồ,ok. tạm...,5,Shopee,2,TRUE,,,,
One Lives No,😘🥰,5,Shopee,1,TRUE,,,,
Phuong Hung Ho,"ok,ok,ok",5,Shopee,1,TRUE,,,,
Sanzudepzaiii,tuyệt vờiiii😩,5,Lazada,2,TRUE,,,,
tiep sang,tot 5sao *****,5,Sendo,3,TRUE,,,,
Thúy Liễu Nguyễn,có mã giảm giá nhiều lắm mua đồ ok,5,Shopee,9,TRUE,,,,
Lý Phu San,good nhé.,5,Sendo,2,TRUE,,,,
Hải Vũ,👌,5,Tiki,1,TRUE,,,,
Trọng,hay. l,5,Sendo,2,TRUE,,,,
Hoàng Hồ,nice..,5,Shopee,1,TRUE,,,,
Văn Đông Hoàng,ok nhé.,5,Shopee,2,TRUE,,,,
Ngọc Quỳnh Lê,đơn hàng chưa có tín hiệu rời kho đã báo giao hàng thành công. người bán và cskh không hướng dẫ liên hệ và chỉ hướng dẫn hủy hàng yêu cầu có ảnh. đơn này đã được laz xử lý ổn thoả và hoàn tiền. đặt đơn sau của shop nước ngoài thành toán 100% bằng laz-re test thử thì thấy vẫn nhận được hàng đẹp như miêu tả nên chỉnh lại đánh giá.,5,Lazada,74,TRUE,,,,
Ngocthanh Tu,ok. chụi,5,Shopee,2,TRUE,,,,
Dạt Le,😀,5,Tiki,1,TRUE,,,,
Tung Nguyen,"app dùng ổn, nhiều nguồn hàng quốc tế và thấy đỡ loạn hơn. cả vụ tự động áp mã giảm giá tốt nhất cho khách nữa. nếu thường xuyên được freeship thì hoàn hảo luôn.",5,Lazada,35,TRUE,,,,
Ember Lin,thanks you shoppe vì mã giảm giá 80k 🥳🥰,5,Shopee,9,TRUE,,,,
Tú Cẩm,"beautiful,💓",5,Lazada,1,TRUE,,,,
vu dong,rất tuyệt!🤩😄,5,Lazada,2,TRUE,,,,
Ngọc Thiện Nguyễn,app rất hayyyyyyy,5,Sendo,3,TRUE,,,,
Bưởi Nguyễn,:))) mtp,5,Lazada,2,TRUE,,,,
Minh Hà Lam,"mã giảm giá để làm gì vậy ạ ? tôi hoàn hàng qua mã giảm giá nhưng khi mua hàng có khác gì lúc nó không giảm giá không . làm thì phải cho khách dùng chứ trời cũng là tiền của khách mà . làm ơn chia ra 2 phần tách biệt dùm đi . cái nào mà sản phẩm tự giảm theo chương trình seal,.. thì kệ làm riêng ra ,còn phần khách có mã giảm giá do mua hàng hoàn tiền qua mã thì để riêng ra để cho khách áp mã chứ . hoàn mã đã rồi không sài được không giảm được để làm gì giá khuyến mãi để làm gì ? cải thiện dùm",5,Lazada,120,TRUE,,,,
Chuong Nguyen,😊😊,5,Lazada,1,TRUE,,,,
Ngọc Ánh Hoàng Vũ,🥕,5,Tiki,1,TRUE,,,,
kim tus lê,oke .,5,Sendo,2,TRUE,,,,
Công Phạm Văn,tiện lợi.,5,Tiki,2,TRUE,,,,
Hồng Ninh Thị,nhanh .tốt,5,Lazada,2,TRUE,,,,
nhuquynh do,"rất tốt ,ổn ,giao hàng nhanh chóng ,tốt tốt ...............................133ttyuopppyt",5,Shopee,10,TRUE,,,,
Trường Tín Võ,nhiều mã giảm giá. thấy thích mua bên shoppe rùi đó,5,Shopee,11,TRUE,,,,
thư trần,. .,5,Shopee,2,TRUE,,,,
Huy Pham,tốt.,5,Tiki,1,TRUE,,,,
Mạnh Định Nguyễn,good 👍,5,Tiki,2,TRUE,,,,
Minh Nhat Minh,🙌🙏🙌🙏🙌🙏🙌🙏,5,Sendo,1,TRUE,,,,
Thanh Tuấn Bùi,cho 5 sao với nhiều cải tiến về đa dạng sản phẩm. các chương trình khuyến mại. gần đây có nhiều cải tiến phù hợp với nhu cầu của khách hàng.,5,Shopee,31,TRUE,,,,
TIẾN Nguyễn Văn,rất tốt giao trễ sẽ được được mã giảm giá nhưng chưa giao trễ cho tôi lần nào,5,Shopee,18,TRUE,,,,
Trần Nghĩa,"duianh,nai,máy,phiau",5,Tiki,1,TRUE,,,,
Dat Nguyen,"tốttttttttttttttt,nhưng ship hơi lâu",5,Sendo,4,TRUE,,,,
Thạo Nguyễn Văn,good!,5,Sendo,1,TRUE,,,,
Phuong Ho,"cập nhật 11/11 /2025 click xem sản phẩm báo ""xác nhận bạn có phải là robot"" xác nhận hình ảnh xong rồi mới dùng bình thường lúc trước có vậy đâu.",5,Lazada,31,TRUE,,,,
Anh Quỳnh,hay ho :))),5,Tiki,3,TRUE,,,,
KimThach nguyen,trân trọng.,5,Sendo,2,TRUE,,,,
Beo Hoa,"quá lỗi, đơn hàng đã giao tận tay cho khách nhưng vẫn hiện trạng thái đang giao hàng trên app. nhắn tin hỏi hỗ trợ mà hỏi một đằng thì nhân viên shoppe trả lời một nẻo, rep tin nhắn rõ lâu :))",5,Shopee,43,TRUE,,,,
Thắng Vĩnh Phúc,ok 👍,5,Shopee,2,TRUE,,,,
Nghi Van,👍👍,5,Lazada,1,TRUE,,,,
kien nguyen,ok.,5,Sendo,1,TRUE,,,,
Chính Ngân,tốt 5*,5,Tiki,2,TRUE,,,,
Đạt Hoàng,❤️,5,Lazada,1,TRUE,,,,
Huevan Thichnu,tốt ạ.,5,Shopee,2,TRUE,,,,
Vân Nguyễn Thị Nguyên,tuyệt vời!!!,5,Shopee,2,TRUE,,,,
Bang Nguyen,bc.,5,Tiki,1,TRUE,,,,
Tot Nguyen Van,ok.,5,Lazada,1,TRUE,,,,
Vũ Trần,cần thêm zalopay để rút tiền,5,Shopee,6,TRUE,,,,
An Lesy,ok chuẩn.,5,Sendo,2,TRUE,,,,
tran tuan anh,😚,5,Shopee,1,TRUE,,,,
Nguyễn Hà,😘,5,Sendo,1,TRUE,,,,
Tuyết Nghi Nguyễn Thị,dạo này lazada cải tiến đỉnh của choppppppp freeship là đánh trúng vào lòng con dân liềnnnnn,5,Lazada,17,TRUE,,,,
Hoa lan vtv,"10điểm ,10điểm",5,Sendo,2,TRUE,,,,
Ggw Cs,quá tốt.,5,Shopee,2,TRUE,,,,
Nga Hoàng,🔊🔊🔊🔊🔊,5,Tiki,1,TRUE,,,,
Thành Trần,👏,5,Tiki,1,TRUE,,,,
阮德勝學習中文,cứ giảm giá là không nhận được hàng.nhắn tin hỗ trợ khách hàng nhưng không giải quyết vấn để gì. 16/1/26 đã cho 5* lại 每次有折扣，商品都無法送達。我聯繫了客服，但他們沒有解決問題。 （2026年1月16日再次給予五星好評）,5,Shopee,27,TRUE,,,,
Tra Thanh,"mua hàng nhiều mã giảm giá. được trả hàng hoàn tiền dễ dàng nếu hàng có vấn đề. được miễn phí vận chuyển.giao hàng nhanh đỡ tốn thời gian đi ra cửa hàng,không ngại nắng mưa.nhưng cũng còn hàng không chính hãng nhiều nên mọi người mua phải cẩn thận.xem lượt bán cao không với xem phản hồi của khách hàng nếu ok thì đặt hàng .",5,Shopee,67,TRUE,,,,
jin,ít sp mà đắp 😠😠😬😬😬😬🌎😾😾😾😾,5,Tiki,5,TRUE,,,,
anh tú vlog,🤩🤩🤩😍😘😍,5,Sendo,1,TRUE,,,,
Long Huynh,verry good!,5,Sendo,2,TRUE,,,,
Phi Huỳnh,rat ok.,5,Lazada,2,TRUE,,,,
Hương Nguyễn,🥰🥰🥰🥰🥰🥰🥰🥰🥰🥰😍😍😍🤩🤩🤩🥳🥳🥳,5,Sendo,1,TRUE,,,,
nhiem nguyen,👌 nha,5,Sendo,2,TRUE,,,,
Duc Hoang,đa dạng sản phẩm và mã giảm giá,5,Lazada,8,TRUE,,,,
Sống Đời Phạm Hạnh,"mình thường mua sách trên tiki , chất lượng sách tốt,nếu như có nhiều mã giảm giá với free ship nữa thì thật tuyệt . khi sử dụng mua sắm hoàn tiền trên app mb , thì không quay về trang chủ của tiki để mua sắm được",5,Tiki,48,TRUE,,,,
Trần Bùi Tấn Tài,good.,5,Tiki,1,TRUE,,,,
Duyên Kim,👍👍👍,5,Shopee,1,TRUE,,,,
Đình Long Nguyễn,hài lòng..,5,Sendo,2,TRUE,,,,
ngan ly,saokhongcoso.dienthoaidekhachtuvan,5,Sendo,1,TRUE,,,,
Nhung Cẩm,😋😋😋,5,Sendo,1,TRUE,,,,
Lợi Lê,ko biết như nào??????,5,Lazada,4,TRUE,,,,
Ngọc Ly Trần,tuyệt ❤️,5,Shopee,2,TRUE,,,,
Thương Ngọc,thích shopee 😍😍😍😍🥰🥰🥰🥰😘😘😘😘,5,Shopee,3,TRUE,,,,
Duy Bhnuoch,quá ok..!🆗,5,Tiki,2,TRUE,,,,
R.A.S,app lm việc kiểu j z đăng kí có cái tk đợi gần 1 tiếng đông hồ ko thấy cái mã xác thực đâu 😡😡😡😡😡😡😡😡😡😡😡😡,5,Sendo,25,TRUE,,,,
De Gr,❤,5,Lazada,1,TRUE,,,,
Chi Le,ứng dụng shopee mua đồ ok 10 điểm 5 sao có cái ứng dụng này không tạo thêm tên số điện thoại người giao nên đi công chuyện nhà nhận khó khăn,5,Shopee,32,TRUE,,,,
Quang Lâm,c.on,5,Shopee,1,TRUE,,,,
THÚY HIỀN,good!👍,5,Sendo,1,TRUE,,,,
Năm hào Bé,👍🏿💪🏿,5,Lazada,1,TRUE,,,,
Cách Nguyễn cách,👍👍👍.,5,Shopee,1,TRUE,,,,
Anh hồng Hoàng,uk .,5,Tiki,2,TRUE,,,,
Trùm đầu trọc Saitama,tui thường giao hàng đúng ngày đúng lúc lun vậy tui cho 5 sao nhé cảm ơn shopeeeeeeeee,5,Shopee,18,TRUE,,,,
Phạm Thị Tố Như -11A8,tốt 👍👍,5,Sendo,2,TRUE,,,,
Hoàng Đặng Thanh,👌,5,Sendo,1,TRUE,,,,
Thị Tạo Nguyễn,cx dc nhưng mik ko hay sd nên ko biết mua kiểu cho dc mã giảm giá nx nên xóa nói chung app này cx nên thử,5,Tiki,27,TRUE,,,,
Lý Bạch Thảo,hài lòng!!!,5,Sendo,2,TRUE,,,,
Thinh Nguyên,". ., ., ......,. . ,,, .., . . .",5,Sendo,10,TRUE,,,,
Kim Ngân Lê,"vừa ý, thoải mái khi đặt mua tại shop pi.........",5,Shopee,10,TRUE,,,,
Hải lê Thanh,very good👌,5,Lazada,2,TRUE,,,,
Duy Nguyễn,😃😍😇🤔🤭🤬🤐😣🌚🥶💩😈💯😻❤️💝💗🦷👄👍👋✌️👌💅🙅🛌🏋️🤹🤽🦸👰👩‍🏫👶👩‍🦰👭🤰🌹🍄🍀🌬️🏖️🌦️🌈🌌🌎🐱🐷🦄🐇🐖🐘🐪🦇🐦🦐🐙🐞🍎🍇🍠🥐🍗🍕🍜🍤🍧🍫🧃🍺🍹🛑🚦🚒🚝🚊🛥️🚀🎠💒🏩🏦🌆🌐🎂🎄🥇🏐🥌🎯🥊🎴🎨🎷📺🎭📱🖥️💵🕯️🧻🧦👗🧥👛👠⚗️💉🧲🔗📌📔🗒️📂📭💌🕜🕖🕚🛎️🔮💣🔓❤️🟣🟩♐♀️⭕🚷🅾️㊗️🔆🔀⏮️📴🚸♻️↗️↔️🔚🆖🔢6️⃣🚾🛂☮️🕎♥️🔳💬🏳️‍🌈🇦🇱🇧🇧🇧🇫🇧🇸🇨🇭🇨🇳🇩🇰🇪🇸🇫🇰🇬🇲🇭🇰🇮🇲🇮🇸🇰🇬🇱🇮🇲🇪🇲🇲🇲🇻🇳🇨🇵🇦🇵🇳🇷🇺🇸🇪🇸🇹🇹🇭🇹🇹🇺🇾🇻🇳🏴󠁧󠁢󠁥󠁮󠁧󠁿,5,Sendo,1,TRUE,,,,
Tan Nguyen Ngoc,good!,5,Tiki,1,TRUE,,,,
Duy An pham,rất ok 👍👍👍👍👍👍👍👍👍👍👍👍👍👍👍👍👍👍👍👍👍👍👍👍,5,Lazada,3,TRUE,,,,
Quốc Đại,rất ok!,5,Lazada,2,TRUE,,,,
thinh ha,"tuyệt vơi,",5,Shopee,2,TRUE,,,,
Truong Vu,xem.. xech,5,Sendo,2,TRUE,,,,
Khánh Đặng,tot.khanhdang,5,Lazada,1,TRUE,,,,
Thuy Phạm Thanh thuy,***** 5/2/2022,5,Sendo,2,TRUE,,,,
Vtadx Vtadx,rất tốt!,5,Sendo,2,TRUE,,,,
Kim Hiền Mai,"minh mua o sendo cung vai nam roi , gia re , va con sd dc ma giam gia nhieu va nv giao hang it khi nao tu huy don ca . rat tien . tot nhieu",5,Sendo,37,TRUE,,,,
Chau Tan,tuyệt vời !!!....,5,Tiki,3,TRUE,,,,
Bui Thuan,ok nha 👌👌👌👌,5,Shopee,3,TRUE,,,,
Honored Charles,nếu nhiều mã giảm giá hơn,5,Shopee,6,TRUE,,,,
Thanh Duy Nguyễn,ứng dụng rất tiện lần đầu mua hàng còn được giảm 60k và miễn phí vận chuyển tôi rất thích việc này tôi mong shopee càng ngày càng phát triển hơn 🥰🥰🥰🥰🥰🥰🥰🥰🥰🥰🥰,5,Shopee,32,TRUE,,,,
MQuan,😶,5,Tiki,1,TRUE,,,,
Ngọc Diệu,tốt👍,5,Lazada,1,TRUE,,,,
Gia Phúc Nguyễn Ngọc,♡♡♡♡,5,Tiki,1,TRUE,,,,
Monn Tran,freeship :3,5,Tiki,2,TRUE,,,,
Hân Nguyễn Huân Gia,tốt 👍💯,5,Shopee,2,TRUE,,,,
ANH THƠ VÕ,"app xài ok, chỉ là mã giảm giá cho những ngày đặc biệt hơi ít, đổi trả hàng vẫn còn chậm nhưng bán hàng vẫn uy tín",5,Tiki,27,TRUE,,,,
Trần Hương,app ok.,5,Sendo,2,TRUE,,,,
Hau Manh,👍👍👍👍👍,5,Sendo,1,TRUE,,,,
trái dâu tằm,🫚🫚🫚,5,Sendo,1,TRUE,,,,
Trần Trúc Vy Trần,"app có nhiều mã giảm giá, nhiều ưu đãi lớn. nên tải về, dễ dùng và thao tác. xứng đáng 5 sao✓",5,Shopee,22,TRUE,,,,
Danh Vo,ok....!!!!,5,Sendo,1,TRUE,,,,
Dieu Ky,muối 10🔱🔱🔱🔱,5,Tiki,2,TRUE,,,,
Ngo Huong,rấtttttttt tuyệt vời,5,Tiki,3,TRUE,,,,
Thị Mỹ hanh Nguyen,tiếp tục ủng hộ........,5,Shopee,4,TRUE,,,,
HỒ TRANG,rất tốt.,5,Sendo,2,TRUE,,,,
thu phuong,"êm,tiện.",5,Tiki,1,TRUE,,,,
HOÀNG DŨNG NGUYÊN,good ...,5,Sendo,2,TRUE,,,,
Hung Lai,cho tôi thật nhiều mã giảm giá,5,Shopee,7,TRUE,,,,
Truong Tu Hao,like.,5,Sendo,1,TRUE,,,,
Binh Ha,bantumlumb🥵🥴😫💦💦,5,Lazada,1,TRUE,,,,
May Xốm ks “keoluc3 phà đánh kỳ son”,😘😘😘😘,5,Tiki,1,TRUE,,,,
Thu Minh,good!!,5,Shopee,1,TRUE,,,,
Ho Diep Uyen Uong,lzd ít có tình trạng shop tạo đơn ảo để tăng tương tác như bên shoppee đa số là ng mua thật vì ưu điểm là có cả phần đánh giá trải nghiệm lại sau 1 tháng. đồng thời hay có game tích xu đổi quà hoặc để áp dụng trừ tiền khi mua hàng và có nhiều mã giảm giá vào các khung giờ nhất định hoặc săn qua live tream. chính sách đổi hàng nhanh chóng hoàn tiền rõ ràng đảm bảo quyền lợi ng tiêu dùng. ủng hộ 100 sao,5,Lazada,93,TRUE,,,,
Be Giang,rất nhiều voucher nếu cho tôi đánh giá thì tôi sẽ đánh giá 100000000*,5,Lazada,14,TRUE,,,,
Luận Trần Tiến,....... 6 ..,5,Sendo,3,TRUE,,,,
Vuong Ha,😏,5,Sendo,1,TRUE,,,,
Vien Thanh,tốt 😆😆,5,Lazada,2,TRUE,,,,
Hải trân Trần,👍👍👍👍,5,Sendo,1,TRUE,,,,
Hai Mai,"ok,good",5,Lazada,1,TRUE,,,,
10 Gia Hằng,👍,5,Tiki,1,TRUE,,,,
Trucphuong Nguyenle,sản phẩm👌,5,Tiki,2,TRUE,,,,
Kin'z Thiên'z,rất tốt❤,5,Tiki,2,TRUE,,,,
Hao Nguyen thi,tôi thấy shopee là ứng dụng đc khá là nhiều người dùng.tôi cảm thấy shopee là một ứng dụng tốt vì nó có những thứ mà tôi ko thấy ở các cửa hàng và nó còn có các mã giảm giá rẻ hơn ở ngoài và đa dạng và phong phú nhiều sản phẩm cho người dùng.tôi cảm thấy rất hài lòng với ứng dụng shopee này,5,Shopee,67,TRUE,,,,
Hải Yến Hoàng,👰👰👰👰👰👰👰👰👰👰👰👰👰👰👰,5,Sendo,1,TRUE,,,,
to01 ghithu,tốt..,5,Lazada,1,TRUE,,,,
Minh Nguyen,ok.rat tot,5,Tiki,2,TRUE,,,,
Tùng Nguyễn,"nhanh, lẹ,tốt",5,Shopee,2,TRUE,,,,
Mạnh Định Nguyễn,good 👍,5,Sendo,2,TRUE,,,,
trung tran van,rất hay.,5,Tiki,2,TRUE,,,,
Huỳnh Tấn Xuyên,good app👍,5,Tiki,2,TRUE,,,,
hà hà huynhthithuha1988,thích ❤❤❤❤❤❤❤❤❤❤❤,5,Tiki,2,TRUE,,,,
Phượng Lâm kim,☆☆☆☆☆,5,Shopee,1,TRUE,,,,
TUẤN THANH NGUYỄN,rất hay và bổ ích quá đi 😊😊😊😊😊😊,5,Tiki,8,TRUE,,,,
Cong huy Nguyen,💯,5,Lazada,1,TRUE,,,,
Tâm lê,iu ❤❤❤❤,5,Tiki,2,TRUE,,,,
Tuấn khang Bui,🤭🤭🤭🤭,5,Tiki,1,TRUE,,,,
PhanThiThuHang,tuyệt vời!,5,Sendo,2,TRUE,,,,
Nguyen Lanh,gooo...,5,Lazada,1,TRUE,,,,
Uyên Nhi Lê Thị,✨rất oki✨,5,Lazada,2,TRUE,,,,
GIÁO SƯ IDOL,lazada *****,5,Lazada,2,TRUE,,,,
Tuyền Đỗ,good 👍👍👍👍👍👍,5,Sendo,2,TRUE,,,,
Hồ Vỹ,"mới tạo acc được phiếu giảm giá 500k còn đc tặng phiếu giảm giá 60k nữa, mua hàng giá rẻ áp mã giảm giá vào còn đc 0đ lùn ý, quá đỉnh luôn còn gì 😘😘",5,Shopee,36,TRUE,,,,
Nga Hoàng Yến,good 😀,5,Lazada,2,TRUE,,,,
Ca Sơn,tuyệt vời...🌺🌺,5,Sendo,2,TRUE,,,,
Thiên Phú Phạm Đỗ,quá tốt acc mới tạo còn đc mã giảm giá 60k-100k nữa lâu lâu acc mới còn đc mã giảm từ 10k-20k nữa quá ngon việc j ko tải?,5,Shopee,29,TRUE,,,,
Ngọc Hân Lê,"mê lắm nha , đặt hàng thì ko in tên sản phẩm , lại che sđt bảo mật",5,Tiki,18,TRUE,,,,
dai ja vip,ok 👌👍👍👍👍,5,Sendo,2,TRUE,,,,
Văn Xâm Phạm,rất ok nha nhưng giao hàng hơi lâu và muốn đổi số điện thoại cũng hơi khó phải tạo ních mới,5,Shopee,21,TRUE,,,,
Thanh Hải Lê,😀😀,5,Shopee,1,TRUE,,,,
Mạnh Lê,"ứng dụng rất tuyệt, giao diện dễ nhìn, có nhiều mã giảm giá, giao hàng nhanh..",5,Tiki,16,TRUE,,,,
Huyền Khánh,có nhiều mã giảm giá,5,Shopee,5,TRUE,,,,
huynh mong,râbư .hnutrhyef🍱🍙🍘🌮,5,Tiki,2,TRUE,,,,
Đức Hoàng,khi gặp vấn đề thì nên liên hệ đến bộ phận hỗ trợ khách hàng để dc giải quyết nhanh chóng👍👍👍,5,Tiki,21,TRUE,,,,
Chi Kim,tiện lượi!!!,5,Sendo,2,TRUE,,,,
Fyg,🤗,5,Lazada,1,TRUE,,,,
Chiến Võ,tôi đã mua rất nhiều ở sendo chợ việt còn có cả mã giảm giá nữa nên tôi đã đánh giá cho app 5sao,5,Sendo,24,TRUE,,,,
Phương Đỗ,mã giảm giá quã chất lương 👍👍👍👍,5,Sendo,7,TRUE,,,,
Duong Thuy,👍👍,5,Shopee,1,TRUE,,,,
Hồng Hải Trần,ok. ok,5,Sendo,2,TRUE,,,,
Hạnh Văn,♥️,5,Sendo,1,TRUE,,,,
Tiền Nguyễn Thị,♥️,5,Shopee,1,TRUE,,,,
Linh Hồ,😍😍😍😍,5,Lazada,1,TRUE,,,,
Thanh Nguyen,🥳🥳🥳🥳,5,Shopee,1,TRUE,,,,
Thanh Huy Chung,ok!,5,Sendo,1,TRUE,,,,
Linh Tran,"nhược: giao diện hơi khó dùng, ít mã giảm giá ưu: phương thức thanh toán dễ dàng, không bị bắt buộc nfc như sàn cam, giá nhìn chung thấp hơn sàn cam",5,Lazada,32,TRUE,,,,
Bảo linh Phan thị,tốt 👍👍👍👍👍,5,Sendo,2,TRUE,,,,
phương trang,👍👍👍👍👍👍,5,Tiki,1,TRUE,,,,
Tuan kiet Dinh,rất thích.,5,Sendo,2,TRUE,,,,
Kali Yah,=))) ổn,5,Shopee,2,TRUE,,,,
Thắng Nguyễn,"quá hay,😍",5,Shopee,2,TRUE,,,,
Minh Nguyễn,✅🆗💕,5,Sendo,1,TRUE,,,,
Út Huỳnh,"rất tốt, mình có zalo pay rồi sau liên kết thanh toán hóa đơn chưa chấp nhận ko được?",5,Sendo,19,TRUE,,,,
Phu Nhan,5 sao..,5,Sendo,2,TRUE,,,,
1 HAI1,😋🤪,5,Tiki,1,TRUE,,,,
Người dùng Google,thích .,5,Shopee,2,TRUE,,,,
Ngọc-8375 Nguyễn Thành,tốt 👍,5,Lazada,2,TRUE,,,,
Dinh Hong,oke 👌,5,Tiki,2,TRUE,,,,
Chi Hà,😆😆,5,Sendo,1,TRUE,,,,
ngô Đức Tiến,tốt 👍👍👍👍👍👍,5,Sendo,2,TRUE,,,,
SonTung Chau,"shopee tiện lợi lắm, có rất nhiều thứ để mình mua, có mã giảm giá nữa. nên tải về dùng nha",5,Shopee,21,TRUE,,,,
Vũ Đông Nguyễn,good..,5,Lazada,1,TRUE,,,,
Hồng Thái Bùi,dêdeddewdddx😙😐,5,Sendo,1,TRUE,,,,
Xuân Đỗ Thị,"đặt hàng trên lazada siêu yêu , chục lần như 1 hàng siêu ok , được trăm đơn t quay lại đánh giá tiếp á hhhhhhh",5,Lazada,26,TRUE,,,,
Thùy Xuân,trên cả tuyệt vời nào hãy lên mạng tải timmagiamgia . vn đi nha . ở đấy có rất nhiều mã giảm giá đấy...,5,Tiki,24,TRUE,,,,
Tấn Tài Võ,đc :),5,Shopee,2,TRUE,,,,
Cuong Do,",0,,,,,₫₫.",5,Sendo,1,TRUE,,,,
Ha Tran,"app rất tốt. tuy nhiên cần cải thiện mã giảm giá, mã freeship. khi chọn thanh toán, tự động chọn mã tốt nhất cho khách hàng, để khách hàng tự chọn nhiều khi cứ bị mã ko hợp lệ, mất thời gian.",5,Sendo,42,TRUE,,,,
Thu Hien Hoang,không lừa.,5,Tiki,2,TRUE,,,,
Long Nguyen,100 điểm.,5,Lazada,2,TRUE,,,,
Lonkkg Ankkg,😜,5,Shopee,1,TRUE,,,,
Nam Tran,hàng khá tốt có rất nhiều các mã giảm giá lên đến không đồng khi mới tải về 👍👍👍👍👍👍👍👍👍👍👍👍👍👍👍👍👍👍👍👍👍👍👍👍👍👍👍👍👍,5,Shopee,19,TRUE,,,,
Xuân Nguyễn thị,cho 10⭐⭐⭐⭐⭐⭐⭐⭐⭐⭐,5,Lazada,2,TRUE,,,,
Huy Mr.Đ,tuyệt vời...,5,Tiki,2,TRUE,,,,
lê? nhân (Tý nhỏ),⭐⭐⭐⭐⭐,5,Lazada,1,TRUE,,,,
Ky Luc,"ok,ngon",5,Sendo,1,TRUE,,,,
nhung tran,tôi ghét nhất những người đánh giá 1 sao😡😡😡😡😡😡😡 và thích đánh giá 5 sao❤❤❤❤❤❤❤❤❤,5,Lazada,15,TRUE,,,,
Tuấn Trương,"giao hàng nhanh, tốt và nhiều ưu đãi. xứng đáng 5 sao nha lazada. hahahahahahaaaaaaaaa!!!",5,Lazada,15,TRUE,,,,
Văn Doanh Vũ,"... ...,",5,Sendo,2,TRUE,,,,
Gió Đại Ngàn,☕☕,5,Tiki,1,TRUE,,,,
Liyoung Park,",,†zzaa azzzzzz,*,*#*†,,,,,,*,,,,,,,,,*\\\\©©©©",5,Lazada,2,TRUE,,,,
Trần Tý,tuỵt🤑,5,Sendo,1,TRUE,,,,
VanDung Pham,tuyệt !,5,Shopee,2,TRUE,,,,
Bảo Thắng Phạm,ok 👍👍👍👍👍👍,5,Tiki,2,TRUE,,,,
Đỗ Bình San,"sendo farm giá rẻ, đồ ăn tươi, luôn điểm nhận hàng gần khu mình ở, freeship mọi đơn, còn có mã giảm giá nữa. nói chung là rất nên thử nha mọi người",5,Sendo,33,TRUE,,,,
Thành Trung,"app tiki có quá ít mã giảm giá ,phí vận chuyển cao bù lại có cửa hàng yamaha bán phụ kiện phụ tùng xe chính hãng nên mua rất tiện",5,Tiki,30,TRUE,,,,
Bay Chu,ok.. tốt,5,Shopee,2,TRUE,,,,
Hong Truong,hhhiiiiii,5,Tiki,1,TRUE,,,,
Thuy Pham,đáng tiền.,5,Tiki,2,TRUE,,,,
phuong hong Hoang,tiện lợi.nhanh..,5,Shopee,2,TRUE,,,,
Đức Phan,tốt 🤣🤣,5,Tiki,2,TRUE,,,,
thanh dong trinh,ok....,5,Sendo,1,TRUE,,,,
Thanh đồng0378,ôk được...,5,Tiki,2,TRUE,,,,
Bảo Nguyễn,good hay😄😄😄😄,5,Tiki,2,TRUE,,,,
Bé Tư Nguyễn Thị,tốt. chuẩn,5,Sendo,2,TRUE,,,,
Đạt Trần,hài lòng.,5,Tiki,2,TRUE,,,,
Thuỷ Văn,hhhhhhhay ok,5,Lazada,2,TRUE,,,,
Phước Hữu,"sao tôi mua đồ trên ứng dụng sen đỏ cứ bảo nhâp số điện thoại,nhưng khi tôi nhập thì bảo số điện thoại đã đăng ký ứng dụng khác.nên tôi mua hàng không được,xin ứng dụng sen đỏ hướng dẩn dùm cám ơn.",5,Sendo,43,TRUE,,,,
Houl Trinh,good!!!,5,Sendo,1,TRUE,,,,
Lon Cai,tuyệt!,5,Sendo,1,TRUE,,,,
Ngoc Han746,quá rẻ💗,5,Shopee,2,TRUE,,,,
Lê Thị Anh thư,🥰,5,Sendo,1,TRUE,,,,
Nguyễn Anh,tốt. rẻ,5,Sendo,2,TRUE,,,,
Vu Le,rât tốt.,5,Lazada,2,TRUE,,,,
Dung Anh,shop liên hệ lại giúp mình với nhé,5,Tiki,8,TRUE,,,,
Lung Linh Ly,mình mua quen nên dễ add xu mã giảm giá dễ hỉu với trả hàng cũng dễ hơn bên khác,5,Lazada,20,TRUE,,,,
Phương Nguyễn Thị,❌❌ 😒,5,Shopee,2,TRUE,,,,
Đại Thống Võ,🤝👍👏,5,Sendo,1,TRUE,,,,
Loan Kim,💯,5,Tiki,1,TRUE,,,,
zoro boom,trên ưng dụng giá 0 đồng rất nhiều mà không mua được còn nhấn vào để xem bạn là người hay là người máy nhấn xong để lại sdt thanh toán à để thanh toán thế là bị gì vậy ạ trong khi mua là có địa chỉ số điện thoại có rồi à,5,Shopee,54,TRUE,,,,
Bình Chu,thích 👍,5,Sendo,2,TRUE,,,,
Thảo Nguyên,tốt lắm!,5,Tiki,2,TRUE,,,,
Vu Nguyen huu,high-quality service,5,Lazada,2,TRUE,,,,
Phat Dang,"ok, hahaha",5,Tiki,2,TRUE,,,,
Vinh NT 2,"tốt, rẻ",5,Shopee,2,TRUE,,,,
t Gshhahaayr,"tốt,đồ rẻ",5,Shopee,2,TRUE,,,,
Dung Van,xai duoc.,5,Lazada,2,TRUE,,,,
Nhung Ngô,ok!,5,Lazada,1,TRUE,,,,
Thùy Nguyễn,xịn.,5,Shopee,1,TRUE,,,,
Trần Phương Linh,cho nhìu mã giảm giá đi ạ,5,Lazada,7,TRUE,,,,
Phong Chau,ok 👍,5,Sendo,2,TRUE,,,,
Trần Thanh Trúc (Ká mắc kạn),làm sao để kiếm mã giảm giá trên app vậy,5,Tiki,10,TRUE,,,,
laivan ha,app như******** 🥰🥰,5,Tiki,3,TRUE,,,,
Nhiên cái bè Nguyễn,uu đãi tốt giá tận gốc mmmmmmmmmmm,5,Lazada,7,TRUE,,,,
Ky Tran Viet,good.,5,Shopee,1,TRUE,,,,
Lệ Thủy Nguyễn Thị,tốt!,5,Tiki,1,TRUE,,,,
Đititditf Ku ditfykfitditdidjtitr,🌾,5,Lazada,1,TRUE,,,,
Mai Quốc Hưng,. l.,5,Tiki,2,TRUE,,,,
Thông Nguyễn,mong có nhiều mã giảm giá cho mình ạ,5,Shopee,9,TRUE,,,,
Hoang Vu Nguyen,ok. mong có nhiều mã giảm giá hơn nữa để đc mua đồ tốt giá rẻ,5,Shopee,16,TRUE,,,,
Thị Bích Trần,hãy.giup.em.tai.lai.tieng.viet.nam.cam.on,5,Tiki,1,TRUE,,,,
Ngoc Dung Vo,uy tín...,5,Lazada,2,TRUE,,,,
Huyền Trần,nhiều đồ hay và đc nhiều mã giảm giá,5,Shopee,9,TRUE,,,,
Cuong Luu,😊😳😄😀,5,Tiki,1,TRUE,,,,
Minh Huynh,tot.,5,Shopee,1,TRUE,,,,
Thuân Phạm Văn,great!,5,Tiki,1,TRUE,,,,
Nam Phạm,trai nhiem cua roi rat hay va rat thu vi 👍👍👍👍👍👍,5,Sendo,11,TRUE,,,,
Duy Anh Nguyễn,ok. đợt này nhiều mã giảm giá. ưng nha laz,5,Lazada,10,TRUE,,,,
Nguyen Hoàng,ok.................................,5,Lazada,1,TRUE,,,,
thi le,"ứng dụng đa năng rất có ích và tiện, song vấn đề mua sắm qua ứng dụng này có thiết chế hơi ràn buộc người mua trong việc thanh toán. nên cho khách hàng chọn phương thức thanh toán cod mà không bị ràn buộc bởi tỉ lệ hủy đơn hàng đã đặc, bởi một số phương thức thanh toán khác như thẻ tín dụng ......nhiều khi không tiện đối với một số khách hàng, hơn nữa có khách hàng có vấn đề riêng tư và kỷ tính, chính vì vậy sendo cần linh hoạt hơn để việc mua sắm dể hơn thích hơn-xin cám ơn!",5,Sendo,106,TRUE,,,,
Trung Ho,hửu ích.tiệnlơi,5,Lazada,2,TRUE,,,,
Thuận Nguyễn,ngon lành.,5,Sendo,2,TRUE,,,,
Ngoan Nguyễn,ok..,5,Lazada,1,TRUE,,,,
Ric Nguyễn,"ok ,tốt",5,Lazada,2,TRUE,,,,
Nam Hoang,dùng được.,5,Sendo,2,TRUE,,,,
Nguyễn Thuý Nha,😉😉😇,5,Tiki,1,TRUE,,,,
Trang Phạm Huyền,"cái j thiếu chứ shopee k thể thiếu. ngày nào cx zo lướt lướt, nhiều năm trải nghiệm mua sắm trên ứng dụng rất ok. nhưng mong là shoppe cải thiện về thông tin liên lạc của shipper với mỗi đơn hàng. để khách hàng vs shipper có thể gọi điện, nhắn tin trực tiếp với nhau trên ứng dụng shopee về việc gửi ở nhà nào, hẹn giao hàng lúc mấy giờ. tôi k bt sđt của shipper là số nào, nên toi rất mong shopee hãy để thông tin liên lạc hoặc tạo thêm phần chát với shipper trên ứng dụng shopee. trâm trọng cảm ơn",5,Shopee,108,TRUE,,,,
Nguyễn Ngọc Yến Nhi 7.9,tốt :)),5,Tiki,2,TRUE,,,,
Điệp Nguyễn,hay vl:))),5,Shopee,2,TRUE,,,,
nhay Phung,ok 👌👌👌,5,Sendo,2,TRUE,,,,
VânNa Ngân,tốt 👍👍👍,5,Lazada,2,TRUE,,,,
Xmxmz Xmxms,băng naruto của mình được giao hàng 💙💙💙💙💙💙,5,Tiki,8,TRUE,,,,
Ngọc Nhi,tốt ❤,5,Sendo,2,TRUE,,,,
doo ly,"tuyệt vời 👍👍👍👍👍👍👍👍👍👍👍👍👍👍,shopee này sẽ tồn tại vĩnh cửu, mua hàng lúc nào fiship hết tặng vaochờ,",5,Shopee,17,TRUE,,,,
Anh Tuan Nguyen,ok thanks!,5,Lazada,2,TRUE,,,,
Đăng Phan,rất tuyệt!,5,Sendo,2,TRUE,,,,
NGOCj Le,như l............. giá tốt rất rẻ,5,Lazada,6,TRUE,,,,
Biên Phan,👍🏻👍🏻👍🏻👍🏻,5,Lazada,1,TRUE,,,,
Kokushibo Michikashu,tốt😎,5,Lazada,1,TRUE,,,,
Nam Nguyễn,tại sao tôi k thể đăng nhập bằng số điện thoại dc ?,5,Tiki,13,TRUE,,,,
Nie Nie,"v ,",5,Lazada,2,TRUE,,,,
Thanh Nguyễn,💯,5,Shopee,1,TRUE,,,,
tho voloc,👌okokk ....,5,Sendo,2,TRUE,,,,
Đèn cũ vẫn như trước,ổn.,5,Tiki,1,TRUE,,,,
Huân Nguyễn văn,nên thêm tí mã giảm giá chú mua nhiều hết tiền nhanh lắm,5,Lazada,13,TRUE,,,,
Thanh phong Nguyen,kiet.anh,5,Lazada,1,TRUE,,,,
Cường hùng Cường hùng,oke 👌,5,Lazada,2,TRUE,,,,
WEB: VayTotNhat.C0M,"gõ đúng trang vaytotnhat vay 8trd mình duyệt ngay cho, sẽ không bao giờ đặt hàng trong ứng dụng này nữa. đợi hàng thì lâu, shipper ko giao hàng lại để trạng thái người nhận từ chối nhận hàng. không có chức năng rõ ràng để khiếu nại, không có số điện thoại tổng đài để điện trực tiếp chỉ có thể thông qua con ai cleo. quá tệ",5,Lazada,69,TRUE,,,,
Nhung Tran,😍😘😚😙😗😇😊☺🙃🤗😀😃😆🤑,5,Sendo,1,TRUE,,,,
Gia Huệ,👍👍👍😁,5,Tiki,1,TRUE,,,,
Hoan Quang,quá đỉnh😁😁😁,5,Tiki,2,TRUE,,,,
Minh Luong,😘👍👍👍😘,5,Lazada,1,TRUE,,,,
Chừ Phùng,love 👍👍👍😄😁,5,Shopee,2,TRUE,,,,
ngoc dung,"mình đã mua nhiều lần và vẫn đang tiếp tục mua hàng, có nhiều mã giảm giá, uy tín, rất ok",5,Shopee,21,TRUE,,,,
Nghi Xuân,thêm chỗ số điện thoại và tên shipper để lúc gọi có thể bt mà bắt máy nha,5,Shopee,18,TRUE,,,,
2.Hồ Sấm Chanh,pheeeeee,5,Tiki,1,TRUE,,,,
Quỳnh Vũ như,👍🏻💓,5,Lazada,1,TRUE,,,,
Độc Cô Cầu Bại,5 sao.,5,Tiki,2,TRUE,,,,
Định Nguyễn Khoa,tốt nhất.,5,Sendo,2,TRUE,,,,
Hack FAN,💟,5,Sendo,1,TRUE,,,,
Ken Ken,good 👽👍,5,Lazada,2,TRUE,,,,
Khôi Đăng,🌹🌹🌹,5,Lazada,1,TRUE,,,,
Trường Nguyễn,tuyệt vời!,5,Lazada,2,TRUE,,,,
Luxury,🤣🤣,5,Tiki,1,TRUE,,,,
Nguyên Nguyễn Lê Thảo,"nhiều mã giảm giá rẻ, ship nhanh.",5,Shopee,7,TRUE,,,,
Ngô long Long ngo,hayyyyyyyy 💗,5,Lazada,2,TRUE,,,,
Huong My,👍,5,Shopee,1,TRUE,,,,
thuhv sp,tôi muốn mua hai bình rượu 10 lít và có đế gỗ nhưng shop giao cho tôi không được như ý vậy liên hệ với shop trả lại hai bình đựng rượu nó được không,5,Lazada,35,TRUE,,,,
Lê Nam Thắng,tuyệt zời!!!,5,Tiki,2,TRUE,,,,
